<container id="avs" name="Visualizations" component="guid:{0000000A-000C-0010-FF7B-01014263450C}" dynamic="1">

<layout id="normal" minimum_w="250" minimum_h="135" default_w="250" default_h="240">

<!-- Frame -->

	<Wasabi:Standardframe:Status
	x="0" y="0" w="0" relatw="1" h="0" relath="1"
	/>

	<hideobject target="statusbar.edge;standardframe.layoutstatus"/>

<!-- Component -->

	<component
	x="8" y="28" w="-16" relatw="1" h="-58" relath="1"
	param="{0000000A-000C-0010-FF7B-01014263450C}"
	/>

<!-- Layers -->

	<rect id="layer.avs.options" x="7" y="-25" relaty="1" w="153" h="18" filled="1" color="color.layers" ghost="1"/>
	<rect id="layer.avs.options" x="7" y="-25" relaty="1" w="153" h="18" filled="0" color="color.black" ghost="1"/>

	<rect id="layer.avs.empty" x="164" y="-25" relaty="1" w="-209" relatw="1" h="18" filled="1" color="color.layers" ghost="1"/>
	<rect id="layer.avs.empty" x="164" y="-25" relaty="1" w="-209" relatw="1" h="18" filled="0" color="color.black" ghost="1"/>

	<rect id="layer.avs.misc" x="-41" relatx="1" y="-25" relaty="1" w="34" h="18" filled="1" color="color.layers" ghost="1"/>
	<rect id="layer.avs.misc" x="-41" relatx="1" y="-25" relaty="1" w="34" h="18" filled="0" color="color.black" ghost="1"/>

<!-- AVS Option Buttons -->

	<button
	id="avs.fullscreen"
	action="VIS_FS"
	x="10" y="-22" relaty="1"
	image="fullscreen"
	downImage="fullscreen.down"
	tooltip="Fullscreen"
	/>

	<button
	id="avs.prev"
	action="VIS_PREV"
	x="77" y="-22" relaty="1"
	image="avs.prev"
	downImage="avs.prev.down"
	tooltip="Previous Preset"
	/>

	<button
	id="avs.next"
	action="VIS_NEXT"
	x="95" y="-22" relaty="1"
	image="avs.next"
	downImage="avs.next.down"
	tooltip="Next Preset"
	/>

	<togglebutton
	id="random"
	cfgattrib="{0000000A-000C-0010-FF7B-01014263450C};Random"
	x="113" y="-22" relaty="1"
	image="random.inactive"
	downImage="random.down"
	activeImage="random.active"
	tooltip="Toggle Random Presets"
	/>

	<button
	id="misc"
	action="VIS_MENU"
	x="-38" relatx="1" y="-22" relaty="1"
	image="misc"
	downImage="misc.down"
	tooltip="Misc"
	/>

</layout>

</container>