<elements>

	<!-- Custom Colors -->
	<color id="color.backgrounds" value="128,128,128" gammagroup="Backgrounds"/>
	<color id="color.fonts" value="128,128,128" gammagroup="Fonts"/>
	<color id="color.layers" value="128,128,128" gammagroup="Layers"/>
	<color id="color.black" value="0,0,0" gammagroup="Leds"/>

	<!-- Playlist/Media Library etc. List Colors -->
	<color id="wasabi.list.text" value="128,128,128" gammagroup="Fonts"/>
	<color id="wasabi.list.background" value="120,120,120" gammagroup="Layers"/>

	<!-- Playlist/Media Library etc. List Text Colors (Same numbers = same color/gammagroup = best) -->
	<color id="wasabi.list.text.selected.background" value="128,128,128" gammagroup="Selection"/> <!-- Selection bar (1) -->
	<color id="studio.list.item.selected" value="128,128,128" gammagroup="Selection"/> <!-- Selection bar (1) -->
	<color id="studio.list.item.focused" value="128,128,128" gammagroup="Selection"/> <!-- Selection bar (1) -->
	<color id="wasabi.list.text.selected.background.inactive" value="128,128,128" gammagroup="Selection"/> <!-- Selection bar (1) -->
	<color id="wasabi.list.text.selected" value="128,128,128" gammagroup="Fonts"/> <!-- Text within selection bar (2) -->
	<color id="wasabi.list.text.selected.inactive" value="128,128,128" gammagroup="Fonts"/> <!-- Text within selection bar (2) -->
	<color id="wasabi.list.text.current" value="128,128,128" gammagroup="Playing"/> <!-- Currently playing in playlist editor (3) -->

	<!-- Playlist/Media Library etc. Column Header Colors -->
	<color id="wasabi.list.column.background" value="120,120,120" gammagroup="Backgrounds"/>
	<color id="wasabi.list.column.text" value="128,128,128" gammagroup="Column Header Text"/>
	<color id="wasabi.list.column.frame.top" value="0,0,0" gammagroup="Backgrounds"/>
	<color id="wasabi.list.column.frame.middle" value="0,0,0" gammagroup="Backgrounds"/>
	<color id="wasabi.list.column.frame.bottom" value="120,120,120" gammagroup="Layers"/>
	<color id="wasabi.list.column.empty" value="120,120,120" gammagroup="Layers"/>

	<!-- Playlist/Media Library etc. Scrollbar Background Colors -->
	<color id="wasabi.scrollbar.foreground" value="50,50,50" gammagroup="Backgrounds"/>
	<color id="wasabi.scrollbar.background" value="50,50,50" gammagroup="Backgrounds"/>
	<color id="wasabi.scrollbar.foreground.inverted" value="50,50,50" gammagroup="Backgrounds"/>
	<color id="wasabi.scrollbar.background.inverted" value="50,50,50" gammagroup="Backgrounds"/>

	<!-- Playlist/Media Library etc. Text on Button Colors -->
	<color id="wasabi.button.text" value="0,0,0" gammagroup="Fonts"/>
	<color id="wasabi.button.hiliteText" value="0,0,0" gammagroup="Fonts"/>
	<color id="wasabi.button.dimmedText" value="0,0,0" gammagroup="Fonts"/>

	<!-- Free space next to scrollbar in Playlist Editor/frame Media Library -->
	<color id="wasabi.window.background" value="120,120,120" gammagroup="Layers"/> <!-- window background. -  If this color is not defined, a whole container is created in memory to extract a pixel, so specifying it makes skin loading faster -->

	<!-- Thin 1 pixel lines on Media Library frame and on Playlist Editor scrollbar -->
	<color id="wasabi.border.sunken" value="0,0,0" gammagroup="Fonts"/>

</elements>


<gammaset id="Winamp Classic">
	<gammagroup id="Backgrounds" value="-3000,-3000,-2200"/>
	<gammagroup id="Layers" value="-2000,-2000,-2000"/>
	<gammagroup id="Buttons" value="0,0,0"/>
	<gammagroup id="Fonts" value="-4096,4096,-4096"/>
	<gammagroup id="Playing" value="4096,-4096,-4096"/>
	<gammagroup id="Column Header Text" value="-4096,4096,-4096"/>
	<gammagroup id="Selection" value="-3000,-3000,-2200"/>
	<gammagroup id="Leds" value="0,0,0"/>
</gammaset>

<gammaset id="Art Nouveau">
	<gammagroup id="Backgrounds" value="3600,3600,3600"/>
	<gammagroup id="Layers" value="3600,3600,3600"/>
	<gammagroup id="Buttons" value="0,0,0"/>
	<gammagroup id="Fonts" value="3600,-1600,-3600"/>
	<gammagroup id="Playing" value="-4096,-4096,0"/>
	<gammagroup id="Column Header Text" value="3600,-1600,-3600"/>
	<gammagroup id="Selection" value="-1120,-1120,-1120"/>
	<gammagroup id="Leds" value="0,0,0"/>
</gammaset>

<gammaset id="Beach">
	<gammagroup id="Backgrounds" value="4064,2848,544"/>
	<gammagroup id="Layers" value="2400,3000,4096"/>
	<gammagroup id="Buttons" value="3456,608,608"/>
	<gammagroup id="Fonts" value="-4096,-4096,-2048"/>
	<gammagroup id="Playing" value="4096,-4096,-4096"/>
	<gammagroup id="Column Header Text" value="-4096,-4096,-2048"/>
	<gammagroup id="Selection" value="4064,2848,544"/>
	<gammagroup id="Leds" value="0,0,0"/>
</gammaset>

<gammaset id="Candy Land">
	<gammagroup id="Backgrounds" value="4096,2400,3200"/>
	<gammagroup id="Layers" value="2400,2400,4096"/>
	<gammagroup id="Buttons" value="3200,0,0"/>
	<gammagroup id="Fonts" value="4096,-2048,-2048"/>
	<gammagroup id="Playing" value="-4096,-4096,0"/>
	<gammagroup id="Column Header Text" value="4096,-2048,-2048"/>
	<gammagroup id="Selection" value="4096,2400,3200"/>
	<gammagroup id="Leds" value="0,0,0"/>
</gammaset>

<gammaset id="Caterpillar">
	<gammagroup id="Backgrounds" value="-3000,-3000,-2800"/>
	<gammagroup id="Layers" value="-3000,-3000,-2400"/>
	<gammagroup id="Buttons" value="0,0,0"/>
	<gammagroup id="Fonts" value="4096,3600,-4096"/>
	<gammagroup id="Playing" value="4096,-4096,-4096"/>
	<gammagroup id="Column Header Text" value="4096,3600,-4096"/>
	<gammagroup id="Selection" value="-1280,-1280,-800"/>
	<gammagroup id="Leds" value="0,0,0"/>
</gammaset>

<gammaset id="Chocolate">    
	<gammagroup id="Backgrounds" value="-1056,-1856,-2432"/>
	<gammagroup id="Layers" value="96,-800,-992"/>
	<gammagroup id="Buttons" value="0,-871,-1418"/>   
	<gammagroup id="Fonts" value="4032,-3104,-1248"/>
	<gammagroup id="Playing" value="-4096,-4096,0"/>
	<gammagroup id="Column Header Text" value="4032,-3104,-1248"/>
	<gammagroup id="Selection" value="4096,4096,1600"/>
	<gammagroup id="Leds" value="0,0,0"/>
</gammaset>

<gammaset id="Design">
	<gammagroup id="Backgrounds" value="2400,2400,2400"/>
	<gammagroup id="Layers" value="-1200,-1200,-1200"/>
	<gammagroup id="Buttons" value="0,0,0"/>
	<gammagroup id="Fonts" value="4096,-2048,-2048"/>
	<gammagroup id="Playing" value="-4096,-4096,0"/>
	<gammagroup id="Column Header Text" value="4096,-2048,-2048"/>
	<gammagroup id="Selection" value="2400,2400,2400"/>
	<gammagroup id="Leds" value="0,0,0"/>
</gammaset>

<gammaset id="Flower">
	<gammagroup id="Backgrounds" value="-4096,0,-2048"/>
	<gammagroup id="Layers" value="3872,2208,-1312"/>
	<gammagroup id="Buttons" value="-320,640,-320"/>
	<gammagroup id="Fonts" value="2304,-4096,-1792"/>
	<gammagroup id="Playing" value="-4096,-4096,0"/>
	<gammagroup id="Column Header Text" value="2304,-4096,-1792"/>
	<gammagroup id="Selection" value="-4096,0,-2048"/>
	<gammagroup id="Leds" value="0,0,0"/>
</gammaset>

<gammaset id="Forest">
	<gammagroup id="Backgrounds" value="-4096,-896,-1536"/>
	<gammagroup id="Layers" value="-1952,-160,-928"/>
	<gammagroup id="Buttons" value="-307,-351,-1037"/>
	<gammagroup id="Fonts" value="4096,4096,4096"/>
	<gammagroup id="Playing" value="4096,-4096,-4096"/>
	<gammagroup id="Column Header Text" value="4096,4096,4096"/>
	<gammagroup id="Selection" value="-4096,-896,-1536"/>
	<gammagroup id="Leds" value="0,0,0"/>
</gammaset>

<gammaset id="Grass">
	<gammagroup id="Backgrounds" value="1792,3136,1792"/>
	<gammagroup id="Layers" value="2720,2016,2016"/>
	<gammagroup id="Buttons" value="1647,-336,335"/>
	<gammagroup id="Fonts" value="3392,-4096,-1088"/>
	<gammagroup id="Playing" value="-4096,-4096,0"/>
	<gammagroup id="Column Header Text" value="3392,-4096,-1088"/>
	<gammagroup id="Selection" value="1792,3136,1792"/>
	<gammagroup id="Leds" value="0,0,0"/>
</gammaset>

<gammaset id="High Voltage">
	<gammagroup id="Backgrounds" value="-1024,-1024,-1024"/>
	<gammagroup id="Layers" value="3872,2208,-1312"/>
	<gammagroup id="Buttons" value="0,0,0"/>
	<gammagroup id="Fonts" value="4096,4096,4096"/>
	<gammagroup id="Playing" value="4096,-4096,-4096"/>
	<gammagroup id="Column Header Text" value="4096,4096,4096"/>
	<gammagroup id="Selection" value="-1024,-1024,-1024"/>
	<gammagroup id="Leds" value="0,0,0"/>
</gammaset>

<gammaset id="Holland">
	<gammagroup id="Backgrounds" value="4064,-352,-3424"/>
	<gammagroup id="Layers" value="4064,2272,1088"/>
	<gammagroup id="Buttons" value="44096,-512,-1618"/>
	<gammagroup id="Fonts" value="-4096,-4096,0"/>
	<gammagroup id="Playing" value="4096,-4096,-4096"/>
	<gammagroup id="Column Header Text" value="-4096,-4096,0"/>
	<gammagroup id="Selection" value="4064,-352,-3424"/>
	<gammagroup id="Leds" value="0,0,0"/>
</gammaset>

<gammaset id="Ice">    
	<gammagroup id="Backgrounds" value="3072,3680,3680"/>
	<gammagroup id="Layers" value="1664,3072,3072"/>
	<gammagroup id="Buttons" value="-18,-18,631"/>
	<gammagroup id="Fonts" value="-4096,448,2624"/>
	<gammagroup id="Playing" value="4096,-4096,-4096"/>
	<gammagroup id="Column Header Text" value="-4096,448,2624"/>
	<gammagroup id="Selection" value="4096,4096,4096"/>
	<gammagroup id="Leds" value="0,0,0"/>
</gammaset>

<gammaset id="Jelly Fish">
	<gammagroup id="Backgrounds" value="3040,864,1024"/>
	<gammagroup id="Layers" value="3456,2176,2272"/>
	<gammagroup id="Buttons" value="4096,0,0"/>
	<gammagroup id="Fonts" value="0,-4096,-4096"/>
	<gammagroup id="Playing" value="-4096,-4096,0"/>
	<gammagroup id="Column Header Text" value="0,-4096,-4096"/>
	<gammagroup id="Selection" value="4096,4096,4096"/>
	<gammagroup id="Leds" value="0,0,0"/>
</gammaset>

<gammaset id="Lavender">
	<gammagroup id="Backgrounds" value="-1280,-1312,-768"/>
	<gammagroup id="Layers" value="224,224,768"/>
	<gammagroup id="Buttons" value="-216,-336,1366"/>
	<gammagroup id="Fonts" value="160,3200,304"/>
	<gammagroup id="Playing" value="4096,-4096,-4096"/>
	<gammagroup id="Column Header Text" value="160,3200,304"/>
	<gammagroup id="Selection" value="-1280,-1312,-768"/>
	<gammagroup id="Leds" value="0,0,0"/>
</gammaset>

<gammaset id="Metal">
	<gammagroup id="Backgrounds" value="2848,2848,2848"/>
	<gammagroup id="Layers" value="2048,2048,2048"/>
	<gammagroup id="Buttons" value="0,0,0"/>
	<gammagroup id="Fonts" value="-2000,-2000,-2000"/>
	<gammagroup id="Playing" value="4096,-4096,-4096"/>
	<gammagroup id="Column Header Text" value="-2000,-2000,-2000"/>
	<gammagroup id="Selection" value="4096,4096,4096"/>
	<gammagroup id="Leds" value="0,0,0"/>
</gammaset>

<gammaset id="Night">
	<gammagroup id="Backgrounds" value="-3000,-3000,-2800"/>
	<gammagroup id="Layers" value="-3000,-3000,-2400"/>
	<gammagroup id="Buttons" value="-656,0,0"/>
	<gammagroup id="Fonts" value="416,2496,2656"/>
	<gammagroup id="Playing" value="4096,-4096,-4096"/>
	<gammagroup id="Column Header Text" value="416,2496,2656"/>
	<gammagroup id="Selection" value="-1280,-1280,-800"/>
	<gammagroup id="Leds" value="0,0,0"/>
</gammaset>

<gammaset id="Purple Heart">
	<gammagroup id="Backgrounds" value="-3584,-4096,-2048"/>
	<gammagroup id="Layers" value="-3008,-2144,-1312"/>
	<gammagroup id="Buttons" value="0,0,0"/>
	<gammagroup id="Fonts" value="2784,-3072,-1440"/>
	<gammagroup id="Playing" value="-4096,-4096,4096"/>
	<gammagroup id="Column Header Text" value="2784,-3072,-1440"/>
	<gammagroup id="Selection" value="-3584,-4096,-2048"/>
	<gammagroup id="Leds" value="0,0,0"/>
</gammaset>

<gammaset id="Sailor">
	<gammagroup id="Backgrounds" value="-4096,-2048,0"/>
	<gammagroup id="Layers" value="4096,0,-2048"/>
	<gammagroup id="Buttons" value="0,0,0"/>
	<gammagroup id="Fonts" value="3000,3000,3000"/>
	<gammagroup id="Playing" value="4096,-4096,-4096"/>
	<gammagroup id="Column Header Text" value="3000,3000,3000"/>
	<gammagroup id="Selection" value="-4096,-2048,0"/>
	<gammagroup id="Leds" value="0,0,0"/>
</gammaset>

<gammaset id="Sand">
	<gammagroup id="Backgrounds" value="2624,2368,1536"/>
	<gammagroup id="Layers" value="3200,3100,3000"/>
	<gammagroup id="Buttons" value="640,-128,-128"/>
	<gammagroup id="Fonts" value="0,-4096,-4096"/>
	<gammagroup id="Playing" value="-4096,-4096,0"/>
	<gammagroup id="Column Header Text" value="0,-4096,-4096"/>
	<gammagroup id="Selection" value="0,0,0"/>
	<gammagroup id="Leds" value="0,0,0"/>
</gammaset>

<gammaset id="Sky">
	<gammagroup id="Backgrounds" value="320,1728,4096"/>
	<gammagroup id="Layers" value="1568,2496,4096"/>
	<gammagroup id="Buttons" value="1355,1355,1355"/>
	<gammagroup id="Fonts" value="-4096,-4096,-2048"/>
	<gammagroup id="Playing" value="4096,-4096,-4096"/>
	<gammagroup id="Column Header Text" value="-4096,-4096,-2048"/>
	<gammagroup id="Selection" value="4096,4096,4096"/>
	<gammagroup id="Leds" value="0,0,0"/>
</gammaset>

<gammaset id="Soviet">
	<gammagroup id="Backgrounds" value="0,-4096,-4096"/>
	<gammagroup id="Layers" value="800,-2000,-2000"/>
	<gammagroup id="Buttons" value="1664,0,-1664"/>
	<gammagroup id="Fonts" value="4096,4096,-4096"/>
	<gammagroup id="Playing" value="-4096,-4096,0"/>
	<gammagroup id="Column Header Text" value="4096,4096,-4096"/>
	<gammagroup id="Selection" value="0,-4096,-4096"/>
	<gammagroup id="Leds" value="0,0,0"/>
</gammaset>

<gammaset id="Swamp">
	<gammagroup id="Backgrounds" value="448,480,-512"/>
	<gammagroup id="Layers" value="2080,2048,448"/>
	<gammagroup id="Buttons" value="597,597,-482"/>
	<gammagroup id="Fonts" value="-4096,-1600,-2400"/>
	<gammagroup id="Playing" value="4096,-4096,-4096"/>
	<gammagroup id="Column Header Text" value="-4096,-1600,-2400"/>
	<gammagroup id="Selection" value="448,480,-512"/>
	<gammagroup id="Leds" value="0,0,0"/>
</gammaset>

<gammaset id="Sweden">
	<gammagroup id="Backgrounds" value="-4096,-2112,-1376"/>
	<gammagroup id="Layers" value="2464,1312,-1408"/>
	<gammagroup id="Buttons" value="1152,448,-768"/>
	<gammagroup id="Fonts" value="-4096,-2000,-1200"/>
	<gammagroup id="Playing" value="4096,-4096,-4096"/>
	<gammagroup id="Column Header Text" value="2208,1440,-1152"/>
	<gammagroup id="Selection" value="-4096,-1152,0"/>
	<gammagroup id="Leds" value="0,0,0"/>
</gammaset>