<elements>

<!-- Layers -->

	<bitmap id="layer.all.purpose.grey" file="images/layer-all-purpose.png" x="1" y="0" w="1" h="1" gammagroup="Layers"/>
	<bitmap id="layer.all.purpose.black" file="images/layer-all-purpose.png" x="0" y="0" w="1" h="1" gammagroup="Layers"/>
	<bitmap id="layer.player.vu" file="images/layer-player-vu.png" gammagroup="Layers"/>
	<bitmap id="layer.player.vis" file="images/layer-player-vis.png" gammagroup="Layers"/>
	<bitmap id="layer.player.slider" file="images/layer-player-slider.png" gammagroup="Layers"/>
	<bitmap id="layer.eq.preamp" file="images/layer-eq-preamp.png" gammagroup="Layers"/>
	<bitmap id="layer.eq.balance" file="images/layer-eq-balance.png" gammagroup="Layers"/>
	<bitmap id="layer.eq.crossfade" file="images/layer-eq-crossfade.png" gammagroup="Layers"/>
	<bitmap id="layer.eq.slider" file="images/layer-eq-slider.png" gammagroup="Layers"/>
	<bitmap id="layer.eq.spline" file="images/layer-eq-spline.png" gammagroup="Layers"/>
	<bitmap id="layer.eq.compact.slider" file="images/layer-eq-compact-slider.png" gammagroup="Layers"/>
	<bitmap id="layer.vu.monitor.led" file="images/layer-vu-led.png" gammagroup="Layers"/>
	<bitmap id="layer.notifier.preferences.slider" file="images/layer-notifier-preferences-slider.png" gammagroup="Layers"/>

<!-- VU Meters -->

	<!-- Bar/Dot Mode Selectors -->
	<bitmap id="bar.dot.small.bar" file="images/elements.png" x="202" y="32" w="10" h="10" gammagroup="Buttons"/>
	<bitmap id="bar.dot.small.dot" file="images/elements.png" x="202" y="42" w="10" h="10" gammagroup="Buttons"/>
	<bitmap id="bar.dot.small.down" file="images/elements.png" x="202" y="52" w="10" h="10" gammagroup="Buttons"/>
	<bitmap id="bar.dot.large.bar" file="images/elements.png" x="212" y="32" w="10" h="12" gammagroup="Buttons"/>
	<bitmap id="bar.dot.large.dot" file="images/elements.png" x="212" y="44" w="10" h="12" gammagroup="Buttons"/>
	<bitmap id="bar.dot.large.down" file="images/elements.png" x="212" y="56" w="10" h="12" gammagroup="Buttons"/> 

	<!-- Animated Layers -->
	<bitmap id="frames.vu.player.bar" file="images/frames-vu-player-bar.png" gammagroup="Leds"/>
	<bitmap id="frames.vu.player.dot" file="images/frames-vu-player-dot.png" gammagroup="Leds"/>
	<bitmap id="frames.vu.player.compact" file="images/frames-vu-player-compact.png" gammagroup="Leds"/>
	<bitmap id="frames.vu.monitor.bar" file="images/frames-vu-monitor-bar.png" gammagroup="Leds"/>
	<bitmap id="frames.vu.monitor.dot" file="images/frames-vu-monitor-dot.png" gammagroup="Leds"/>
	<bitmap id="frames.vu.monitor.analog" file="images/frames-vu-monitor-analog.png" gammagroup="Leds"/>

<!-- Buttons -->

	<!-- Menu/Window -->
	<bitmap id="menu" file="images/elements.png" x="0" y="0" w="10" h="10" gammagroup="Buttons"/>
	<bitmap id="menu.down" file="images/elements.png" x="10" y="0" w="10" h="10" gammagroup="Buttons"/>
	<bitmap id="control" file="images/elements.png" x="20" y="0" w="10" h="10" gammagroup="Buttons"/>
	<bitmap id="control.down" file="images/elements.png" x="30" y="0" w="10" h="10" gammagroup="Buttons"/>
	<bitmap id="min" file="images/elements.png" x="40" y="0" w="10" h="10" gammagroup="Buttons"/>
	<bitmap id="min.down" file="images/elements.png" x="50" y="0" w="10" h="10" gammagroup="Buttons"/>
	<bitmap id="compact" file="images/elements.png" x="60" y="0" w="10" h="10" gammagroup="Buttons"/>
	<bitmap id="compact.down" file="images/elements.png" x="70" y="0" w="10" h="10" gammagroup="Buttons"/>
	<bitmap id="close" file="images/elements.png" x="80" y="0" w="10" h="10" gammagroup="Buttons"/>
	<bitmap id="close.down" file="images/elements.png" x="90" y="0" w="10" h="10" gammagroup="Buttons"/>

	<!-- Slider Thumbs -->
	<bitmap id="horizontal.slider" file="images/elements.png" x="100" y="0" w="5" h="10" gammagroup="Buttons"/>
	<bitmap id="horizontal.slider.down" file="images/elements.png" x="105" y="0" w="5" h="10" gammagroup="Buttons"/>
	<bitmap id="vertical.slider" file="images/elements.png" x="110" y="0" w="10" h="5" gammagroup="Buttons"/>
	<bitmap id="vertical.slider.down" file="images/elements.png" x="110" y="5" w="10" h="5" gammagroup="Buttons"/>

	<!-- Player Playback Buttons -->
	<bitmap id="previous" file="images/elements.png" x="0" y="20" w="12" h="12" gammagroup="Buttons"/>
	<bitmap id="previous.down" file="images/elements.png" x="12" y="20" w="12" h="12" gammagroup="Buttons"/>
	<bitmap id="play" file="images/elements.png" x="24" y="20" w="12" h="12" gammagroup="Buttons"/>
	<bitmap id="play.down" file="images/elements.png" x="36" y="20" w="12" h="12" gammagroup="Buttons"/>
	<bitmap id="pause" file="images/elements.png" x="48" y="20" w="12" h="12" gammagroup="Buttons"/>
	<bitmap id="pause.down" file="images/elements.png" x="60" y="20" w="12" h="12" gammagroup="Buttons"/>
	<bitmap id="stop" file="images/elements.png" x="72" y="20" w="12" h="12" gammagroup="Buttons"/>
	<bitmap id="stop.down" file="images/elements.png" x="84" y="20" w="12" h="12" gammagroup="Buttons"/>
	<bitmap id="next" file="images/elements.png" x="96" y="20" w="12" h="12" gammagroup="Buttons"/>
	<bitmap id="next.down" file="images/elements.png" x="108" y="20" w="12" h="12" gammagroup="Buttons"/>
	<bitmap id="eject" file="images/elements.png" x="120" y="20" w="12" h="12" gammagroup="Buttons"/>
	<bitmap id="eject.down" file="images/elements.png" x="132" y="20" w="12" h="12" gammagroup="Buttons"/>

	<!-- Player Playback Buttons Compact Mode -->
	<bitmap id="previous.compact" file="images/elements.png" x="0" y="10" w="10" h="10" gammagroup="Buttons"/>
	<bitmap id="previous.down.compact" file="images/elements.png" x="10" y="10" w="10" h="10" gammagroup="Buttons"/>
	<bitmap id="play.compact" file="images/elements.png" x="20" y="10" w="10" h="10" gammagroup="Buttons"/>
	<bitmap id="play.down.compact" file="images/elements.png" x="30" y="10" w="10" h="10" gammagroup="Buttons"/>
	<bitmap id="pause.compact" file="images/elements.png" x="40" y="10" w="10" h="10" gammagroup="Buttons"/>
	<bitmap id="pause.down.compact" file="images/elements.png" x="50" y="10" w="10" h="10" gammagroup="Buttons"/>
	<bitmap id="stop.compact" file="images/elements.png" x="60" y="10" w="10" h="10" gammagroup="Buttons"/>
	<bitmap id="stop.down.compact" file="images/elements.png" x="70" y="10" w="10" h="10" gammagroup="Buttons"/>
	<bitmap id="next.compact" file="images/elements.png" x="80" y="10" w="10" h="10" gammagroup="Buttons"/>
	<bitmap id="next.down.compact" file="images/elements.png" x="90" y="10" w="10" h="10" gammagroup="Buttons"/>
	<bitmap id="eject.compact" file="images/elements.png" x="100" y="10" w="10" h="10" gammagroup="Buttons"/>
	<bitmap id="eject.down.compact" file="images/elements.png" x="110" y="10" w="10" h="10" gammagroup="Buttons"/>

	<!-- Player Playback Option Buttons -->
	<bitmap id="cross.active" file="images/elements.png" x="76" y="32" w="14" h="12" gammagroup="Buttons"/>
	<bitmap id="cross.inactive" file="images/elements.png" x="90" y="32" w="14" h="12" gammagroup="Buttons"/>
	<bitmap id="cross.down" file="images/elements.png" x="104" y="32" w="14" h="12" gammagroup="Buttons"/>
	<bitmap id="shuffle.active" file="images/elements.png" x="76" y="44" w="14" h="12" gammagroup="Buttons"/>
	<bitmap id="shuffle.inactive" file="images/elements.png" x="90" y="44" w="14" h="12" gammagroup="Buttons"/>
	<bitmap id="shuffle.down" file="images/elements.png" x="104" y="44" w="14" h="12" gammagroup="Buttons"/>
	<bitmap id="repeat.active" file="images/elements.png" x="76" y="56" w="14" h="12" gammagroup="Buttons"/>
	<bitmap id="repeat.inactive" file="images/elements.png" x="90" y="56" w="14" h="12" gammagroup="Buttons"/>
	<bitmap id="repeat.down" file="images/elements.png" x="104" y="56" w="14" h="12" gammagroup="Buttons"/>

	<!-- Player Component Toggling Buttons -->
	<bitmap id="eq.active" file="images/elements.png" x="0" y="32" w="19" h="12" gammagroup="Buttons"/>
	<bitmap id="eq.inactive" file="images/elements.png" x="0" y="44" w="19" h="12" gammagroup="Buttons"/>
	<bitmap id="eq.down" file="images/elements.png" x="0" y="56" w="19" h="12" gammagroup="Buttons"/>
	<bitmap id="vu.active" file="images/elements.png" x="19" y="32" w="19" h="12" gammagroup="Buttons"/>
	<bitmap id="vu.inactive" file="images/elements.png" x="19" y="44" w="19" h="12" gammagroup="Buttons"/>
	<bitmap id="vu.down" file="images/elements.png" x="19" y="56" w="19" h="12" gammagroup="Buttons"/>
	<bitmap id="pl.active" file="images/elements.png" x="38" y="32" w="19" h="12" gammagroup="Buttons"/>
	<bitmap id="pl.inactive" file="images/elements.png" x="38" y="44" w="19" h="12" gammagroup="Buttons"/>
	<bitmap id="pl.down" file="images/elements.png" x="38" y="56" w="19" h="12" gammagroup="Buttons"/>
	<bitmap id="ml.active" file="images/elements.png" x="57" y="32" w="19" h="12" gammagroup="Buttons"/>
	<bitmap id="ml.inactive" file="images/elements.png" x="57" y="44" w="19" h="12" gammagroup="Buttons"/>
	<bitmap id="ml.down" file="images/elements.png" x="57" y="56" w="19" h="12" gammagroup="Buttons"/>

	<!-- Player Playback Status -->
	<bitmap id="led.play" file="images/elements.png" x="193" y="21" w="5" h="5" gammagroup="Leds"/>
	<bitmap id="led.pause" file="images/elements.png" x="193" y="26" w="5" h="5" gammagroup="Leds"/>
	<bitmap id="led.stop" file="images/elements.png" x="193" y="26" w="5" h="5" gammagroup="Leds"/>

	<!-- Equalizer Buttons -->
	<bitmap id="on.active" file="images/elements.png" x="120" y="0" w="21" h="10" gammagroup="Buttons"/>
	<bitmap id="on.inactive" file="images/elements.png" x="141" y="0" w="21" h="10" gammagroup="Buttons"/>
	<bitmap id="on.down" file="images/elements.png" x="162" y="0" w="21" h="10" gammagroup="Buttons"/>
	<bitmap id="auto.active" file="images/elements.png" x="120" y="10" w="21" h="10" gammagroup="Buttons"/>
	<bitmap id="auto.inactive" file="images/elements.png" x="141" y="10" w="21" h="10" gammagroup="Buttons"/>
	<bitmap id="auto.down" file="images/elements.png" x="162" y="10" w="21" h="10" gammagroup="Buttons"/>
	<bitmap id="presets" file="images/elements.png" x="183" y="0" w="18" h="10" gammagroup="Buttons"/>
	<bitmap id="presets.down" file="images/elements.png" x="183" y="10" w="18" h="10" gammagroup="Buttons"/>

	<!-- Playlist Editor Buttons -->
	<bitmap id="add" file="images/elements.png" x="144" y="20" w="12" h="12" gammagroup="Buttons"/>
	<bitmap id="add.down" file="images/elements.png" x="156" y="20" w="12" h="12" gammagroup="Buttons"/>
	<bitmap id="rem" file="images/elements.png" x="168" y="20" w="12" h="12" gammagroup="Buttons"/>
	<bitmap id="rem.down" file="images/elements.png" x="180" y="20" w="12" h="12" gammagroup="Buttons"/>
	<bitmap id="sel" file="images/elements.png" x="0" y="101" w="14" h="12" gammagroup="Buttons"/>
	<bitmap id="sel.down" file="images/elements.png" x="0" y="113" w="14" h="12" gammagroup="Buttons"/>
	<bitmap id="misc" file="images/elements.png" x="14" y="101" w="28" h="12" gammagroup="Buttons"/>
	<bitmap id="misc.down" file="images/elements.png" x="14" y="113" w="28" h="12" gammagroup="Buttons"/>
	<bitmap id="list" file="images/elements.png" x="42" y="101" w="28" h="12" gammagroup="Buttons"/>
	<bitmap id="list.down" file="images/elements.png" x="42" y="113" w="28" h="12" gammagroup="Buttons"/>

	<!-- Video Buttons -->
	<bitmap id="fullscreen" file="images/elements.png" x="70" y="101" w="65" h="12" gammagroup="Buttons"/>
	<bitmap id="fullscreen.down" file="images/elements.png" x="70" y="113" w="65" h="12" gammagroup="Buttons"/>
	<bitmap id="1x" file="images/elements.png" x="135" y="101" w="17" h="12" gammagroup="Buttons"/>
	<bitmap id="1x.down" file="images/elements.png" x="135" y="113" w="17" h="12" gammagroup="Buttons"/>
	<bitmap id="2x" file="images/elements.png" x="152" y="101" w="19" h="12" gammagroup="Buttons"/>
	<bitmap id="2x.down" file="images/elements.png" x="152" y="113" w="19" h="12" gammagroup="Buttons"/>

	<!-- AVS Buttons -->
	<bitmap id="random.active" file="images/elements.png" x="118" y="32" w="44" h="12" gammagroup="Buttons"/>
	<bitmap id="random.inactive" file="images/elements.png" x="118" y="44" w="44" h="12" gammagroup="Buttons"/>
	<bitmap id="random.down" file="images/elements.png" x="118" y="56" w="44" h="12" gammagroup="Buttons"/>
	<bitmap id="avs.prev" file="images/elements.png" x="171" y="101" w="16" h="12" gammagroup="Buttons"/>
	<bitmap id="avs.prev.down" file="images/elements.png" x="171" y="113" w="16" h="12" gammagroup="Buttons"/>
	<bitmap id="avs.next" file="images/elements.png" x="187" y="101" w="16" h="12" gammagroup="Buttons"/>
	<bitmap id="avs.next.down" file="images/elements.png" x="187" y="113" w="16" h="12" gammagroup="Buttons"/>

	<!-- Notifier Preferences Buttons -->
	<bitmap id="notifier.on.active" file="images/elements.png" x="66" y="68" w="78" h="10" gammagroup="Buttons"/>
	<bitmap id="notifier.on.inactive" file="images/elements.png" x="66" y="78" w="78" h="10" gammagroup="Buttons"/>
	<bitmap id="notifier.on.down" file="images/elements.png" x="66" y="88" w="78" h="10" gammagroup="Buttons"/>
	<bitmap id="notifier.always.active" file="images/elements.png" x="144" y="68" w="78" h="10" gammagroup="Buttons"/>
	<bitmap id="notifier.always.inactive" file="images/elements.png" x="144" y="78" w="78" h="10" gammagroup="Buttons"/>
	<bitmap id="notifier.always.down" file="images/elements.png" x="144" y="88" w="78" h="10" gammagroup="Buttons"/>

<!-- Default & Generic Button (Used for buttons/scrollbars in Playlist/Media Library etc.) -->

	<!-- Default Button -->
	<bitmap id="studio.button.upperLeft" file="images/elements.png" x="1" y="69" h="2" w="2" gammagroup="Buttons"/>
	<bitmap id="studio.button.top" file="images/elements.png" x="4" y="69" h="2" w="25" gammagroup="Buttons"/>
	<bitmap id="studio.button.upperRight" file="images/elements.png" x="30" y="69" h="2" w="2" gammagroup="Buttons"/>
	<bitmap id="studio.button.left" file="images/elements.png" x="1" y="72" h="25" w="2" gammagroup="Buttons"/>
	<bitmap id="studio.button.middle" file="images/elements.png" x="4" y="72" h="25" w="25" gammagroup="Buttons"/>
	<bitmap id="studio.button.right" file="images/elements.png" x="30" y="72" h="25" w="2" gammagroup="Buttons"/>
	<bitmap id="studio.button.lowerLeft" file="images/elements.png" x="1" y="98" h="2" w="2" gammagroup="Buttons"/>
	<bitmap id="studio.button.bottom" file="images/elements.png" x="4" y="98" h="2" w="25" gammagroup="Buttons"/>
	<bitmap id="studio.button.lowerRight" file="images/elements.png" x="30" y="98 " h="2" w="2" gammagroup="Buttons"/>

	<bitmap id="studio.button.pressed.upperLeft" file="images/elements.png" x="34" y="69" h="2" w="2" gammagroup="Buttons"/>
	<bitmap id="studio.button.pressed.top" file="images/elements.png" x="37" y="69" h="2" w="25" gammagroup="Buttons"/>
	<bitmap id="studio.button.pressed.upperRight" file="images/elements.png" x="63" y="69" h="2" w="2" gammagroup="Buttons"/>
	<bitmap id="studio.button.pressed.left" file="images/elements.png" x="34" y="72" h="25" w="2" gammagroup="Buttons"/>
	<bitmap id="studio.button.pressed.middle" file="images/elements.png" x="37" y="72" h="25" w="25" gammagroup="Buttons"/>
	<bitmap id="studio.button.pressed.right" file="images/elements.png" x="63" y="72" h="25" w="2" gammagroup="Buttons"/>
	<bitmap id="studio.button.pressed.lowerLeft" file="images/elements.png" x="34" y="98" h="2" w="2" gammagroup="Buttons"/>
	<bitmap id="studio.button.pressed.bottom" file="images/elements.png" x="37" y="98" h="2" w="25" gammagroup="Buttons"/>
	<bitmap id="studio.button.pressed.lowerRight" file="images/elements.png" x="63" y="98 " h="2" w="2" gammagroup="Buttons"/>

	<!-- Generic Button -->
	<bitmap id="wasabi.button.top.left" file="images/elements.png" x="0" y="68" h="4" w="4" gammagroup="Buttons"/>
	<bitmap id="wasabi.button.top" file="images/elements.png" x="4" y="68" h="4" w="25" gammagroup="Buttons"/>
	<bitmap id="wasabi.button.top.right" file="images/elements.png" x="29" y="68" h="4" w="4" gammagroup="Buttons"/>
	<bitmap id="wasabi.button.left" file="images/elements.png" x="0" y="72" h="25" w="4" gammagroup="Buttons"/>
	<bitmap id="wasabi.button.center" file="images/elements.png" x="4" y="72" h="25" w="25" gammagroup="Buttons"/>
	<bitmap id="wasabi.button.right" file="images/elements.png" x="29" y="72" h="25" w="4" gammagroup="Buttons"/>
	<bitmap id="wasabi.button.bottom.left" file="images/elements.png" x="0" y="97" h="4" w="4" gammagroup="Buttons"/>
	<bitmap id="wasabi.button.bottom" file="images/elements.png" x="4" y="97" h="4" w="25" gammagroup="Buttons"/>
	<bitmap id="wasabi.button.bottom.right" file="images/elements.png" x="29" y="97" h="4" w="4" gammagroup="Buttons"/>

	<bitmap id="wasabi.button.pressed.top.left" file="images/elements.png" x="33" y="68" h="4" w="4" gammagroup="Buttons"/>
	<bitmap id="wasabi.button.pressed.top" file="images/elements.png" x="37" y="68" h="4" w="25" gammagroup="Buttons"/>
	<bitmap id="wasabi.button.pressed.top.right" file="images/elements.png" x="62" y="68" h="4" w="4" gammagroup="Buttons"/>
	<bitmap id="wasabi.button.pressed.left" file="images/elements.png" x="33" y="72" h="25" w="4" gammagroup="Buttons"/>
	<bitmap id="wasabi.button.pressed.center" file="images/elements.png" x="37" y="72" h="25" w="25" gammagroup="Buttons"/>
	<bitmap id="wasabi.button.pressed.right" file="images/elements.png" x="62" y="72" h="25" w="4" gammagroup="Buttons"/>
	<bitmap id="wasabi.button.pressed.bottom.left" file="images/elements.png" x="33" y="97" h="4" w="4" gammagroup="Buttons"/>
	<bitmap id="wasabi.button.pressed.bottom" file="images/elements.png" x="37" y="97" h="4" w="25" gammagroup="Buttons"/>
	<bitmap id="wasabi.button.pressed.bottom.right" file="images/elements.png" x="62" y="97" h="4" w="4" gammagroup="Buttons"/>

<!-- Scrollbar Details -->

	<!-- Scrollbar Grips -->
	<bitmap id="wasabi.scrollbar.vertical.grip" file="images/elements.png" x="204" y="115" h="8" w="6" gammagroup="Buttons"/>
	<bitmap id="wasabi.scrollbar.horizontal.grip" file="images/elements.png" x="210" y="115" h="6" w="8" gammagroup="Buttons"/>

	<!-- Scrollbar Arrows -->
	<bitmap id="wasabi.button.label.arrow.up" file="images/elements.png" x="208" y="99" h="4" w="7" gammagroup="Buttons"/>
	<bitmap id="wasabi.button.label.arrow.down" file="images/elements.png" x="208" y="110" h="4" w="7" gammagroup="Buttons"/>
	<bitmap id="wasabi.button.label.arrow.left" file="images/elements.png" x="204" y="103" h="7" w="4" gammagroup="Buttons"/>
	<bitmap id="wasabi.button.label.arrow.right" file="images/elements.png" x="215" y="103" h="7" w="4" gammagroup="Buttons"/>

<!-- Object frame, used for space between statusbar buttons -->

	<!-- Object Frame -->
	<bitmap id="wasabi.objectframe.top.left" file="images/layer-all-purpose.png" x="0" y="0" w="1" h="1" gammagroup="Layers"/>
	<bitmap id="wasabi.objectframe.top" file="images/layer-all-purpose.png" x="1" y="0" w="1" h="1" gammagroup="Layers"/>
	<bitmap id="wasabi.objectframe.top.right" file="images/layer-all-purpose.png" x="0" y="0" w="1" h="1" gammagroup="Layers"/>
	<bitmap id="wasabi.objectframe.left" file="images/layer-all-purpose.png" x="0" y="0" w="1" h="1" gammagroup="Layers"/>
	<bitmap id="wasabi.objectframe.center" file="images/layer-all-purpose.png" x="1" y="0" w="1" h="1" gammagroup="Layers"/>
	<bitmap id="wasabi.objectframe.right" file="images/layer-all-purpose.png" x="0" y="0" w="1" h="1" gammagroup="Layers"/>
	<bitmap id="wasabi.objectframe.bottom.left" file="images/layer-all-purpose.png" x="0" y="0" w="1" h="1" gammagroup="Layers"/>
	<bitmap id="wasabi.objectframe.bottom" file="images/layer-all-purpose.png" x="1" y="0" w="1" h="1" gammagroup="Layers"/>
	<bitmap id="wasabi.objectframe.bottom.right" file="images/layer-all-purpose.png" x="0" y="0" w="1" h="1" gammagroup="Layers"/>

</elements>