<container id="eq" name="Equalizer" default_visible="1" default_x="0" default_y="135">

<layout id="normal" w="250" h="105">

<!-- Background -->

	<rect id="background" x="0" y="0" w="250" h="105" filled="1" color="color.backgrounds" move="1" sysregion="1"/>
	<rect id="background.edge" x="2" y="2" w="246" h="101" filled="0" color="color.black" ghost="1"/>

<!-- Layers -->

	<rect id="layer.eq.menu" x="7" y="7" w="28" h="16" filled="1" color="color.layers" ghost="1"/>
	<rect id="layer.eq.menu" x="7" y="7" w="28" h="16" filled="0" color="color.black" ghost="1"/>

	<rect id="layer.eq.spline" x="39" y="7" w="98" h="16" filled="1" color="color.layers" ghost="1"/>
	<rect id="layer.eq.spline" x="39" y="7" w="98" h="16" filled="0" color="color.black" ghost="1"/>

	<rect id="layer.eq.function" x="141" y="7" w="70" h="16" filled="1" color="color.layers" ghost="1"/>
	<rect id="layer.eq.function" x="141" y="7" w="70" h="16" filled="0" color="color.black" ghost="1"/>

	<rect id="layer.eq.window" x="215" y="7" w="28" h="16" filled="1" color="color.layers" ghost="1"/>
	<rect id="layer.eq.window" x="215" y="7" w="28" h="16" filled="0" color="color.black" ghost="1"/>

	<rect id="layer.eq.preamp" x="7" y="27" w="16" h="71" filled="1" color="color.layers" ghost="1"/>
	<rect id="layer.eq.preamp" x="7" y="27" w="16" h="71" filled="0" color="color.black" ghost="1"/>

	<rect id="layer.eq.balance" x="27" y="27" w="16" h="71" filled="1" color="color.layers" ghost="1"/>
	<rect id="layer.eq.balance" x="27" y="27" w="16" h="71" filled="0" color="color.black" ghost="1"/>

	<rect id="layer.eq.crossfade" x="45" y="27" w="16" h="71" filled="1" color="color.layers" ghost="1"/>
	<rect id="layer.eq.crossfade" x="45" y="27" w="16" h="71" filled="0" color="color.black" ghost="1"/>

	<rect id="layer.eq.slider" x="65" y="27" w="16" h="71" filled="1" color="color.layers" ghost="1"/>
	<rect id="layer.eq.slider" x="65" y="27" w="16" h="71" filled="0" color="color.black" ghost="1"/>

	<rect id="layer.eq.slider" x="83" y="27" w="16" h="71" filled="1" color="color.layers" ghost="1"/>
	<rect id="layer.eq.slider" x="83" y="27" w="16" h="71" filled="0" color="color.black" ghost="1"/>

	<rect id="layer.eq.slider" x="101" y="27" w="16" h="71" filled="1" color="color.layers" ghost="1"/>
	<rect id="layer.eq.slider" x="101" y="27" w="16" h="71" filled="0" color="color.black" ghost="1"/>

	<rect id="layer.eq.slider" x="119" y="27" w="16" h="71" filled="1" color="color.layers" ghost="1"/>
	<rect id="layer.eq.slider" x="119" y="27" w="16" h="71" filled="0" color="color.black" ghost="1"/>

	<rect id="layer.eq.slider" x="137" y="27" w="16" h="71" filled="1" color="color.layers" ghost="1"/>
	<rect id="layer.eq.slider" x="137" y="27" w="16" h="71" filled="0" color="color.black" ghost="1"/>

	<rect id="layer.eq.slider" x="155" y="27" w="16" h="71" filled="1" color="color.layers" ghost="1"/>
	<rect id="layer.eq.slider" x="155" y="27" w="16" h="71" filled="0" color="color.black" ghost="1"/>

	<rect id="layer.eq.slider" x="173" y="27" w="16" h="71" filled="1" color="color.layers" ghost="1"/>
	<rect id="layer.eq.slider" x="173" y="27" w="16" h="71" filled="0" color="color.black" ghost="1"/>

	<rect id="layer.eq.slider" x="191" y="27" w="16" h="71" filled="1" color="color.layers" ghost="1"/>
	<rect id="layer.eq.slider" x="191" y="27" w="16" h="71" filled="0" color="color.black" ghost="1"/>

	<rect id="layer.eq.slider" x="209" y="27" w="16" h="71" filled="1" color="color.layers" ghost="1"/>
	<rect id="layer.eq.slider" x="209" y="27" w="16" h="71" filled="0" color="color.black" ghost="1"/>

	<rect id="layer.eq.slider" x="227" y="27" w="16" h="71" filled="1" color="color.layers" ghost="1"/>
	<rect id="layer.eq.slider" x="227" y="27" w="16" h="71" filled="0" color="color.black" ghost="1"/>

<!-- Menu/Window -->

	<button
	id="menu"
	action="SYSMENU"
	x="10" y="10"
	image="menu"
	downImage="menu.down"
	tooltip="Main Menu"
	/>

	<button
	id="control"
	action="CONTROLMENU"
	x="22" y="10"
	image="control"
	downImage="control.down"
	tooltip="Control Menu"
	/>

	<button
	id="compact"
	action="SWITCH"
	param="compact"
	x="218" y="10"
	image="compact"
	downImage="compact.down"
	tooltip="Compact Mode"
	/>

	<button
	id="close"
	action="CLOSE"
	x="230" y="10"
	image="close"
	downImage="close.down"
	tooltip="Close"
	/>

<!-- Equalizer Option Buttons -->

	<button
	id="toggle"
	action="EQ_TOGGLE"
	x="144" y="10"
	image="on.inactive"
	activeImage="on.active"
	downImage="on.down"
	tooltip="Toggle Equalizer On/Off"
	/>

	<button
	id="auto"
	action="EQ_AUTO"
	x="167" y="10"
	image="auto.inactive"
	activeImage="auto.active"
	downImage="auto.down"
	tooltip="Toggle Equalizer Automatic Processing"
	/>

	<button
	id="presets"
	action="MENU"
	param="presets"
	x="190" y="10"
	image="presets"
	downImage="presets.down"
	tooltip="Manage Equalizer Presets"
	/>

<!-- Spline -->

	<layer id="layer.eq.spline" x="40" y="8" image="layer.eq.spline" ghost="1"/>

	<eqvis
	id="spline"
	x="40" y="8" w="96" h="14"
	colortop="0,255,0"
	colormiddle="0,255,0"
	colorbottom="0,255,0"
	colorpreamp="0,255,0"
	ghost="1"
	/>

<!-- Special Sliders -->

	<layer id="layer.eq.preamp" x="8" y="30" image="layer.eq.preamp" ghost="1"/>
	<layer id="layer.eq.balance" x="28" y="30" image="layer.eq.balance" ghost="1"/>
	<layer id="layer.eq.crossfade" x="46" y="30" image="layer.eq.crossfade" ghost="1"/>

	<slider
	id="preamp"
	action="EQ_PREAMP"
	x="10" y="44" w="10" h="51"
	orientation="vertical"
	thumb="vertical.slider"
	downThumb="vertical.slider.down"
	tooltip="Pre-Amplifier"
	/>

	<slider
	id="panorama"
	action="PAN"
	x="30" y="44" w="10" h="51"
	orientation="vertical"
	thumb="vertical.slider"
	downThumb="vertical.slider.down"
	tooltip="Balance"
	/>

	<slider
	id="crossfade"
	cfgattrib="{F1239F09-8CC6-4081-8519-C2AE99FCB14C};Crossfade time"
	high="10"
	x="48" y="44" w="10" h="51"
	orientation="vertical"
	thumb="vertical.slider"
	downThumb="vertical.slider.down"
	tooltip="Crossfade Duration (0 - 10 seconds)"
	/>

<!-- Band Sliders -->

	<layer id="layer.eq.slider" x="70" y="30" image="layer.eq.slider" ghost="0"/>
	<layer id="layer.eq.slider" x="88" y="30" image="layer.eq.slider" ghost="0"/>
	<layer id="layer.eq.slider" x="106" y="30" image="layer.eq.slider" ghost="0"/>
	<layer id="layer.eq.slider" x="124" y="30" image="layer.eq.slider" ghost="0"/>
	<layer id="layer.eq.slider" x="142" y="30" image="layer.eq.slider" ghost="0"/>
	<layer id="layer.eq.slider" x="160" y="30" image="layer.eq.slider" ghost="0"/>
	<layer id="layer.eq.slider" x="178" y="30" image="layer.eq.slider" ghost="0"/>
	<layer id="layer.eq.slider" x="196" y="30" image="layer.eq.slider" ghost="0"/>
	<layer id="layer.eq.slider" x="214" y="30" image="layer.eq.slider" ghost="0"/>
	<layer id="layer.eq.slider" x="232" y="30" image="layer.eq.slider" ghost="0"/>

	<slider
	id="eq1"
	action="EQ_BAND"
	param="1"
	x="68" y="30" w="10" h="65"
	orientation="vertical"
	thumb="vertical.slider"
	downThumb="vertical.slider.down"
	tooltip="60 Hz"
	/>

	<slider
	id="eq2"
	action="EQ_BAND"
	param="2"
	x="86" y="30" w="10" h="65"
	orientation="vertical"
	thumb="vertical.slider"
	downThumb="vertical.slider.down"
	tooltip="170 Hz"
	/>

	<slider
	id="eq3"
	action="EQ_BAND"
	param="3"
	x="104" y="30" w="10" h="65"
	orientation="vertical"
	thumb="vertical.slider"
	downThumb="vertical.slider.down"
	tooltip="310 Hz"
	/>

	<slider
	id="eq4"
	action="EQ_BAND"
	param="4"
	x="122" y="30" w="10" h="65"
	orientation="vertical"
	thumb="vertical.slider"
	downThumb="vertical.slider.down"
	tooltip="600 Hz"
	/>

	<slider
	id="eq5"
	action="EQ_BAND"
	param="5"
	x="140" y="30" w="10" h="65"
	orientation="vertical"
	thumb="vertical.slider"
	downThumb="vertical.slider.down"
	tooltip="1 kHz"
	/>

	<slider
	id="eq6"
	action="EQ_BAND"
	param="6"
	x="158" y="30" w="10" h="65"
	orientation="vertical"
	thumb="vertical.slider"
	downThumb="vertical.slider.down"
	tooltip="3 kHz"
	/>

	<slider
	id="eq7"
	action="EQ_BAND"
	param="7"
	x="176" y="30" w="10" h="65"
	orientation="vertical"
	thumb="vertical.slider"
	downThumb="vertical.slider.down"
	tooltip="6 kHz"
	/>

	<slider
	id="eq8"
	action="EQ_BAND"
	param="8"
	x="194" y="30" w="10" h="65"
	orientation="vertical"
	thumb="vertical.slider"
	downThumb="vertical.slider.down"
	tooltip="12 kHz"
	/>

	<slider
	id="eq9"
	action="EQ_BAND"
	param="9"
	x="212" y="30" w="10" h="65"
	orientation="vertical"
	thumb="vertical.slider"
	downThumb="vertical.slider.down"
	tooltip="14 kHz"
	/>

	<slider
	id="eq10"
	action="EQ_BAND"
	param="10"
	x="230" y="30" w="10" h="65"
	orientation="vertical"
	thumb="vertical.slider"
	downThumb="vertical.slider.down"
	tooltip="16 kHz"
	/>

</layout>

<layout id="compact" w="250" h="30">

<!-- Background -->

	<rect id="background" x="0" y="0" w="250" h="30" filled="1" color="color.backgrounds" move="1" sysregion="1"/>
	<rect id="background.edge" x="2" y="2" w="246" h="26" filled="0" color="color.black" ghost="1"/>

<!-- Layers -->

	<rect id="layer.player.compact.menu" x="7" y="7" w="28" h="16" filled="1" color="color.layers" ghost="1"/>
	<rect id="layer.player.compact.menu" x="7" y="7" w="28" h="16" filled="0" color="color.black" ghost="1"/>

	<rect id="layer.player.compact.seeker" x="39" y="7" w="84" h="16" filled="1" color="color.layers" ghost="1"/>
	<rect id="layer.player.compact.seeker" x="39" y="7" w="84" h="16" filled="0" color="color.black" ghost="1"/>

	<rect id="layer.player.compact.volume" x="127" y="7" w="84" h="16" filled="1" color="color.layers" ghost="1"/>
	<rect id="layer.player.compact.volume" x="127" y="7" w="84" h="16" filled="0" color="color.black" ghost="1"/>

	<rect id="layer.player.compact.window" x="215" y="7" w="28" h="16" filled="1" color="color.layers" ghost="1"/>
	<rect id="layer.player.compact.window" x="215" y="7" w="28" h="16" filled="0" color="color.black" ghost="1"/>

<!-- Menu/Window -->

	<button
	id="menu"
	action="SYSMENU"
	x="10" y="10"
	image="menu"
	downImage="menu.down"
	tooltip="Main Menu"
	/>

	<button
	id="control"
	action="CONTROLMENU"
	x="22" y="10"
	image="control"
	downImage="control.down"
	tooltip="Control Menu"
	/>

	<button
	id="compact"
	action="SWITCH"
	param="normal"
	x="218" y="10"
	image="compact"
	downImage="compact.down"
	tooltip="Normal Mode"
	/>

	<button
	id="close"
	action="CLOSE"
	x="230" y="10"
	image="close"
	downImage="close.down"
	tooltip="Close"
	/>

<!-- Sliders -->

	<layer id="layer.eq.compact.slider" x="42" y="12" image="layer.eq.compact.slider" ghost="1"/>
	<layer id="layer.eq.compact.slider" x="130" y="12" image="layer.eq.compact.slider" ghost="1"/>

	<slider
	id="seeker.ghost"
	action="SEEK"
	x="42" y="10" w="78" h="10"
	thumb="horizontal.slider"
	downThumb="horizontal.slider.down"
	alpha="128"
	tooltip="Seeker"
	/>

	<slider
	id="seeker"
	action="SEEK"
	x="42" y="10" w="78" h="10"
	thumb="horizontal.slider"
	downThumb="horizontal.slider.down"
	tooltip="Seeker"
	/>

	<slider
	id="volume"
	action="VOLUME"
	x="130" y="10" w="78" h="10"
	thumb="horizontal.slider"
	downThumb="horizontal.slider.down"
	tooltip="Volume"
	/>

</layout>

</container>