<container id="notifier.preferences" name="Notifier Preferences" default_visible="0">

<layout id="toggle" w="250" h="30">

<!-- Background -->

	<rect id="background" x="0" y="0" w="250" h="30" filled="1" color="color.backgrounds" move="1" sysregion="1"/>
	<rect id="background.edge" x="2" y="2" w="246" h="26" filled="0" color="color.black" ghost="1"/>

<!-- Menu/Window -->

	<rect id="layer.notifier.preferences.menu" x="7" y="7" w="28" h="16" filled="1" color="color.layers" ghost="1"/>
	<rect id="layer.notifier.preferences.menu" x="7" y="7" w="28" h="16" filled="0" color="color.black" ghost="1"/>

	<rect id="layer.notifier.preferences.togglebuttons" x="39" y="7" w="84" h="16" filled="1" color="color.layers" ghost="1"/>
	<rect id="layer.notifier.preferences.togglebuttons" x="39" y="7" w="84" h="16" filled="0" color="color.black" ghost="1"/>

	<rect id="layer.notifier.preferences.togglebuttons" x="127" y="7" w="84" h="16" filled="1" color="color.layers" ghost="1"/>
	<rect id="layer.notifier.preferences.togglebuttons" x="127" y="7" w="84" h="16" filled="0" color="color.black" ghost="1"/>

	<rect id="layer.notifier.preferences.window" x="215" y="7" w="28" h="16" filled="1" color="color.layers" ghost="1"/>
	<rect id="layer.notifier.preferences.window" x="215" y="7" w="28" h="16" filled="0" color="color.black" ghost="1"/>

	<button
	id="menu"
	action="SYSMENU"
	x="10" y="10"
	image="menu"
	downImage="menu.down"
	tooltip="Main Menu"
	/>

	<button
	id="control"
	action="CONTROLMENU"
	x="22" y="10"
	image="control"
	downImage="control.down"
	tooltip="Control Menu"
	/>

	<button
	id="sliders"
	action="SWITCH"
	param="sliders"
	x="218" y="10"
	image="compact"
	downImage="compact.down"
	tooltip="Fade/Hold Time Mode"
	/>

	<button
	id="close"
	action="CLOSE"
	x="230" y="10"
	image="close"
	downImage="close.down"
	tooltip="Close"
	/>

<!-- Notifier Option Buttons -->

	<togglebutton
	id="notifieronoff"
	x="42" y="10"
	image="notifier.on.inactive"
	activeImage="notifier.on.active"
	downImage="notifier.on.down"
	tooltip="Toggle Notifier On/Off"
	/>

	<togglebutton
	id="alwaysselector"
	x="130" y="10"
	image="notifier.always.inactive"
	activeImage="notifier.always.active"
	downImage="notifier.always.down"
	tooltip="Show notifications always (off = only when minimized)"
	/>

</layout>

<layout id="sliders" w="250" h="30">

<!-- Background -->

	<rect id="background" x="0" y="0" w="250" h="30" filled="1" color="color.backgrounds" move="1" sysregion="1"/>
	<rect id="background.edge" x="2" y="2" w="246" h="26" filled="0" color="color.black" ghost="1"/>

<!-- Layers -->

	<rect id="layer.notifier.preferences.menu" x="7" y="7" w="28" h="16" filled="1" color="color.layers" ghost="1"/>
	<rect id="layer.notifier.preferences.menu" x="7" y="7" w="28" h="16" filled="0" color="color.black" ghost="1"/>

	<rect id="layer.notifier.preferences.sliders" x="39" y="7" w="84" h="16" filled="1" color="color.layers" ghost="1"/>
	<rect id="layer.notifier.preferences.sliders" x="39" y="7" w="84" h="16" filled="0" color="color.black" ghost="1"/>

	<rect id="layer.notifier.preferences.sliders" x="127" y="7" w="84" h="16" filled="1" color="color.layers" ghost="1"/>
	<rect id="layer.notifier.preferences.sliders" x="127" y="7" w="84" h="16" filled="0" color="color.black" ghost="1"/>

	<rect id="layer.notifier.preferences.window" x="215" y="7" w="28" h="16" filled="1" color="color.layers" ghost="1"/>
	<rect id="layer.notifier.preferences.window" x="215" y="7" w="28" h="16" filled="0" color="color.black" ghost="1"/>

<!-- Menu / Window -->

	<button
	id="menu"
	action="SYSMENU"
	x="10" y="10"
	image="menu"
	downImage="menu.down"
	tooltip="Main Menu"
	/>

	<button
	id="control"
	action="CONTROLMENU"
	x="22" y="10"
	image="control"
	downImage="control.down"
	tooltip="Control Menu"
	/>

	<button
	id="sliders"
	action="SWITCH"
	param="toggle"
	x="218" y="10"
	image="compact"
	downImage="compact.down"
	tooltip="Toggling Mode"
	/>

	<button
	id="close"
	action="CLOSE"
	x="230" y="10"
	image="close"
	downImage="close.down"
	tooltip="Close"
	/>

<!-- Sliders -->

	<layer id="layer.notifier.preferences.slider" x="42" y="12" image="layer.notifier.preferences.slider"/>
	<layer id="layer.notifier.preferences.slider" x="130" y="12" image="layer.notifier.preferences.slider"/>

	<slider
	id="fadetime"
	x="42" y="10" w="78" h="10"
	thumb="horizontal.slider"
	downThumb="horizontal.slider.down"
	high="10"
	tooltip="Fade Time (0 - 5 seconds)"
	/>

	<slider
	id="holdtime"
	x="130" y="10" w="78" h="10"
	thumb="horizontal.slider"
	downThumb="horizontal.slider.down"
	high="10"
	tooltip="Hold Time (0 - 5 seconds)"
	/>

</layout>

</container>

<container id="notifier.popup" name="Notifier" default_visible="0" nomenu="1" nofocusapponclose="1">

<layout id="normal" h="50" noparent="1" ontop="1" noactivation="1" nodock="1" move="0">

	<rect x="0" y="0" w="0" relatw="1" h="0" relath="1" filled="1" color="color.backgrounds" sysregion="1" ghost="1"/>
	<rect x="2" y="2" w="-4" relatw="1" h="-4" relath="1" filled="0" color="color.black" sysregion="1" ghost="1"/>

	<rect id="layer.notifier.popup.artist" x="7" y="7" w="-14" relatw="1" h="16" filled="1" color="color.layers" ghost="1"/>
	<rect id="layer.notifier.popup.artist" x="7" y="7" w="-14" h="16" relatw="1" filled="0" color="color.black" ghost="1"/>

	<rect id="layer.notifier.popup.song" x="7" y="27" w="-14" relatw="1" h="16" filled="1" color="color.layers" ghost="1"/>
	<rect id="layer.notifier.popup.song" x="7" y="27" w="-14" h="16" relatw="1" filled="0" color="color.black" ghost="1"/>

	<text id="artist" x="10" y="7" w="-20" relatw="1" default="Artist" font="Tahoma" fontsize="14" color="color.fonts" ghost="1"/>
	<text id="song" x="10" y="27" w="-20" relatw="1" default="Title" font="Tahoma" fontsize="14" color="color.fonts" ghost="1"/>

</layout>

</container>