<container id="main" name="Main Window">

<layout id="normal" w="250" h="135">

<!-- Background -->

	<rect id="background" x="0" y="0" w="250" h="135" filled="1" color="color.backgrounds" move="1" sysregion="1"/>
	<rect id="background.edge" x="2" y="2" w="246" h="131" filled="0" color="color.black" ghost="1"/>

<!-- Layers -->

	<rect id="layer.player.menu" x="7" y="7" w="28" h="16" filled="1" color="color.layers" ghost="1"/>
	<rect id="layer.player.menu" x="7" y="7" w="28" h="16" filled="0" color="color.black" ghost="1"/>

	<rect id="layer.player.ticker" x="39" y="7" w="160" h="16" filled="1" color="color.layers" ghost="1"/>
	<rect id="layer.player.ticker" x="39" y="7" w="160" h="16" filled="0" color="color.black" ghost="1"/>

	<rect id="layer.player.window" x="203" y="7" w="40" h="16" filled="1" color="color.layers" ghost="1"/>
	<rect id="layer.player.window" x="203" y="7" w="40" h="16" filled="0" color="color.black" ghost="1"/>

	<rect id="layer.player.analyzer" x="7" y="27" w="98" h="37" filled="1" color="color.layers" ghost="1"/>
	<rect id="layer.player.analyzer" x="7" y="27" w="98" h="37" filled="0" color="color.black" ghost="1"/>

	<rect id="layer.player.bitrate" x="109" y="27" w="32" h="16" filled="1" color="color.layers" ghost="1"/>
	<rect id="layer.player.bitrate" x="109" y="27" w="32" h="16" filled="0" color="color.black" ghost="1"/>

	<rect id="layer.player.channels" x="109" y="47" w="32" h="17" filled="1" color="color.layers" ghost="1"/>
	<rect id="layer.player.channels" x="109" y="47" w="32" h="17" filled="0" color="color.black" ghost="1"/>

	<rect id="layer.player.oscilloscope" x="145" y="27" w="98" h="37" filled="1" color="color.layers" ghost="1"/>
	<rect id="layer.player.oscilloscope" x="145" y="27" w="98" h="37" filled="0" color="color.black" ghost="1"/>

	<rect id="layer.player.seeker" x="7" y="68" w="88" h="16" filled="1" color="color.layers" ghost="1"/>
	<rect id="layer.player.seeker" x="7" y="68" w="88" h="16" filled="0" color="color.black" ghost="1"/>

	<rect id="layer.player.timer" x="99" y="68" w="52" h="16" filled="1" color="color.layers" ghost="1"/>
	<rect id="layer.player.timer" x="99" y="68" w="52" h="16" filled="0" color="color.black" ghost="1"/>

	<rect id="layer.player.volume" x="155" y="68" w="88" h="16" filled="1" color="color.layers" ghost="1"/>
	<rect id="layer.player.volume" x="155" y="68" w="88" h="16" filled="0" color="color.black" ghost="1"/>

	<rect id="layer.player.playback.buttons" x="7" y="88" w="88" h="18" filled="1" color="color.layers" ghost="1"/>
	<rect id="layer.player.playback.buttons" x="7" y="88" w="88" h="18" filled="0" color="color.black" ghost="1"/>

	<rect id="layer.player.playback.option" x="99" y="88" w="52" h="18" filled="1" color="color.layers" ghost="1"/>
	<rect id="layer.player.playback.option" x="99" y="88" w="52" h="18" filled="0" color="color.black" ghost="1"/>

	<rect id="layer.player.component.buttons" x="155" y="88" w="88" h="18" filled="1" color="color.layers" ghost="1"/>
	<rect id="layer.player.component.buttons" x="155" y="88" w="88" h="18" filled="0" color="color.black" ghost="1"/>

	<rect id="layer.player.vu" x="7" y="110" w="236" h="18" filled="1" color="color.layers" ghost="1"/>
	<layer id="layer.player.vu" x="7" y="110" image="layer.player.vu" ghost="1"/>

<!-- Menu/Window -->

	<button
	id="menu"
	action="SYSMENU"
	x="10" y="10"
	image="menu"
	downImage="menu.down"
	tooltip="Main Menu"
	/>

	<button
	id="control"
	action="CONTROLMENU"
	x="22" y="10"
	image="control"
	downImage="control.down"
	tooltip="Control Menu"
	/>

	<button
	id="min"
	action="MINIMIZE"
	x="206" y="10"
	image="min"
	downImage="min.down"
	tooltip="Minimize Winamp"
	/>

	<button
	id="compact"
	action="SWITCH"
	param="compact"
	x="218" y="10"
	image="compact"
	downImage="compact.down"
	tooltip="Compact Mode"
	/>

	<button
	id="close"
	action="CLOSE"
	x="230" y="10"
	image="close"
	downImage="close.down"
	tooltip="Close Winamp"
	/>

<!-- Playback Buttons -->

	<button
	id="previous"
	action="PREV"
	x="10" y="91"
	image="previous"
	downImage="previous.down"
	tooltip="Previous"
	/>

	<button
	id="play"
	action="PLAY"
	x="24" y="91"
	image="play"
	downImage="play.down"
	tooltip="Play"
	/>

	<button
	id="pause"
	action="PAUSE"
	x="38" y="91"
	image="pause"
	downImage="pause.down"
	tooltip="Pause"
	/>

	<button
	id="stop"
	action="STOP"
	x="52" y="91"
	image="stop"
	downImage="stop.down"
	tooltip="Stop"
	/>

	<button
	id="next"
	action="NEXT"
	x="66" y="91"
	image="next"
	downImage="next.down"
	tooltip="Next"
	/>

	<button
	id="eject"
	action="EJECT"
	x="80" y="91"
	image="eject"
	downImage="eject.down"
	tooltip="Open"
	/>

<!-- Playback Option Buttons -->

	<togglebutton
	id="cross"
	x="102" y="91"
	image="cross.inactive"
	activeImage="cross.active"
	downImage="cross.down"
	tooltip="Toggle Crossfading Between Tracks"
	cfgattrib="{FC3EAF78-C66E-4ED2-A0AA-1494DFCC13FF};Enable crossfading"
	/>

	<togglebutton
	id="shuffle"
	x="118" y="91"
	image="shuffle.inactive"
	activeImage="shuffle.active"
	downImage="shuffle.down"
	tooltip="Toggle Playlist Shuffling"
	cfgattrib="{45F3F7C1-A6F3-4EE6-A15E-125E92FC3F8D};Shuffle"
	/>

	<togglebutton
	id="repeat"
	x="134" y="91"
	image="repeat.inactive"
	activeImage="repeat.active"
	downImage="repeat.down"
	tooltip="Toggle Playlist Repeating"
	cfgattrib="{45F3F7C1-A6F3-4EE6-A15E-125E92FC3F8D};Repeat"
	cfgval="2"
	/>

<!-- Component Toggling Buttons -->

	<button
	id="eq"
	action="TOGGLE"
	param="eq"
	x="158" y="91"
	image="eq.inactive"
	activeImage="eq.active"
	downImage="eq.down"
	tooltip="Toggle Equalizer"
	/>

	<button
	id="vu"
	action="TOGGLE"
	param="vu"
	x="179" y="91"
	image="vu.inactive"
	activeImage="vu.active"
	downImage="vu.down"
	tooltip="Toggle VU Monitor"
	/>

	<button
	id="pl"
	action="TOGGLE"
	param="guid:pl"
	x="200" y="91"
	image="pl.inactive"
	activeImage="pl.active"
	downImage="pl.down"
	tooltip="Toggle Playlist Editor"
	/>

	<button
	id="ml"
	action="TOGGLE"
	param="guid:ml"
	x="221" y="91"
	image="ml.inactive"
	activeImage="ml.active"
	downImage="ml.down"
	tooltip="Toggle Media Library"
	/>

<!-- Sliders -->

	<layer id="layer.player.slider" x="10" y="73" image="layer.player.slider" ghost="1"/>

	<slider
	id="seeker.ghost"
	action="SEEK"
	x="10" y="71" w="82" h="10"
	thumb="horizontal.slider"
	downThumb="horizontal.slider.down"
	alpha="128"
	tooltip="Seeker"
	/>

	<slider
	id="seeker"
	action="SEEK"
	x="10" y="71" w="82" h="10"
	thumb="horizontal.slider"
	downThumb="horizontal.slider.down"
	tooltip="Seeker"
	/>

	<layer id="layer.player.slider" x="158" y="73" image="layer.player.slider" ghost="1"/>

	<slider
	id="volume"
	action="VOLUME"
	x="158" y="71" w="82" h="10"
	thumb="horizontal.slider"
	downThumb="horizontal.slider.down"
	tooltip="Volume"
	/>

<!-- Text -->

	<text
	id="timer"
	display="TIME"
	x="102" y="70" w="47" h="11"
	font="Tahoma"
	fontsize="18"
	color="color.fonts"
	align="right"
	timecolonwidth="6"
	forcefixed="1"
	/>

	<text
	id="songticker"
	display="SONGNAME"
	rightClickAction="trackmenu"
	dblClickAction="trackinfo"
	x="42" y="7" w="154" h="14"
	default=""
	ticker="1"
	showlen="1"
	font="Tahoma"
	fontsize="14"
	color="color.fonts"
	/>

	<text
	id="bitrate"
	display="SONGBITRATE"
	x="109" y="28" w="30" h="12"
	font="Tahoma"
	fontsize="15"
	color="color.fonts"
	align="center"
	ghost="1"
	/>

<!-- Stereo/Mono Indicator -->

	<text
	id="stereo.mono.indicator"
	x="109" y="47" w="30" h="14"
	font="Tahoma"
	fontsize="13"
	color="color.fonts"
	align="center"
	ghost="1"
	/>

<!-- Playback Status -->

	<layer
	id="statusleft"
	x="10" y="113" w="5" h="5"
	image="led.play"
	move="1"
	/>

	<layer
	id="statusright"
	x="10" y="120" w="5" h="5"
	image="led.play"
	move="1"
	/>

<!-- Visualizations -->

	<vis
	id="analyzer"
	drawbackground="0"
	x="11" y="30" w="90" h="32"
	mode="1"
	gammagroup="Leds"
	colorBand1="0,255,0"
	colorBand2="0,255,0"
	colorBand3="0,255,0"
	colorBand4="0,255,0"
	colorBand5="0,255,0"
	colorBand6="0,255,0"
	colorBand7="0,255,0"
	colorBand8="0,255,0"
	colorBand9="255,255,0"
	colorBand10="255,255,0"
	colorBand11="255,255,0"
	colorBand12="255,255,0"
	colorBand13="255,0,0"
	colorBand14="255,0,0"
	colorBand15="255,0,0"
	colorBand16="255,0,0"
	colorBandPeak="255,0,0"
	/>

	<layer id="layer.player.vis" image="layer.player.vis" x="8" y="28"/>

	<vis
	id="oscilloscope"
	drawbackground="0"
	x="149" y="30" w="90" h="32"
	mode="2"
	gammagroup="Leds"
	colorAllOsc="0,255,0"
	colorOsc5="0,255,0"
	oscstyle="lines"
	/>

	<layer id="layer.player.vis" image="layer.player.vis" x="146" y="28"/>

<!-- Bar/Dot Mode Selector -->

	<togglebutton
	id="bardot"
	x="230" y="113"
	image="bar.dot.large.bar"
	activeImage="bar.dot.large.dot"
	downImage="bar.dot.large.down"
	tooltip="Bar/Dot Mode Selector"
	/>

<!-- VU Meter -->

	<animatedlayer
	id="vulayerleft"
	x="44" y="113" w="181" h="5"
	image="frames.vu.player.bar"
	/>

	<animatedlayer
	id="vulayerright"
	x="44" y="120" w="181" h="5"
	image="frames.vu.player.bar"
	/>

</layout>

<layout id="compact" w="250" h="30">

<!-- Background -->

	<rect id="background" x="0" y="0" w="250" h="30" filled="1" color="color.backgrounds" move="1" sysregion="1"/>
	<rect id="background.edge" x="2" y="2" w="246" h="26" filled="0" color="color.black" ghost="1"/>

<!-- Layers -->

	<rect id="layer.player.compact.menu" x="7" y="7" w="28" h="16" filled="1" color="color.layers" ghost="1"/>
	<rect id="layer.player.compact.menu" x="7" y="7" w="28" h="16" filled="0" color="color.black" ghost="1"/>

	<rect id="layer.player.compact.playback.buttons" x="39" y="7" w="76" h="16" filled="1" color="color.layers" ghost="1"/>
	<rect id="layer.player.compact.playback.buttons" x="39" y="7" w="76" h="16" filled="0" color="color.black" ghost="1"/>

	<rect id="layer.player.compact.timer" x="119" y="7" w="51" h="16" filled="1" color="color.layers" ghost="1"/>
	<rect id="layer.player.compact.timer" x="119" y="7" w="51" h="16" filled="0" color="color.black" ghost="1"/>

	<rect id="layer.player.compact.vu" x="174" y="7" w="25" h="16" filled="1" color="color.layers" ghost="1"/>
	<rect id="layer.player.compact.vu" x="174" y="7" w="25" h="16" filled="0" color="color.black" ghost="1"/>

	<rect id="layer.player.compact.window" x="203" y="7" w="40" h="16" filled="1" color="color.layers" ghost="1"/>
	<rect id="layer.player.compact.window" x="203" y="7" w="40" h="16" filled="0" color="color.black" ghost="1"/>

<!-- Menu/Window -->

	<button
	id="menu"
	action="SYSMENU"
	x="10" y="10"
	image="menu"
	downImage="menu.down"
	tooltip="Main Menu"
	/>

	<button
	id="control"
	action="CONTROLMENU"
	x="22" y="10"
	image="control"
	downImage="control.down"
	tooltip="Control Menu"
	/>

	<button
	id="min"
	action="MINIMIZE"
	x="206" y="10"
	image="min"
	downImage="min.down"
	tooltip="Minimize Winamp"
	/>

	<button
	id="compact"
	action="SWITCH"
	param="normal"
	x="218" y="10"
	image="compact"
	downImage="compact.down"
	tooltip="Normal Mode"
	/>

	<button
	id="close"
	action="CLOSE"
	x="230" y="10"
	image="close"
	downImage="close.down"
	tooltip="Close Winamp"
	/>

<!-- Playback Buttons -->

	<button
	id="previous.compact"
	action="PREV"
	x="42" y="10"
	image="previous.compact"
	downImage="previous.down.compact"
	tooltip="Previous"
	/>

	<button
	id="play.compact"
	action="PLAY"
	x="54" y="10"
	image="play.compact"
	downImage="play.down.compact"
	tooltip="Play"
	/>

	<button
	id="pause.compact"
	action="PAUSE"
	x="66" y="10"
	image="pause.compact"
	downImage="pause.down.compact"
	tooltip="Pause"
	/>

	<button
	id="stop.compact"
	action="STOP"
	x="78" y="10"
	image="stop.compact"
	downImage="stop.down.compact"
	tooltip="Stop"
	/>

	<button
	id="next.compact"
	action="NEXT"
	x="90" y="10"
	image="next.compact"
	downImage="next.down.compact"
	tooltip="Next"
	/>

	<button
	id="eject.compact"
	action="EJECT"
	x="102" y="10"
	image="eject.compact"
	downImage="eject.down.compact"
	tooltip="Open"
	/>

<!-- Text -->

	<text
	id="timer"
	display="TIME"
	x="122" y="9" w="47" h="11"
	font="Tahoma"
	fontsize="18"
	color="color.fonts"
	align="right"
	timecolonwidth="6"
	forcefixed="1"
	/>

<!-- VU Meter -->

	<animatedlayer
	id="vulayerleft"
	x="177" y="10" w="19" h="4"
	image="frames.vu.player.compact"
	/>

	<animatedlayer
	id="vulayerright"
	x="177" y="16" w="19" h="4"
	image="frames.vu.player.compact"
	/>

</layout>

</container>