<container id="pledit" name="Playlist Editor" component="guid:pl" default_visible="1" default_y="270">

<layout id="normal" minimum_w="250" minimum_h="135" default_w="250" default_h="240">

<!-- Frame -->

	<Wasabi:Standardframe:Status
	x="0" y="0" w="0" relatw="1" h="0" relath="1"
	/>

	<hideobject target="layer.standardframe.window1;layer.standardframe.window2;layer.standardframe.ticker1;layer.standardframe.ticker2;titlebar;statusbar.edge;standardframe.layoutstatus"/>

<!-- Component -->

	<component
	x="8" y="28" w="-16" relatw="1" h="-58" relath="1"
	param="guid:{45F3F7C1-A6F3-4ee6-A15E-125E92FC3F8D}"
	/>

<!-- Layers -->

	<rect id="layer.pledit.ticker" x="39" y="7" w="-78" relatw="1" h="16" filled="1" color="color.layers" ghost="1"/>
	<rect id="layer.pledit.ticker" x="39" y="7" w="-78" relatw="1" h="16" filled="0" color="color.black" ghost="1"/>

	<rect id="layer.pledit.window" x="-35" relatx="1" y="7" w="28" h="16" filled="1" color="color.layers" ghost="1"/>
	<rect id="layer.pledit.window" x="-35" relatx="1" y="7" w="28" h="16" filled="0" color="color.black" ghost="1"/>

	<rect id="layer.pledit.timer" x="59" y="-25" relaty="1" w="-134" relatw="1" h="18" filled="1" color="color.layers" ghost="1"/>
	<rect id="layer.pledit.timer" x="59" y="-25" relaty="1" w="-134" relatw="1" h="18" filled="0" color="color.black" ghost="1"/>

	<rect id="layer.pledit.options.left" x="7" y="-25" relaty="1" w="48" h="18" image="layer.pl.options.left" filled="1" color="color.layers" ghost="1"/>
	<rect id="layer.pledit.options.left" x="7" y="-25" relaty="1" w="48" h="18" image="layer.pl.options.left" filled="0" color="color.black" ghost="1"/>

	<rect id="layer.pledit.options.right" x="-71" relatx="1" y="-25" relaty="1" w="64" h="18" filled="1" color="color.layers" ghost="1"/>
	<rect id="layer.pledit.options.right" x="-71" relatx="1" y="-25" relaty="1" w="64" h="18" filled="0" color="color.black" ghost="1"/>

<!-- Window -->

	<button
	id="compact"
	action="SWITCH"
	param="compact"
	x="-32" relatx="1" y="10"
	image="compact"
	downImage="compact.down"
	tooltip="Compact Mode"
	/>

	<button
	id="close"
	action="CLOSE"
	x="-20" relatx="1" y="10"
	image="close"
	downImage="close.down"
	tooltip="Close"
	/>

<!-- Text -->

	<text
	id="titlebar"
	default=":componentname"
	x="42" y="7" w="-84" relatw="1" h="14"
	font="Tahoma"
	fontsize="14"
	color="color.fonts"
	ghost="1"
	/>

	<text
	id="pledit.time"
	ticker="1"
	display="PE_Info"
	x="61" y="-22" relaty="1" w="-141" relatw="1" h="10"
	font="Tahoma"
	fontsize="14"
	color="color.fonts"
	align="left"
	ghost="1"
	/>

<!-- Playlist Option Buttons -->

	<button
	id="pledit.add"
	action="PE_ADD"
	x="10" y="-22" relaty="1"
	image="add"
	downImage="add.down"
	tooltip="Add"
	/>

	<button
	id="pledit.rem"
	action="PE_REM"
	x="24" y="-22" relaty="1"
	image="rem"
	downImage="rem.down"
	tooltip="Remove"
	/>

	<button
	id="pledit.sel"
	action="PE_SEL"
	x="38" y="-22" relaty="1"
	image="sel"
	downImage="sel.down"
	tooltip="Select"
	/>

	<button
	id="pledit.misc"
	action="PE_MISC"
	x="-68" relatx="1" y="-22" relaty="1"
	image="misc"
	downImage="misc.down"
	tooltip="Misc"
	/>

	<button
	id="pledit.list"
	action="PE_LIST"
	x="-38" relatx="1" y="-22" relaty="1"
	image="list"
	downImage="list.down"
	tooltip="Manage Playlist"
	/>

</layout>

<layout id="compact" w="250" h="30">

<!-- Background -->

	<rect id="background" x="0" y="0" w="250" h="30" filled="1" color="color.backgrounds" move="1" sysregion="1"/>
	<rect id="background.edge" x="2" y="2" w="246" h="26" filled="0" color="color.black" ghost="1"/>

<!-- Layers -->

	<rect id="layer.pledit.compact.menu" x="7" y="7" w="28" h="16" filled="1" color="color.layers" ghost="1"/>
	<rect id="layer.pledit.compact.menu" x="7" y="7" w="28" h="16" filled="0" color="color.black" ghost="1"/>

	<rect id="layer.pledit.compact.ticker" x="39" y="7" w="172" h="16" filled="1" color="color.layers" ghost="1"/>
	<rect id="layer.pledit.compact.ticker" x="39" y="7" w="172" h="16" filled="0" color="color.black" ghost="1"/>

	<rect id="layer.pledit.compact.window" x="215" y="7" w="28" h="16" filled="1" color="color.layers" ghost="1"/>
	<rect id="layer.pledit.compact.window" x="215" y="7" w="28" h="16" filled="0" color="color.black" ghost="1"/>

<!-- Menu/Window -->

	<button
	id="menu"
	action="SYSMENU"
	x="10" y="10"
	image="menu"
	downImage="menu.down"
	tooltip="Main Menu"
	/>

	<button
	id="control"
	action="CONTROLMENU"
	x="22" y="10"
	image="control"
	downImage="control.down"
	tooltip="Control Menu"
	/>

	<button
	id="compact"
	action="SWITCH"
	param="normal"
	x="-32" relatx="1" y="10"
	image="compact"
	downImage="compact.down"
	tooltip="Normal Mode"
	/>

	<button
	id="close"
	action="CLOSE"
	x="-20" relatx="1" y="10"
	image="close"
	downImage="close.down"
	tooltip="Close"
	/>

<!-- Songticker -->

	<text
	id="songticker"
	display="SONGNAME"
	rightClickAction="trackmenu"
	dblClickAction="trackinfo"
	x="42" y="7" w="166" h="14"
	default=""
	ticker="1"
	showlen="1"
	font="Tahoma"
	fontsize="14"
	color="color.fonts"
	/>

</layout>

</container>