<!-- Top of every window that uses the standardframe -->
<groupdef id="wasabi.frame.layout">

	<rect id="background" x="0" y="0" w="0" relatw="1" h="0" relath="1" color="color.backgrounds" filled="1" sysregion="1" move="1"/>
	<rect id="background.edge" x="2" y="2" w="-4" relatw="1" h="-4" relath="1" filled="0" color="color.black" ghost="1"/>

	<!-- Resizers -->
	<layer id="resize.top.left" x="0" y="0" w="6" h="6" resize="topleft"/>
	<layer id="resize.top" x="7" y="0" w="-14" relatw="1" h="6" resize="top"/>
	<layer id="resize.top.right" x="-7" relatx="1" y="0" w="6" h="6" resize="topright"/>
	<layer id="resize.left" x="0" y="7" w="6" h="-14" relath="1" resize="left"/>
	<layer id="resize.right" x="-7" relatx="1" y="7" w="6" h="-14" relath="1" resize="right"/>

	<rect id="layer.standardframe.menu" x="7" y="7" w="28" h="16" filled="1" color="color.layers" ghost="1"/>
	<rect id="layer.standardframe.menu" x="7" y="7" w="28" h="16" filled="0" color="color.black" ghost="1"/>
	<button id="menu" action="SYSMENU" x="10" y="10" image="menu" downImage="menu.down" tooltip="Main Menu"/>
	<button id="control" action="CONTROLMENU" x="22" y="10" image="control" downImage="control.down" tooltip="Control Menu"/>

	<rect id="layer.standardframe.window1" x="-23" relatx="1" y="7" w="16" h="16" filled="1" color="color.layers" ghost="1"/>
	<rect id="layer.standardframe.window2" x="-23" relatx="1" y="7" w="16" h="16" filled="0" color="color.black" ghost="1"/>
	<button id="close" action="CLOSE" x="-20" relatx="1" y="10" image="close" downImage="close.down" tooltip="Close"/>

	<rect id="layer.standardframe.ticker1" x="39" y="7" w="-66" relatw="1" h="16" filled="1" color="color.layers" ghost="1"/>
	<rect id="layer.standardframe.ticker2" x="39" y="7" w="-66" relatw="1" h="16" filled="0" color="color.black" ghost="1"/>
	<text id="titlebar" default=":componentname" x="42" y="7" w="-74" relatw="1" h="14" font="Tahoma" fontsize="14" color="color.fonts" ghost="1"/>

</groupdef>


<!-- Bottom of windows that use the standardframe and have a statusbar (i.e. Playlist Editor) -->
<groupdef id="wasabi.standardframe.statusbar" xuitag="Wasabi:Standardframe:Status">

	<group id="wasabi.frame.layout" x="0" y="0" w="0" relatw="1" h="0" relath="1"/>
	<rect id="component.edge" x="7" y="27" w="-14" relatw="1" h="-56" relath="1" filled="0" color="color.black" ghost="1"/>

	<!-- Resizers -->
	<layer id="resize.bottom.left" x="0" y="-7" relaty="1" w="6" h="6" resize="bottomleft"/>
	<layer id="resize.bottom" x="7" y="-7" relaty="1" w="-14" relatw="1" h="6" resize="bottom"/>
	<layer id="resize.bottom.right" x="-7" relatx="1" y="-7" relaty="1" w="6" h="6" resize="bottomright"/>

	<rect id="statusbar.edge" x="7" y="-25" relaty="1" w="-14" relatw="1" h="18" filled="0" color="color.black" ghost="1"/>
	<LayoutStatus id="standardframe.layoutstatus" x="8" y="-24" relaty="1" w="-16" relatw="1" h="16" exclude="{system}"/>

	<script id="standardframe.script" file="scripts/standardframe.maki" param="8,28,-16,-58,0,0,1,1"/>

</groupdef>


<!-- Bottom of windows that use the standardframe and don't have a statusbar (i.e. Media Library) -->
<groupdef id="wasabi.standardframe.nostatusbar" xuitag="Wasabi:Standardframe:Nostatus">

	<group id="wasabi.frame.layout" x="0" y="0" w="0" relatw="1" h="0" relath="1"/>
	<rect id="component.edge" x="7" y="27" w="-14" relatw="1" h="-34" relath="1" filled="0" color="color.black" ghost="1"/>

	<!-- Resizers -->
	<layer id="resize.bottom.left" x="0" y="-7" relaty="1" w="6" h="6" resize="bottomleft"/>
	<layer id="resize.bottom" x="7" y="-7" relaty="1" w="-14" relatw="1" h="6" resize="bottom"/>
	<layer id="resize.bottom.right" x="-7" relatx="1" y="-7" relaty="1" w="6" h="6" resize="bottomright"/>

	<script id="standardframe.script" file="scripts/standardframe.maki" param="8,28,-16,-36,0,0,1,1"/>

</groupdef>


<!-- Bottom of common non-resizable windows that use the standardframe -->
<groupdef id="wasabi.standardframe.modal" inherit_group="wasabi.standardframe.nostatusbar" sysregion="1">
	<sendparams target="resize.top.left;resize.top;resize.top.right;resize.left;resize.right;resize.bottom.left;resize.bottom;resize.bottom.right" resize="0" move="1"/>
</groupdef>

<groupdef id="wasabi.standardframe.static" inherit_group="wasabi.standardframe.nostatusbar" sysregion="1">
	<sendparams target="resize.top.left;resize.top;resize.top.right;resize.left;resize.right;resize.bottom.left;resize.bottom;resize.bottom.right" resize="0" move="1"/>
</groupdef>