<container id="video" name="Video" component="guid:{F0816D7B-FFFC-4343-80F2-E8199AA15CC3}" dynamic="1">

<layout id="normal" minimum_w="250" minimum_h="135" default_w="250" default_h="240">

<!-- Frame -->

	<Wasabi:Standardframe:Status
	x="0" y="0" w="0" relatw="1" h="0" relath="1"
	/>

	<hideobject target="statusbar.edge;standardframe.layoutstatus"/>

<!-- Component -->

	<component
	x="8" y="28" w="-16" relatw="1" h="-58" relath="1"
	param="{F0816D7B-FFFC-4343-80F2-E8199AA15CC3}"
	/>

<!-- Layers -->

	<rect id="layer.video.options" x="7" y="-25" relaty="1" w="111" h="18" filled="1" color="color.layers" ghost="1"/>
	<rect id="layer.video.options" x="7" y="-25" relaty="1" w="111" h="18" filled="0" color="color.black" ghost="1"/>

	<rect id="layer.video.empty" x="122" y="-25" relaty="1" w="-167" relatw="1" h="18" filled="1" color="color.layers" ghost="1"/>
	<rect id="layer.video.empty" x="122" y="-25" relaty="1" w="-167" relatw="1" h="18" filled="0" color="color.black" ghost="1"/>

	<rect id="layer.video.misc" x="-41" relatx="1" y="-25" relaty="1" w="34" h="18" filled="1" color="color.layers" ghost="1"/>
	<rect id="layer.video.misc" x="-41" relatx="1" y="-25" relaty="1" w="34" h="18" filled="0" color="color.black" ghost="1"/>

<!-- Video Option Buttons -->

	<button
	id="fullscreen"
	action="VID_FS"
	x="10" y="-22" relaty="1"
	image="fullscreen"
	downImage="fullscreen.down"
	tooltip="Fullscreen"
	/>

	<button
	id="1x"
	action="VID_1X"
	x="77" y="-22" relaty="1"
	image="1x"
	downImage="1x.down"
	tooltip="Normal Size"
	/>

	<button
	id="2x"
	action="VID_2X"
	x="96" y="-22" relaty="1"
	image="2x"
	downImage="2x.down"
	tooltip="Double Size"
	/>

	<button
	id="misc"
	action="VID_MISC"
	x="-38" relatx="1" y="-22" relaty="1"
	image="misc"
	downImage="misc.down"
	tooltip="Misc"
	/>

</layout>

</container>