<container id="vu" name="VU Monitor" default_visible="1" default_x="0" default_y="240">

<layout id="analog" w="250" h="30">

<!-- Background -->

	<rect id="background" x="0" y="0" w="250" h="30" filled="1" color="color.backgrounds" move="1" sysregion="1"/>
	<rect id="background.edge" x="2" y="2" w="246" h="26" filled="0" color="color.black" ghost="1"/>

<!-- Layers -->

	<rect id="layer.vu.menu" x="7" y="7" w="28" h="16" filled="1" color="color.layers" ghost="1"/>
	<rect id="layer.vu.menu" x="7" y="7" w="28" h="16" filled="0" color="color.black" ghost="1"/>

	<rect id="layer.vu.analog" x="39" y="7" w="84" h="16" filled="1" color="color.layers" ghost="1"/>
	<rect id="layer.vu.analog" x="39" y="7" w="84" h="16" filled="0" color="color.black" ghost="1"/>

	<rect id="layer.vu.analog" x="127" y="7" w="84" h="16" filled="1" color="color.layers" ghost="1"/>
	<rect id="layer.vu.analog" x="127" y="7" w="84" h="16" filled="0" color="color.black" ghost="1"/>

	<rect id="layer.vu.window" x="215" y="7" w="28" h="16" filled="1" color="color.layers" ghost="1"/>
	<rect id="layer.vu.window" x="215" y="7" w="28" h="16" filled="0" color="color.black" ghost="1"/>

<!-- Menu/Window -->

	<button
	id="menu"
	action="SYSMENU"
	x="10" y="10"
	image="menu"
	downImage="menu.down"
	tooltip="Main Menu"
	/>

	<button
	id="control"
	action="CONTROLMENU"
	x="22" y="10"
	image="control"
	downImage="control.down"
	tooltip="Control Menu"
	/>

	<button
	id="compact"
	action="SWITCH"
	param="led"
	x="218" y="10"
	image="compact"
	downImage="compact.down"
	tooltip="Led Mode"
	/>

	<button
	id="close"
	action="CLOSE"
	x="230" y="10"
	image="close"
	downImage="close.down"
	tooltip="Close"
	/>

<!-- VU Meter -->

	<animatedlayer
	id="vulayerleft"
	x="40" y="8" w="82" h="14"
	image="frames.vu.monitor.analog"
	/>

	<animatedlayer
	id="vulayerright"
	x="128" y="8" w="82" h="14"
	image="frames.vu.monitor.analog"
	/>

</layout>

<layout id="led" w="250" h="30">

<!-- Background -->

	<rect id="background" x="0" y="0" w="250" h="30" filled="1" color="color.backgrounds" move="1" sysregion="1"/>
	<rect id="background.edge" x="2" y="2" w="246" h="26" filled="0" color="color.black" ghost="1"/>

<!-- Layers -->

	<rect id="layer.vu.menu" x="7" y="7" w="28" h="16" filled="1" color="color.layers" ghost="1"/>
	<rect id="layer.vu.menu" x="7" y="7" w="28" h="16" filled="0" color="color.black" ghost="1"/>

	<rect id="layer.vu.led" x="39" y="7" w="160" h="16" filled="1" color="color.layers" ghost="1"/>
	<rect id="layer.vu.led" x="39" y="7" w="160" h="16" filled="0" color="color.black" ghost="1"/>

	<rect id="layer.vu.window" x="203" y="7" w="40" h="16" filled="1" color="color.layers" ghost="1"/>
	<rect id="layer.vu.window" x="203" y="7" w="40" h="16" filled="0" color="color.black" ghost="1"/>

<!-- Menu/Window -->

	<button
	id="menu"
	action="SYSMENU"
	x="10" y="10"
	image="menu"
	downImage="menu.down"
	tooltip="Main Menu"
	/>

	<button
	id="control"
	action="CONTROLMENU"
	x="22" y="10"
	image="control"
	downImage="control.down"
	tooltip="Control Menu"
	/>

	<button
	id="compact"
	action="SWITCH"
	param="analog"
	x="218" y="10"
	image="compact"
	downImage="compact.down"
	tooltip="Led Mode"
	/>

	<button
	id="close"
	action="CLOSE"
	x="230" y="10"
	image="close"
	downImage="close.down"
	tooltip="Close"
	/>

<!-- VU Meter -->

	<layer id="layer.vu.monitor.led" x="39" y="7" image="layer.vu.monitor.led" ghost="1"/>

	<togglebutton
	id="bardot"
	x="206" y="10"
	image="bar.dot.small.bar"
	activeImage="bar.dot.small.dot"
	downImage="bar.dot.small.down"
	tooltip="Bar/Dot Mode Selector"
	/>

	<animatedlayer
	id="vulayerleft"
	x="48" y="10" w="149" h="4"
	image="frames.vu.monitor.bar"
	/>

	<animatedlayer
	id="vulayerright"
	x="48" y="16" w="149" h="4"
	image="frames.vu.monitor.bar"
	/>

</layout>

</container>