<include file="pledit-elements.xml" />
<include file="video-vis-elements.xml" />

<container id="ctsbig" name="ColorThemes" default_x="0" default_y="0" default_visible="0">

	<groupdef id="ctbigcontent">
		<ColorThemes:List
			id="main.colorthemes.list"
			x="2" y="5" w="-4" relatw="1" h="-30" relath="1"
			nohscroll="1" nocolheader="1"
		/>
		<Button id="Switch" action="colorthemes_switch" action_target="main.colorthemes.list"
			x="0" y="-18" relaty="1"
			image="player.pl.button.sel"
			downImage="player.pl.button.sel.pressed"
			hoverImage="player.pl.button.sel.hover"
			tooltip="Select GammaTheme"
		/>
		<Button id="Switch" action="colorthemes_previous" action_target="main.colorthemes.list"
			x="36" y="-18" relaty="1"
		    image="player.button.vis.prev"
		    hoverImage="player.button.vis.prev.hover"
		    downImage="player.button.vis.prev.down"
		    tooltip="Previous GammaTheme"
		/>
		<Button id="Switch" action="colorthemes_next" action_target="main.colorthemes.list"
			x="74" y="-18" relaty="1"
		    image="player.button.vis.next"
		    hoverImage="player.button.vis.next.hover"
		    downImage="player.button.vis.next.down"
		    tooltip="Next GammaTheme"
		/>
	</groupdef>

	<layout id="normal" minimum_h="150" minimum_w="275" default_h="500" default_w="275" linkwidth="normal">
		<Wasabi:StandardFrame:NoStatus
			x="0" y="0" w="0" h="0" relatw="1" relath="1"
			content="ctbigcontent"
			padtitleright="18"
			shade="shade"
		/>
	</layout>

</container>
