<include file="player-elements.xml" />

<!-- Equalizer (with balance and crossfade sliders) -->
<groupdef id="eq.content.group" name="Equalizer">
	<layer id="player.eq.bar.track" x="32" y="9" image="player.eq.bar.track" />
	<layer id="eqpre" x="32" y="9" image="player.eq.bar" />
	<layer id="player.eq.bar.track" x="48" y="9" image="player.eq.bar.track" />
	<layer id="eq0" x="48" y="9" image="player.eq.bar" />
	<layer id="player.eq.bar.track" x="61" y="9" image="player.eq.bar.track" />
	<layer id="eq1" x="61" y="9" image="player.eq.bar" />
	<layer id="player.eq.bar.track" x="74" y="9" image="player.eq.bar.track" />
	<layer id="eq2" x="74" y="9" image="player.eq.bar" />
	<layer id="player.eq.bar.track" x="87" y="9" image="player.eq.bar.track" />
	<layer id="eq3" x="87" y="9" image="player.eq.bar" />
	<layer id="player.eq.bar.track" x="100" y="9" image="player.eq.bar.track" />
	<layer id="eq4" x="100" y="9" image="player.eq.bar" />
	<layer id="player.eq.bar.track" x="113" y="9" image="player.eq.bar.track" />
	<layer id="eq5" x="113" y="9" image="player.eq.bar" />
	<layer id="player.eq.bar.track" x="126" y="9" image="player.eq.bar.track" />
	<layer id="eq6" x="126" y="9" image="player.eq.bar" />
	<layer id="player.eq.bar.track" x="139" y="9" image="player.eq.bar.track" />
	<layer id="eq7" x="139" y="9" image="player.eq.bar" />
	<layer id="player.eq.bar.track" x="152" y="9" image="player.eq.bar.track" />
	<layer id="eq8" x="152" y="9" image="player.eq.bar" />
	<layer id="player.eq.bar.track" x="165" y="9" image="player.eq.bar.track" />
	<layer id="eq9" x="165" y="9" image="player.eq.bar" />

	<layer id="player.eq.bar.mask" x="32" y="9" w="141" h="57" image="player.eq.bar.mask" />

	<slider id="pre" action="EQ_PREAMP" x="32" y="9" w="7" h="57" orientation="vertical" thumb="player.eq.bar.slider" downthumb="player.eq.bar.slider" tooltip="PreAmp"/>
	<slider id="0" action="EQ_BAND" param="1" x="48" y="9" w="7" h="57" orientation="vertical" thumb="player.eq.bar.slider" downthumb="player.eq.bar.slider" tooltip="60"/>
	<slider id="1" action="EQ_BAND" param="2" x="61" y="9" w="7" h="57" orientation="vertical" thumb="player.eq.bar.slider" downthumb="player.eq.bar.slider" tooltip="170"/>
	<slider id="2" action="EQ_BAND" param="3" x="74" y="9" w="7" h="57" orientation="vertical" thumb="player.eq.bar.slider" downthumb="player.eq.bar.slider" tooltip="210"/>
	<slider id="3" action="EQ_BAND" param="4" x="87" y="9" w="7" h="57" orientation="vertical" thumb="player.eq.bar.slider" downthumb="player.eq.bar.slider" tooltip="600"/>
	<slider id="4" action="EQ_BAND" param="5" x="100" y="9" w="7" h="57" orientation="vertical" thumb="player.eq.bar.slider" downthumb="player.eq.bar.slider" tooltip="1K"/>
	<slider id="5" action="EQ_BAND" param="6" x="113" y="9" w="7" h="57" orientation="vertical" thumb="player.eq.bar.slider" downthumb="player.eq.bar.slider" tooltip="2K"/>
	<slider id="6" action="EQ_BAND" param="7" x="126" y="9" w="7" h="57" orientation="vertical" thumb="player.eq.bar.slider" downthumb="player.eq.bar.slider" tooltip="6K"/>	
	<slider id="7" action="EQ_BAND" param="8" x="139" y="9" w="7" h="57" orientation="vertical" thumb="player.eq.bar.slider" downthumb="player.eq.bar.slider" tooltip="12K"/>
	<slider id="8" action="EQ_BAND" param="9" x="152" y="9" w="7" h="57" orientation="vertical" thumb="player.eq.bar.slider" downthumb="player.eq.bar.slider" tooltip="14K"/>
	<slider id="9" action="EQ_BAND" param="10" x="165" y="9" w="7" h="57" orientation="vertical" thumb="player.eq.bar.slider" downthumb="player.eq.bar.slider" tooltip="16K"/>
	
	<!--Equalizer Labels-->
	<text
		x="1" y="6"
		text="+12"
		font="wasabi.font.default" fontsize="10"
		color="font.display" ghost="1"
	/>
	
	<text
		x="1" y="30"
		text="0db"
		font="wasabi.font.default" fontsize="10"
		color="font.display" ghost="1"
	/>
	
	<text
		x="1" y="59"
		text="-12"
		font="wasabi.font.default" fontsize="10"
		color="font.display" ghost="1"
	/>

	<button id="onoff" x="0" y="-13" relaty="1"
		action="EQ_TOGGLE"
		image="player.eq.button.off"
		downImage="player.eq.button.on" 
		activeImage="player.eq.button.on" rectrgn="1"
		tooltip="EQ on/off"
	/>
	<button id="auto" x="54" y="-13" relaty="1"
		action="EQ_AUTO"
		image="player.eq.button.auto"
		downImage="player.eq.button.auto.hover"
		activeImage="player.eq.button.auto.hover" rectrgn="1"
		tooltip="EQ auto"
	/>
	<button id="preset" x="107" y="-13" relaty="1"
		action="MENU" param="presets"
		image="player.eq.button.preset"
		hoverImage="player.eq.button.preset.hover"
		downImage="player.eq.button.preset.hover" rectrgn="1"
		tooltip="Open presets"
	/>
	<button id="reset_eq" x="160" y="-13" relaty="1"
		image="player.eq.button.reset"
		hoverImage="player.eq.button.reset.hover"
		downImage="player.eq.button.reset.down" rectrgn="1"
		tooltip="Reset all EQ bands to zero"
	/>
	<button id="PrevEQPreset" x="213" y="-13" relaty="1"
		image="player.eq.button.prev_preset"
		hoverImage="player.eq.button.prev_preset.hover"
		downImage="player.eq.button.prev_preset.down" rectrgn="1"
		tooltip="Previous EQ preset"
	/>
	<button id="NextEQPreset" x="238" y="-13" relaty="1"
		image="player.eq.button.next_preset"
		hoverImage="player.eq.button.next_preset.hover"
		downImage="player.eq.button.next_preset.down" rectrgn="1"
		tooltip="Next EQ preset"
	/>

	<!--Equalizer Visualizer-->
	<eqvis
		id="eqvis"
		x="182" y="2"
		w="77" h="21" 
		colortop="255,205,235"
		colormiddle="255,255,215"
		colorbottom="215,255,215"
		colorpreamp="255,255,215"
		gammagroup="Fonts"
	/>

	<!-- Balance -->
	<layer id="eq.balance.slider.bar"
		x="182" y="30"
		image="player.eq.slider.track"
	/>
	<layer id="player.eq.slider.mask_h"
		x="182" y="30" h="7" w="78"
		image="player.seek.slider.mask_h.tile" ghost="1" tile="1"
	/>
	<slider id="Balance"
		action="PAN"
		x="182" y="30"
		h="7" w="78"
		thumb="player.eq.slider.ghostThumb"
		tooltip="Balance"
	/>
	<text
		id="label.eq.balance" ticker="1"
		display="" default="balance"
		x="200" y="40"
		w="45" h="10"
		font="wasabi.font.default" color="font.display" fontsize="20" align="left"
		antialias="1" forceuppercase="1" forcefixed="0" ghost="1"
	/>
	
	<!-- Crossfade -->
	<layer id="eq.crossfade.slider.bar"
		x="182" y="56"
		image="player.eq.slider.track"
	/>
	<layer id="player.eq.slider.mask_h"
		x="182" y="56" h="7" w="78"
		image="player.seek.slider.mask_h.tile" ghost="1" tile="1"
	/>
	<slider id="Crossfade"
		cfgattrib="{F1239F09-8CC6-4081-8519-C2AE99FCB14C};Crossfade time"
		high="20"
		x="182" y="56"
		h="7" w="78"
		thumb="player.eq.slider.ghostThumb"
		tooltip="Crossfade Fade Duration"
	/>
	<text
		id="label.eq.crossfade" ticker="1"
		display="" default="crossfade"
		x="195" y="66"
		w="55" h="10"
		font="wasabi.font.default" color="font.display" fontsize="20" align="left"
		antialias="1" forceuppercase="1" forcefixed="0" ghost="1"
	/>
	<text
		id="songticker" ticker="1"
		display="" default="" showlen="1"
		x="15" y="65"
		w="160" h="18"
		font="player.timer" color="font.display" fontsize="20" align="center"
		antialias="1" forceuppercase="1" forcefixed="0" ghost="0"
	/>
	<script id="eq" file="scripts/eq.maki" />
	<script id="reset_eq" file="scripts/reset_eq.maki" />
	<script id="cycle_eq" file="scripts/cycle_eq.maki" />
</groupdef>

<layout id="normal" minimum_h="130" minimum_w="290" maximum_h="130" maximum_w="290" default_h="130" default_w="290" linkwidth="normal">
	<Wasabi:StandardFrame:EQ
		x="0" y="0" w="0" h="0" relatw="1" relath="1"
		content="eq.content.group"
		padtitleright="18"
		shade="shade"
		param="eq"
	/>
</layout>
