<!-- GAMMA SETS in alphabetical order-->
<!-- 84 Themes -->

<!-- DEFAULT GAMMA SET SECTION -->
	<gammaset id="Default">
		<gammagroup id="Backgrounds" value="0,0,0"/>
		<gammagroup id="Buttons" value="0,0,0"/>
		<gammagroup id="Buttons_Shade" value="0,0,0"/>
		<gammagroup id="Menus" value="0,0,0"/>
		<gammagroup id="Fonts" value="0,0,0"/>
		<gammagroup id="Ticker Fonts" value="0,0,0"/>
		<gammagroup id="Slider Backgrounds" value="0,0,0"/>
		<gammagroup id="Sliders" value="0,0,0"/>
		<gammagroup id="HSliders" value="0,0,0"/>
		<gammagroup id="Button Backgrounds" value="0,0,0"/>
		<gammagroup id="Screen Backgrounds" value="0,0,0"/>
		<gammagroup id="displaydetail" value="0,0,0"/>
	</gammaset>
	<gammaset id="Default Variation">
		<gammagroup id="Backgrounds" value="0,0,0"/>
		<gammagroup id="Buttons" value="0,0,0"/>
		<gammagroup id="Buttons_Shade" value="0,0,0"/>
		<gammagroup id="Menus" value="0,0,0"/>
		<gammagroup id="Fonts" value="-928,-1152,2144"/>
		<gammagroup id="Ticker Fonts" value="0,0,0"/>
		<gammagroup id="Slider Backgrounds" value="0,0,0"/>
		<gammagroup id="Sliders" value="0,0,0"/>
		<gammagroup id="HSliders" value="0,0,0"/>
		<gammagroup id="Button Backgrounds" value="0,0,0"/>
		<gammagroup id="Screen Backgrounds" value="0,0,0"/>
		<gammagroup id="displaydetail" value="0,0,0"/>
	</gammaset>
	<gammaset id="Default Blue Overlay">
		<gammagroup id="Backgrounds" value="0,300,1700"/>
		<gammagroup id="Buttons" value="0,0,1700"/>
		<gammagroup id="Buttons_Shade" value="0,300,1700"/>
		<gammagroup id="Menus" value="0,0,700"/>
		<gammagroup id="Fonts" value="-928,-1152,2144"/>
		<gammagroup id="Ticker Fonts" value="-2000,-2000,2000"/>
		<gammagroup id="Slider Backgrounds" value="0,0,0"/>
		<gammagroup id="Sliders" value="-4096,4096,4096" gray="2"/>
		<gammagroup id="HSliders" value="-2209,-2200,6785" gray="2"/>
		<gammagroup id="Button Backgrounds" value="0,0,1700"/>
		<gammagroup id="Screen Backgrounds" value="0,0,1700"/>
		<gammagroup id="displaydetail" value="0,0,1700"/>
	</gammaset>

<!-- FRAME GAMMA SET SECTION -->
	<gammaset id="Frame | Black Charcoal">
		<gammagroup id="Backgrounds" value="-2800,-2800,-2800" gray="1"/>
		<gammagroup id="Buttons" value="0,0,0"/>
		<gammagroup id="Buttons_Shade" value="-2318,-2260,-2231" gray="1"/>
		<gammagroup id="Menus" value="0,0,0"/>
		<gammagroup id="Fonts" value="-1677,-1677,-1618"/>
		<gammagroup id="Ticker Fonts" value="-1298,-1269,-1269"/>
		<gammagroup id="Slider Backgrounds" value="0,0,0"/>
		<gammagroup id="Sliders" value="0,0,0"/>
		<gammagroup id="HSliders" value="0,0,0"/>
		<gammagroup id="Button Backgrounds" value="0,0,0"/>
		<gammagroup id="Screen Backgrounds" value="0,0,0"/>
		<gammagroup id="displaydetail" value="0,0,0"/>
	</gammaset>
	<gammaset id="Frame | Blue Cobalt">
		<gammagroup id="Backgrounds" value="-3072,-1824,-32" gray="2"/>
		<gammagroup id="Buttons" value="0,0,0"/>
		<gammagroup id="Buttons_Shade" value="-2260,-1006,830" gray="2"/>
		<gammagroup id="Menus" value="0,0,0"/>
		<gammagroup id="Fonts" value="-2930,-1764,0"/>
		<gammagroup id="Ticker Fonts" value="-2668,-1298,0"/>
		<gammagroup id="Slider Backgrounds" value="0,0,0"/>
		<gammagroup id="Sliders" value="0,0,0"/>
		<gammagroup id="HSliders" value="0,0,0"/>
		<gammagroup id="Button Backgrounds" value="0,0,0"/>
		<gammagroup id="Screen Backgrounds" value="0,0,0"/>
		<gammagroup id="displaydetail" value="0,0,0"/>
	</gammaset>
	<gammaset id="Frame | Blue Midnight">
		<gammagroup id="Backgrounds" value="-4096,-3455,-2464" gray="2"/>
		<gammagroup id="Buttons" value="0,0,0"/>
		<gammagroup id="Buttons_Shade" value="-2289,-1444,-248"/>
		<gammagroup id="Menus" value="0,0,0"/>
		<gammagroup id="Fonts" value="-3251,-2318,-598"/>
		<gammagroup id="Ticker Fonts" value="-4096,-2464,-2143"/>
		<gammagroup id="Slider Backgrounds" value="0,0,0"/>
		<gammagroup id="Sliders" value="0,0,0"/>
		<gammagroup id="HSliders" value="0,0,0"/>
		<gammagroup id="Button Backgrounds" value="0,0,0"/>
		<gammagroup id="Screen Backgrounds" value="0,0,0"/>
		<gammagroup id="displaydetail" value="0,0,0"/>
	</gammaset>
	<gammaset id="Frame | Blue Navy">
		<gammagroup id="Backgrounds" value="-2496,-2496,-32" gray="2"/>
		<gammagroup id="Buttons" value="0,0,0"/>
		<gammagroup id="Buttons_Shade" value="-2496,-2496,-32" gray="2"/>
		<gammagroup id="Menus" value="0,0,0"/>
		<gammagroup id="Fonts" value="-2376,-2202,0"/>
		<gammagroup id="Ticker Fonts" value="-2581,-2376,0"/>
		<gammagroup id="Slider Backgrounds" value="0,0,0"/>
		<gammagroup id="Sliders" value="0,0,0"/>
		<gammagroup id="HSliders" value="0,0,0"/>
		<gammagroup id="Button Backgrounds" value="0,0,0"/>
		<gammagroup id="Screen Backgrounds" value="0,0,0"/>
		<gammagroup id="displaydetail" value="0,0,0"/>
	</gammaset>
	<gammaset id="Frame | Blue Sky">
		<gammagroup id="Backgrounds" value="-4096,-1094,1122" gray="2"/>
		<gammagroup id="Buttons" value="0,0,0"/>
		<gammagroup id="Buttons_Shade" value="-4096,-1094,1122" gray="2"/>
		<gammagroup id="Menus" value="0,0,0"/>
		<gammagroup id="Fonts" value="-4096,0,4096"/>
		<gammagroup id="Ticker Fonts" value="-4096,4096,4096"/>
		<gammagroup id="Slider Backgrounds" value="0,0,0"/>
		<gammagroup id="Sliders" value="0,0,0"/>
		<gammagroup id="HSliders" value="0,0,0"/>
		<gammagroup id="Button Backgrounds" value="0,0,0"/>
		<gammagroup id="Screen Backgrounds" value="0,0,0"/>
		<gammagroup id="displaydetail" value="0,0,0"/>
	</gammaset>
	<gammaset id="Frame | Blue Ultramarine">
		<gammagroup id="Backgrounds" value="-2272,-1910,4096" gray="2"/>
		<gammagroup id="Buttons" value="0,0,0"/>
		<gammagroup id="Buttons_Shade" value="-2272,-1910,4096" gray="2"/>
		<gammagroup id="Menus" value="0,0,0"/>
		<gammagroup id="Fonts" value="-2376,-1210,4096"/>
		<gammagroup id="Ticker Fonts" value="-2376,-656,4096"/>
		<gammagroup id="Slider Backgrounds" value="0,0,0"/>
		<gammagroup id="Sliders" value="0,0,0"/>
		<gammagroup id="HSliders" value="0,0,0"/>
		<gammagroup id="Button Backgrounds" value="0,0,0"/>
		<gammagroup id="Screen Backgrounds" value="0,0,0"/>
		<gammagroup id="displaydetail" value="0,0,0"/>
	</gammaset>
	<gammaset id="Frame | Brown">
		<gammagroup id="Backgrounds" value="-1706,-2901,-4096" gray="2"/>
		<gammagroup id="Buttons" value="0,0,0"/>
		<gammagroup id="Buttons_Shade" value="-1327,-2114,-2522" gray="2"/>
		<gammagroup id="Menus" value="0,0,0"/>
		<gammagroup id="Fonts" value="-1269,-2726,-4096"/>
		<gammagroup id="Ticker Fonts" value="-948,-2347,-4096"/>
		<gammagroup id="Slider Backgrounds" value="0,0,0"/>
		<gammagroup id="Sliders" value="0,0,0"/>
		<gammagroup id="HSliders" value="0,0,0"/>
		<gammagroup id="Button Backgrounds" value="0,0,0"/>
		<gammagroup id="Screen Backgrounds" value="0,0,0"/>
		<gammagroup id="displaydetail" value="0,0,0"/>
	</gammaset>
	<gammaset id="Frame | Brown Hazel">
		<gammagroup id="Backgrounds" value="-1628,-2493,-4096" gray="2"/>
		<gammagroup id="Buttons" value="0,0,0"/>
		<gammagroup id="Buttons_Shade" value="-1628,-2493,-4096" gray="2"/>
		<gammagroup id="Menus" value="0,0,0"/>
		<gammagroup id="Fonts" value="-2056,-2755,-4096"/>
		<gammagroup id="Ticker Fonts" value="-1065,-2318,-4096"/>
		<gammagroup id="Slider Backgrounds" value="0,0,0"/>
		<gammagroup id="Sliders" value="0,0,0"/>
		<gammagroup id="HSliders" value="0,0,0"/>
		<gammagroup id="Button Backgrounds" value="0,0,0"/>
		<gammagroup id="Screen Backgrounds" value="0,0,0"/>
		<gammagroup id="displaydetail" value="0,0,0"/>
	</gammaset>
	<gammaset id="Frame | Brown Red">
		<gammagroup id="Backgrounds" value="-919,-2716,-4096" gray="2"/>
		<gammagroup id="Buttons" value="0,0,0"/>
		<gammagroup id="Buttons_Shade" value="-919,-2716,-4096" gray="2"/>
		<gammagroup id="Menus" value="0,0,0"/>
		<gammagroup id="Fonts" value="-656,-2668,-4096"/>
		<gammagroup id="Ticker Fonts" value="-1152,-1939,-4096"/>
		<gammagroup id="Slider Backgrounds" value="0,0,0"/>
		<gammagroup id="Sliders" value="0,0,0"/>
		<gammagroup id="HSliders" value="0,0,0"/>
		<gammagroup id="Button Backgrounds" value="0,0,0"/>
		<gammagroup id="Screen Backgrounds" value="0,0,0"/>
		<gammagroup id="displaydetail" value="0,0,0"/>
	</gammaset>
	<gammaset id="Frame | Green">
		<gammagroup id="Backgrounds" value="-4096,-1291,-4096" gray="2"/>
		<gammagroup id="Buttons" value="0,0,0"/>
		<gammagroup id="Buttons_Shade" value="-4096,-1291,-4096" gray="2"/>
		<gammagroup id="Menus" value="0,0,0"/>
		<gammagroup id="Fonts" value="-4096,-802,-4096"/>
		<gammagroup id="Ticker Fonts" value="-4096,-511,-4096"/>
		<gammagroup id="Slider Backgrounds" value="0,0,0"/>
		<gammagroup id="Sliders" value="0,0,0"/>
		<gammagroup id="HSliders" value="0,0,0"/>
		<gammagroup id="Button Backgrounds" value="0,0,0"/>
		<gammagroup id="Screen Backgrounds" value="0,0,0"/>
		<gammagroup id="displaydetail" value="0,0,0"/>
	</gammaset>
	<gammaset id="Frame | Green Emerald">
		<gammagroup id="Backgrounds" value="-4096,-326,-4096" gray="2"/>
		<gammagroup id="Buttons" value="0,0,0"/>
		<gammagroup id="Buttons_Shade" value="-4096,-326,-4096" gray="2"/>
		<gammagroup id="Menus" value="0,0,0"/>
		<gammagroup id="Fonts" value="-4096,0,-4096"/>
		<gammagroup id="Ticker Fonts" value="-4096,4096,-4096"/>
		<gammagroup id="Slider Backgrounds" value="0,0,0"/>
		<gammagroup id="Sliders" value="0,0,0"/>
		<gammagroup id="HSliders" value="0,0,0"/>
		<gammagroup id="Button Backgrounds" value="0,0,0"/>
		<gammagroup id="Screen Backgrounds" value="0,0,0"/>
		<gammagroup id="displaydetail" value="0,0,0"/>
	</gammaset>
	<gammaset id="Frame | Green Forest">
		<gammagroup id="Backgrounds" value="-4096,-1830,-1830" gray="2"/>
		<gammagroup id="Buttons" value="0,0,0"/>
		<gammagroup id="Buttons_Shade" value="-4096,-1830,-1830" gray="2"/>
		<gammagroup id="Menus" value="0,0,0"/>
		<gammagroup id="Fonts" value="-4096,-1589,-1677"/>
		<gammagroup id="Ticker Fonts" value="-4096,-1502,-1473"/>
		<gammagroup id="Slider Backgrounds" value="0,0,0"/>
		<gammagroup id="Sliders" value="0,0,0"/>
		<gammagroup id="HSliders" value="0,0,0"/>
		<gammagroup id="Button Backgrounds" value="0,0,0"/>
		<gammagroup id="Screen Backgrounds" value="0,0,0"/>
		<gammagroup id="displaydetail" value="0,0,0"/>
	</gammaset>
	<gammaset id="Frame | Magenta">
		<gammagroup id="Backgrounds" value="-663,-4096,-685" gray="2"/>
		<gammagroup id="Buttons" value="0,0,0"/>
		<gammagroup id="Buttons_Shade" value="-663,-4096,-685" gray="2"/>
		<gammagroup id="Menus" value="0,0,0"/>
		<gammagroup id="Fonts" value="-1181,-4096,-1035"/>
		<gammagroup id="Ticker Fonts" value="0,-4096,0"/>
		<gammagroup id="Slider Backgrounds" value="0,0,0"/>
		<gammagroup id="Sliders" value="0,0,0"/>
		<gammagroup id="HSliders" value="0,0,0"/>
		<gammagroup id="Button Backgrounds" value="0,0,0"/>
		<gammagroup id="Screen Backgrounds" value="0,0,0"/>
		<gammagroup id="displaydetail" value="0,0,0"/>
	</gammaset>
	<gammaset id="Frame | Orange">
		<gammagroup id="Backgrounds" value="4096,-1471,-4096"/>
		<gammagroup id="Buttons" value="0,0,0"/>
		<gammagroup id="Buttons_Shade" value="4096,-1471,-4096"/>
		<gammagroup id="Menus" value="0,0,0"/>
		<gammagroup id="Fonts" value="4096,-1502,-4096"/>
		<gammagroup id="Ticker Fonts" value="4096,-1006,-4096"/>
		<gammagroup id="Slider Backgrounds" value="0,0,0"/>
		<gammagroup id="Sliders" value="0,0,0"/>
		<gammagroup id="HSliders" value="0,0,0"/>
		<gammagroup id="Button Backgrounds" value="0,0,0"/>
		<gammagroup id="Screen Backgrounds" value="0,0,0"/>
		<gammagroup id="displaydetail" value="0,0,0"/>
	</gammaset>
	<gammaset id="Frame | Purple">
		<gammagroup id="Backgrounds" value="-1830,-4096,-371" gray="2"/>
		<gammagroup id="Buttons" value="0,0,0"/>
		<gammagroup id="Buttons_Shade" value="-1830,-4096,-371" gray="1"/>
		<gammagroup id="Menus" value="0,0,0"/>
		<gammagroup id="Fonts" value="-1065,-4096,1472"/>
		<gammagroup id="Ticker Fonts" value="4096,4096,4096"/>
		<gammagroup id="Slider Backgrounds" value="0,0,0"/>
		<gammagroup id="Sliders" value="0,0,0"/>
		<gammagroup id="HSliders" value="0,0,0"/>
		<gammagroup id="Button Backgrounds" value="0,0,0"/>
		<gammagroup id="Screen Backgrounds" value="0,0,0"/>
		<gammagroup id="displaydetail" value="0,0,0"/>
	</gammaset>
	<gammaset id="Frame | Purple Pale">
		<gammagroup id="Backgrounds" value="-1875,-2289,-371" gray="2"/>
		<gammagroup id="Buttons" value="0,0,0"/>
		<gammagroup id="Buttons_Shade" value="-1875,-2289,-371" gray="2"/>
		<gammagroup id="Menus" value="0,0,0"/>
		<gammagroup id="Fonts" value="-1881,-2581,0"/>
		<gammagroup id="Ticker Fonts" value="4096,4096,4096"/>
		<gammagroup id="Slider Backgrounds" value="0,0,0"/>
		<gammagroup id="Sliders" value="0,0,0"/>
		<gammagroup id="HSliders" value="0,0,0"/>
		<gammagroup id="Button Backgrounds" value="0,0,0"/>
		<gammagroup id="Screen Backgrounds" value="0,0,0"/>
		<gammagroup id="displaydetail" value="0,0,0"/>
	</gammaset>
	<gammaset id="Frame | Purple Violet">
		<gammagroup id="Backgrounds" value="-2301,-4096,0" gray="2"/>
		<gammagroup id="Buttons" value="0,0,0"/>
		<gammagroup id="Buttons_Shade" value="-2301,-4096,0" gray="1"/>
		<gammagroup id="Menus" value="0,0,0"/>
		<gammagroup id="Fonts" value="-977,-4096,1792"/>
		<gammagroup id="Ticker Fonts" value="4096,4096,4096"/>
		<gammagroup id="Slider Backgrounds" value="0,0,0"/>
		<gammagroup id="Sliders" value="0,0,0"/>
		<gammagroup id="HSliders" value="0,0,0"/>
		<gammagroup id="Button Backgrounds" value="0,0,0"/>
		<gammagroup id="Screen Backgrounds" value="0,0,0"/>
		<gammagroup id="displaydetail" value="0,0,0"/>
	</gammaset>
	<gammaset id="Frame | Red">
		<gammagroup id="Backgrounds" value="-482,-4096,-4096"/>
		<gammagroup id="Buttons" value="0,0,0"/>
		<gammagroup id="Buttons_Shade" value="-482,-4096,-4096" gray="1"/>
		<gammagroup id="Menus" value="0,0,0"/>
		<gammagroup id="Fonts" value="160,-4096,-4096"/>
		<gammagroup id="Ticker Fonts" value="4096,4096,4096"/>
		<gammagroup id="Slider Backgrounds" value="0,0,0"/>
		<gammagroup id="Sliders" value="0,0,0"/>
		<gammagroup id="HSliders" value="0,0,0"/>
		<gammagroup id="Button Backgrounds" value="0,0,0"/>
		<gammagroup id="Screen Backgrounds" value="0,0,0"/>
		<gammagroup id="displaydetail" value="0,0,0"/>
	</gammaset>
	<gammaset id="Frame | Snow">
		<gammagroup id="Backgrounds" value="596,608,5846" gray="2"/>
		<gammagroup id="Buttons" value="0,0,0"/>
		<gammagroup id="Buttons_Shade" value="596,608,5846" gray="2"/>
		<gammagroup id="Menus" value="0,0,0"/>
		<gammagroup id="Fonts" value="422,467,5843"/>
		<gammagroup id="Ticker Fonts" value="0,0,0"/>
		<gammagroup id="Slider Backgrounds" value="0,0,0"/>
		<gammagroup id="Sliders" value="0,0,0"/>
		<gammagroup id="HSliders" value="0,0,0"/>
		<gammagroup id="Button Backgrounds" value="0,0,0"/>
		<gammagroup id="Screen Backgrounds" value="0,0,0"/>
		<gammagroup id="displaydetail" value="0,0,0"/>
	</gammaset>
	<gammaset id="Frame | Teal">
		<gammagroup id="Backgrounds" value="-4096,0,0" gray="2"/>
		<gammagroup id="Buttons" value="0,0,0"/>
		<gammagroup id="Buttons_Shade" value="-4096,0,0" gray="2"/>
		<gammagroup id="Menus" value="0,0,0"/>
		<gammagroup id="Fonts" value="-4096,0,0"/>
		<gammagroup id="Ticker Fonts" value="-4096,-1735,0"/>
		<gammagroup id="Slider Backgrounds" value="0,0,0"/>
		<gammagroup id="Sliders" value="0,0,0"/>
		<gammagroup id="HSliders" value="0,0,0"/>
		<gammagroup id="Button Backgrounds" value="0,0,0"/>
		<gammagroup id="Screen Backgrounds" value="0,0,0"/>
		<gammagroup id="displaydetail" value="0,0,0"/>
	</gammaset>
	<gammaset id="Frame | Ultraviolet">
		<gammagroup id="Backgrounds" value="1297,-4096,4096"/>
		<gammagroup id="Buttons" value="0,0,0"/>
		<gammagroup id="Buttons_Shade" value="1297,-4096,4096"/>
		<gammagroup id="Menus" value="0,0,0"/>
		<gammagroup id="Fonts" value="-540,-4096,4096"/>
		<gammagroup id="Ticker Fonts" value="4096,-4096,4096"/>
		<gammagroup id="Slider Backgrounds" value="0,0,0"/>
		<gammagroup id="Sliders" value="0,0,0"/>
		<gammagroup id="HSliders" value="0,0,0"/>
		<gammagroup id="Button Backgrounds" value="0,0,0"/>
		<gammagroup id="Screen Backgrounds" value="0,0,0"/>
		<gammagroup id="displaydetail" value="0,0,0"/>
	</gammaset>
	<gammaset id="Frame | Vermillion">
		<gammagroup id="Backgrounds" value="4096,-2121,-4096"/>
		<gammagroup id="Buttons" value="0,0,0"/>
		<gammagroup id="Buttons_Shade" value="4096,-2121,-4096"/>
		<gammagroup id="Menus" value="0,0,0"/>
		<gammagroup id="Fonts" value="4096,-1210,-4096"/>
		<gammagroup id="Ticker Fonts" value="4096,-1240,-4096"/>
		<gammagroup id="Slider Backgrounds" value="0,0,0"/>
		<gammagroup id="Sliders" value="0,0,0"/>
		<gammagroup id="HSliders" value="0,0,0"/>
		<gammagroup id="Button Backgrounds" value="0,0,0"/>
		<gammagroup id="Screen Backgrounds" value="0,0,0"/>
		<gammagroup id="displaydetail" value="0,0,0"/>
	</gammaset>


<!-- GBA GAMMA SETS SECTION -->
	<gammaset id="GameBoyAdvance | Cobalt">
		<gammagroup id="Backgrounds" value="-3040, -2272, -864" gray="2"/>
		<gammagroup id="Buttons" value="-1344, -1184, -1056" gray="2"/>
		<gammagroup id="Buttons_Shade" value="-1344, -1184, -1056" gray="2"/>
		<gammagroup id="Menus" value="-3040, -2272, -864" gray="2"/>
		<gammagroup id="Fonts" value="-1793,-1793,-1793" gray="2"/>
		<gammagroup id="Ticker Fonts" value="-1706,-1735,-1764" gray="2"/>
		<gammagroup id="Slider Backgrounds" value="-2606, -2407, -1762" gray="2"/>
		<gammagroup id="Sliders"  value="-2112, -1440, -1600" gray="1"/>
		<gammagroup id="HSliders" value="-992, 0, 96" gray="2"/>
		<gammagroup id="Button Backgrounds" value="-3040, -2272, -864" gray="1"/>
		<gammagroup id="Screen Backgrounds" value="-3040, -2272, -864" gray="1"/>
		<gammagroup id="displaydetail" value="-3040, -2272, -864" gray="2"/>
	</gammaset>
	<gammaset id="GameBoyAdvance | Flame">
		<gammagroup id="Backgrounds" value="-608, -3392, -3104" gray="2"/>
		<gammagroup id="Buttons" value="-1344, -1184, -1056" gray="2"/>
		<gammagroup id="Buttons_Shade" value="-1344, -1184, -1056" gray="2"/>
		<gammagroup id="Menus" value="-608, -3392, -3104" gray="2"/>
		<gammagroup id="Fonts" value="-1793,-1793,-1793" gray="2"/>
		<gammagroup id="Ticker Fonts" value="-1706,-1735,-1764" gray="2"/>
		<gammagroup id="Slider Backgrounds" value="-2606, -2407, -1762" gray="2"/>
		<gammagroup id="Sliders"  value="-2112, -1440, -1600" gray="1"/>
		<gammagroup id="HSliders" value="-992, 0, 96" gray="2"/>
		<gammagroup id="Button Backgrounds" value="-608, -3392, -3104" gray="2"/>
		<gammagroup id="Screen Backgrounds" value="-160, -192, -256" gray="1"/>
		<gammagroup id="displaydetail" value="-608, -3392, -3104" gray="2"/>
	</gammaset>
	<gammaset id="GameBoyAdvance | Forest Green">
		<gammagroup id="Backgrounds" value="-4096,-2400,-2376" gray="2"/>
		<gammagroup id="Buttons" value="-1344,-1184,-1056" gray="2"/>
		<gammagroup id="Buttons_Shade" value="-1344,-1184,-1056" gray="2"/>
		<gammagroup id="Menus" value="-2592, -2400, -2464" gray="2"/>
		<gammagroup id="Fonts" value="-1793,-1793,-1793" gray="2"/>
		<gammagroup id="Ticker Fonts" value="-1706,-1735,-1764" gray="2"/>
		<gammagroup id="Slider Backgrounds" value="-2606, -2407, -1762" gray="2"/>
		<gammagroup id="Sliders" value="-4096,-2638,-2638" gray="1"/>
		<gammagroup id="HSliders" value="-992, 0, 96" gray="2"/>
		<gammagroup id="Button Backgrounds" value="-2592, -2400, -2464" gray="2"/>
		<gammagroup id="Screen Backgrounds" value="-2592, -2400, -2464" gray="2"/>
		<gammagroup id="displaydetail" value="-4096,-2400,-2376" gray="2"/>
	</gammaset>
	<gammaset id="GameBoyAdvance | Onyx">
		<gammagroup id="Backgrounds" value="-2592, -2400, -2464" gray="2"/>
		<gammagroup id="Buttons" value="-1344, -1184, -1056" gray="2"/>
		<gammagroup id="Buttons_Shade" value="-1344,-1184,-1056" gray="2"/>
		<gammagroup id="Menus" value="-2592, -2400, -2464" gray="2"/>
		<gammagroup id="Fonts" value="-1793,-1793,-1793" gray="2"/>
		<gammagroup id="Ticker Fonts" value="-1706,-1735,-1764" gray="2"/>
		<gammagroup id="Slider Backgrounds" value="-2606, -2407, -1762" gray="2"/>
		<gammagroup id="Sliders"  value="-2112, -1440, -1600" gray="1"/>
		<gammagroup id="HSliders" value="-992, 0, 96" gray="2"/>
		<gammagroup id="Button Backgrounds" value="-2592, -2400, -2464" gray="2"/>
		<gammagroup id="Screen Backgrounds" value="-2592, -2400, -2464" gray="2"/>
		<gammagroup id="displaydetail" value="-2592, -2400, -2464" gray="2"/>
	</gammaset>	
	<gammaset id="GameBoyAdvance | Platinum">
		<gammagroup id="Backgrounds" value="-160, -192, -256" gray="1"/>
		<gammagroup id="Buttons" value="-1344, -1184, -1056" gray="2"/>
		<gammagroup id="Buttons_Shade" value="-1344,-1184,-1056" gray="2"/>
		<gammagroup id="Menus" value="-160, -192, -256" gray="2"/>
		<gammagroup id="Fonts" value="-1793,-1793,-1793" gray="2"/>
		<gammagroup id="Ticker Fonts" value="-1706,-1735,-1764" gray="2"/>
		<gammagroup id="Slider Backgrounds" value="-2606, -2407, -1762" gray="2"/>
		<gammagroup id="Sliders"  value="-2112, -1440, -1600" gray="1"/>
		<gammagroup id="HSliders" value="-992, 0, 96" gray="2"/>
		<gammagroup id="Button Backgrounds" value="-160, -192, -256" gray="1"/>
		<gammagroup id="Screen Backgrounds" value="-160, -192, -256" gray="1"/>
		<gammagroup id="displaydetail" value="-160, -192, -256" gray="1"/>
	</gammaset>
	<gammaset id="GameBoyAdvance | Platinum Light">
		<gammagroup id="Backgrounds" value="-160,-192,-256" gray="1"/>
		<gammagroup id="Buttons" value="0,0,0" gray="2"/>
		<gammagroup id="Buttons_Shade" value="0,0,0" gray="2"/>
		<gammagroup id="Menus" value="-160, -192, -256" gray="2"/>
		<gammagroup id="Fonts" value="-1796,-1745,-1720" gray="1"/>
		<gammagroup id="Ticker Fonts" value="4096,4096,4096"/>
		<gammagroup id="Slider Backgrounds" value="-2606, -2407, -1762" gray="2"/>
		<gammagroup id="Sliders" value="2401,2401,2452" gray="2"/>
		<gammagroup id="HSliders" value="-992, 0, 96" gray="2"/>
		<gammagroup id="Button Backgrounds" value="-160, -192, -256" gray="1"/>
		<gammagroup id="Screen Backgrounds" value="-160, -192, -256" gray="1"/>
		<gammagroup id="displaydetail" value="-160,-192,-152" gray="2"/>
	</gammaset>

<!-- LCARS GAMMAS SETS SECTION -->
	<gammaset id="LCARS | Blue">
		<gammagroup id="Backgrounds" value="800, 800, 2432"/>
		<gammagroup id="Buttons" value="0,0,0"/>
		<gammagroup id="Buttons_Shade" value="800, 800, 2432"/>
		<gammagroup id="Menus" value="0,300,1700"/>
		<gammagroup id="Fonts" value="-928,-1152,2144"/>
		<gammagroup id="Ticker Fonts" value="-881,-538,5865"/>
		<gammagroup id="Slider Backgrounds" value="0,0,0"/>
		<gammagroup id="Sliders" value="-2436,-1522,7362" gray="1"/>
		<gammagroup id="HSliders" value="-960, -960, 3392"/>
		<gammagroup id="Button Backgrounds" value="0,0,0"/>
		<gammagroup id="Screen Backgrounds" value="0,0,0"/>
		<gammagroup id="displaydetail" value="0,0,0"/>
	</gammaset>
	<gammaset id="LCARS | Blue Light"> 
		<gammagroup id="Backgrounds" value="800, 800, 4064" gray="2"/>
		<gammagroup id="Buttons" value="0,0,0"/>
		<gammagroup id="Buttons_Shade" value="800, 800, 4064" gray="2"/>
		<gammagroup id="Menus" value="0,300,1700"/>
		<gammagroup id="Fonts" value="-928,-1152,2144"/>
		<gammagroup id="Ticker Fonts" value="-881,-538,5865"/>
		<gammagroup id="Slider Backgrounds" value="0,0,0"/>
		<gammagroup id="Sliders" value="-2436,-1522,7362" gray="1"/>
		<gammagroup id="HSliders" value="-960, -960, 3392"/>
		<gammagroup id="Button Backgrounds" value="0,0,0"/>
		<gammagroup id="Screen Backgrounds" value="0,0,0"/>
		<gammagroup id="displaydetail" value="0,0,0"/>
	</gammaset> 
	<gammaset id="LCARS | Pink Lemonade">
		<gammagroup id="Backgrounds" value="2432,-832,-832" gray="2"/>
		<gammagroup id="Buttons" value="0,0,0"/>
		<gammagroup id="Buttons_Shade" value="2432,-832,-832" gray="2"/>
		<gammagroup id="Menus" value="0,300,1700"/>
		<gammagroup id="Fonts" value="3672,-553,-1836"/>
		<gammagroup id="Ticker Fonts" value="4000,-2000,-2000"/>
		<gammagroup id="Slider Backgrounds" value="2432,-832,-832" gray="2"/>
		<gammagroup id="Sliders" value="2432,-832,-832" gray="1"/>
		<gammagroup id="HSliders" value="4136,-2068,-2068" gray="2"/>
		<gammagroup id="Button Backgrounds" value="0,0,0"/>
		<gammagroup id="Screen Backgrounds" value="0,0,0"/>
		<gammagroup id="displaydetail" value="0,0,0"/>
	</gammaset>
	<gammaset id="LCARS | Gold Light"> 
		<gammagroup id="Backgrounds" value="4064, 2432, 800" gray="2"/>
		<gammagroup id="Buttons" value="0,0,0"/>
		<gammagroup id="Buttons_Shade" value="4064, 2432, 800" gray="2"/>
		<gammagroup id="Menus" value="0,300,1700"/>
		<gammagroup id="Fonts" value="5466,355,-1822"/>
		<gammagroup id="Ticker Fonts" value="614,612,-1228"/>
		<gammagroup id="Slider Backgrounds" value="2432, -832, -832" gray="2"/>
		<gammagroup id="Sliders" value="2432, 0, -3264" gray="1"/>
		<gammagroup id="HSliders" value="4064, -704, -4096"/>
		<gammagroup id="Button Backgrounds" value="0,0,0"/>
		<gammagroup id="Screen Backgrounds" value="0,0,0"/>
		<gammagroup id="displaydetail" value="0,0,0"/>
	</gammaset>   
	<gammaset id="LCARS | Orange">
		<gammagroup id="Backgrounds" value="4064, 800, -4096"/>
		<gammagroup id="Buttons" value="0,0,0"/>
		<gammagroup id="Buttons_Shade" value="4064, 800, -4096"/>
		<gammagroup id="Menus" value="300,1700,0"/>
		<gammagroup id="Fonts" value="5466,355,-1822"/>
		<gammagroup id="Ticker Fonts" value="614,612,-1228"/>
		<gammagroup id="Slider Backgrounds" value="2432, 0, -3264" gray="2"/>
		<gammagroup id="Sliders" value="2432, 0, -3264" gray="1"/>
		<gammagroup id="HSliders" value="4064, -704, -4096"/>
		<gammagroup id="Button Backgrounds" value="0,0,0"/>
		<gammagroup id="Screen Backgrounds" value="0,0,0"/>
		<gammagroup id="displaydetail" value="0,0,0"/>
	</gammaset>
	<gammaset id="LCARS | Orange Light">
		<gammagroup id="Backgrounds" value="4064, 800, -832" gray="2"/>
		<gammagroup id="Buttons" value="0,0,0"/>
		<gammagroup id="Buttons_Shade" value="4064, 800, -832" gray="2"/>
		<gammagroup id="Menus" value="300,1700,0"/>
		<gammagroup id="Fonts" value="5466,355,-1822"/>
		<gammagroup id="Ticker Fonts" value="614,612,-1228"/>
		<gammagroup id="Slider Backgrounds" value="2432, 0, -3264" gray="2"/>
		<gammagroup id="Sliders" value="2432, 0, -3264" gray="1"/>
		<gammagroup id="HSliders" value="4064, -704, -4096"/>
		<gammagroup id="Button Backgrounds" value="0,0,0"/>
		<gammagroup id="Screen Backgrounds" value="0,0,0"/>
		<gammagroup id="displaydetail" value="0,0,0"/>
	</gammaset>   
	<gammaset id="LCARS | Purple">
		<gammagroup id="Backgrounds" value="352,-1600,352" gray="2"/>
		<gammagroup id="Buttons" value="0,0,0"/>
		<gammagroup id="Buttons_Shade" value="352,-1600,352" gray="2"/>
		<gammagroup id="Menus" value="300,1700,0"/>
		<gammagroup id="Fonts" value="68,-850,2550" gray="2"/>
		<gammagroup id="Ticker Fonts" value="-675,-2128,4256"/>
		<gammagroup id="Slider Backgrounds" value="1471,-2560,5120" gray="2"/>
		<gammagroup id="Sliders" value="4606,-588,5398" gray="2"/>
		<gammagroup id="HSliders" value="2656,-1472,3680"/>
		<gammagroup id="Button Backgrounds" value="0,0,0"/>
		<gammagroup id="Screen Backgrounds" value="0,0,0"/>
		<gammagroup id="displaydetail" value="0,0,0"/>

	</gammaset>
	<gammaset id="LCARS | Purple Light">
		<gammagroup id="Backgrounds" value="2432, 800, 2432" gray="2"/>
		<gammagroup id="Buttons" value="0,0,0"/>
		<gammagroup id="Buttons_Shade" value="2432, 800, 2432" gray="2"/>
		<gammagroup id="Menus" value="300,1700,0"/>
		<gammagroup id="Fonts" value="68,-850,2550" gray="2"/>
		<gammagroup id="Ticker Fonts" value="-675,-2128,4256"/>
		<gammagroup id="Slider Backgrounds" value="1344, -3616, 2560" gray="2"/>
		<gammagroup id="Sliders" value="4606,-588,5398" gray="2"/>
		<gammagroup id="HSliders" value="2656, -1472, 3680"/>
		<gammagroup id="Button Backgrounds" value="0,0,0"/>
		<gammagroup id="Screen Backgrounds" value="0,0,0"/>
		<gammagroup id="displaydetail" value="0,0,0"/>
	</gammaset> 
	<gammaset id="LCARS | Purple II"> 
		<gammagroup id="Backgrounds" value="2432, 800, 2432"/>
		<gammagroup id="Buttons" value="0,0,0"/>
		<gammagroup id="Buttons_Shade" value="2432, 800, 2432"/>
		<gammagroup id="Menus" value="300,1700,0"/>
		<gammagroup id="Fonts" value="68,-850,2550" gray="2"/>
		<gammagroup id="Ticker Fonts" value="-675,-2128,4256"/>
		<gammagroup id="Slider Backgrounds" value="1344, -3616, 2560" gray="2"/>
		<gammagroup id="Sliders" value="1344, -3616, 2560" gray="1"/>
		<gammagroup id="HSliders" value="2656, -1472, 3680"/>
		<gammagroup id="Button Backgrounds" value="0,0,0"/>
		<gammagroup id="Screen Backgrounds" value="0,0,0"/>
		<gammagroup id="displaydetail" value="0,0,0"/>
	</gammaset>
	<gammaset id="LCARS | Red Alert">
		<gammagroup id="Backgrounds" value="4096,-192,-256" gray="1"/>
		<gammagroup id="Buttons" value="2113,-2493,-4096" gray="2"/>
		<gammagroup id="Buttons_Shade" value="2113,-2493,-4096" gray="2"/>
		<gammagroup id="Menus" value="-160,-192,-256" gray="2"/>
		<gammagroup id="Fonts" value="335,-4096,-4096" gray="2"/>
		<gammagroup id="Ticker Fonts" value="4096,4096,4096" gray="2"/>
		<gammagroup id="Slider Backgrounds" value="4096,4096,4096" gray="1"/>
		<gammagroup id="Sliders" value="-715,-4096,-4096" gray="1"/>
		<gammagroup id="HSliders" value="247,-4096,-4096" gray="2"/>
		<gammagroup id="Button Backgrounds" value="4096,4096,4096" gray="1"/>
		<gammagroup id="Screen Backgrounds" value="4096,-4096,-4096" gray="1"/>
		<gammagroup id="displaydetail" value="0,-4096,-4096" gray="1"/>
	</gammaset>

<!-- LOW LIGHT GAMMAS SETS SECTION --> 
	<gammaset id="Low Light | Blue">
		  <gammagroup id="Backgrounds" value="-2606,-2407,-1762"/>
		  <gammagroup id="Buttons" value="-2200,-2000,-1300"/>
		  <gammagroup id="Buttons_Shade" value="-2200,-2000,-1300"/>
		  <gammagroup id="Menus" value="0,0,0"/>
		  <gammagroup id="Fonts" value="-1688,-1675,131"/>
		  <gammagroup id="Slider Backgrounds" value="-2200,-2000,-1300"/>
		  <gammagroup id="Sliders" value="-2200,-2000,-1300"/>
		  <gammagroup id="HSliders" value="-2200,-2000,-1300"/>
		  <gammagroup id="Button Backgrounds" value="-2606,-2407,-1762"/>
		  <gammagroup id="Screen Backgrounds" value="-2000,-2000,-1700"/>
		  <gammagroup id="displaydetail" value="-2000,-2000,-1700"/>
	</gammaset>
	<gammaset id="Low Light | Gray">
		<gammagroup id="Backgrounds" value="-2606,-2407,-1762" gray="2"/>
		<gammagroup id="Buttons" value="-2080,-1952,-1472"/>
		<gammagroup id="Buttons_Shade" value="-2080,-1952,-1472"/>
		<gammagroup id="Menus" value="-2606,-2407,-1762" gray="2"/>
		<gammagroup id="Fonts" value="-2376,-2376,-2376" gray="2"/>
		<gammagroup id="Ticker Fonts" value="-2000,-2000,-1997"/>
		<gammagroup id="Slider Backgrounds" value="-2606,-2407,-1762" gray="2"/>
		<gammagroup id="Sliders" value="-2432,-2432,-2432" gray="1"/>
		<gammagroup id="HSliders" value="-2606,-2407,-1762" gray="1"/>
		<gammagroup id="Button Backgrounds" value="-2080,-1952,-1472"/>
		<gammagroup id="Screen Backgrounds" value="0,0,0" gray="1"/>
		<gammagroup id="displaydetail" value="-2080,-1952,-1472"/>
	</gammaset>
	<gammaset id="Low Light | Gray Scale">
		<gammagroup id="Backgrounds" value="-2606,-2407,-1762" gray="2"/>
		<gammagroup id="Buttons" value="-2606,-2407,-1762" gray="1"/>
		<gammagroup id="Buttons_Shade" value="-2606,-2407,-1762" gray="1"/>
		<gammagroup id="Menus" value="0,0,0"/>
		<gammagroup id="Fonts" value="-2376,-2376,-2376" gray="1"/>
		<gammagroup id="Ticker Fonts" value="-2000,-2000,-1997"/>
		<gammagroup id="Slider Backgrounds" value="-2606, -2407, -1762" gray="2"/>
		<gammagroup id="Sliders"  value="-2432, -2432, -2432" gray="1"/>
		<gammagroup id="HSliders" value="-1984, -1984, -1984" gray="1"/>
		<gammagroup id="Button Backgrounds" value="-2606,-2407,-1762" gray="1"/>
		<gammagroup id="Screen Backgrounds" value="-2606,-2407,-1762" gray="1"/>
		<gammagroup id="displaydetail" value="-2606,-2407,-1762" gray="1"/>
	</gammaset>

<!-- POLICE GAMMA SETS SECTION -->
	<gammaset id="Police">
		<gammagroup id="Backgrounds" value="-2592,-2592,-2112" gray="1"/>
		<gammagroup id="Buttons" value="-2496,-2496,-32" gray="2"/>
		<gammagroup id="Buttons" value="-2496,-2496,-32" gray="2"/>
		<gammagroup id="Menus" value="-3104,-1824,-32" gray="2"/>
		<gammagroup id="Fonts" value="-2654,-2651,0"/>
		<gammagroup id="Ticker Fonts" value="-2304,-2304,480"/>
		<gammagroup id="Slider Backgrounds" value="-3104,-1824,-32" gray="2"/>
		<gammagroup id="Sliders" value="-3104,-1824,-32" gray="1"/>
		<gammagroup id="HSliders" value="-3104,-1824,-32" gray="2"/>
		<gammagroup id="Button Backgrounds" value="-1440,-1440,-352" gray="1"/>
		<gammagroup id="Screen Backgrounds" value="-3104,-1824,-32" gray="2"/>
		<gammagroup id="displaydetail" value="-2496,-2496,-32" gray="2"/>
	</gammaset>
	<gammaset id="Police II">
		<gammagroup id="Backgrounds" value="-2752, -2720, -1920" gray="1"/>
		<gammagroup id="Buttons" value="-2624, -2592, -1696" gray="1"/>
		<gammagroup id="Buttons_Shade" value="-2624, -2592, -1696" gray="1"/>
		<gammagroup id="Menus" value="-3104, -1824, -32" gray="2"/>
		<gammagroup id="Fonts" value="-2654,-2651,0"/>
		<gammagroup id="Ticker Fonts" value="-2304,-2304,480"/>
		<gammagroup id="Slider Backgrounds" value="-3104, -1824, -32" gray="2"/>
		<gammagroup id="Sliders" value="-3200, -1984, -640" gray="1"/>
		<gammagroup id="HSliders" value="-2688, -1984, -640" gray="1"/>
		<gammagroup id="Button Backgrounds" value="-2496, -2496, -1856" gray="1"/>
		<gammagroup id="Screen Backgrounds" value="-3104, -1824, -32" gray="2"/>
		<gammagroup id="displaydetail" value="-2496, -2496, -32" gray="2"/>
	</gammaset>
	<gammaset id="Police|Gray|Gray">
		<gammagroup id="Backgrounds" value="-2592,-2592,-2112" gray="1"/>
		<gammagroup id="Buttons" value="-416,-416,864" gray="2"/>
		<gammagroup id="Buttons_Shade" value="-416,-416,864" gray="2"/>
		<gammagroup id="Menus" value="-3104,-1824,-32" gray="2"/>
		<gammagroup id="Fonts" value="-2436,-689,7362"/>
		<gammagroup id="Ticker Fonts" value="4096,4096,4096"/>
		<gammagroup id="Slider Backgrounds" value="-3104,-1824,-32" gray="2"/>
		<gammagroup id="Sliders" value="-3104,-1824,-32" gray="1"/>
		<gammagroup id="HSliders" value="-3104,-1824,-32" gray="2"/>
		<gammagroup id="Button Backgrounds" value="-1440,-1440,-352" gray="1"/>
		<gammagroup id="Screen Backgrounds" value="-3104,-1824,-32" gray="2"/>
		<gammagroup id="displaydetail" value="-416,-416,864" gray="2"/>
	</gammaset>
	<gammaset id="Police|Gray|Blue">
		<gammagroup id="Backgrounds" value="-2592, -2592, -2112" gray="1"/>
		<gammagroup id="Buttons" value="-3072, -1824, -32" gray="2"/>
		<gammagroup id="Buttons_Shade" value="-3072, -1824, -32" gray="2"/>
		<gammagroup id="Menus" value="-3104, -1824, -32" gray="2"/>
		<gammagroup id="Fonts" value="-2436,-689,7362"/>
		<gammagroup id="Ticker Fonts" value="4096,4096,4096"/>
		<gammagroup id="Slider Backgrounds" value="-3104, -1824, -32" gray="2"/>
		<gammagroup id="Sliders" value="-3104, -1824, -32" gray="1"/>
		<gammagroup id="HSliders" value="-3104, -1824, -32" gray="2"/>
		<gammagroup id="Button Backgrounds" value="-2592, -2592, -2112" gray="1"/>
		<gammagroup id="Screen Backgrounds" value="-3104, -1824, -32" gray="2"/>
		<gammagroup id="displaydetail" value="-3072, -1824, -32" gray="2"/>
	</gammaset>
	<gammaset id="Police|Blue|Blue">
		<gammagroup id="Backgrounds" value="-2816, -2816, -1440" gray="1"/>
		<gammagroup id="Buttons" value="-3072, -1824, -32" gray="2"/>
		<gammagroup id="Buttons_Shade" value="-3072, -1824, -32" gray="2"/>
		<gammagroup id="Menus" value="-3104, -1824, -32" gray="2"/>
		<gammagroup id="Fonts" value="-2436,-689,7362"/>
		<gammagroup id="Ticker Fonts" value="4096,4096,4096"/>
		<gammagroup id="Slider Backgrounds" value="-3104, -1824, -32" gray="2"/>
		<gammagroup id="Sliders" value="-3104, -1824, -32" gray="1"/>
		<gammagroup id="HSliders" value="-3104, -1824, -32" gray="2"/>
		<gammagroup id="Button Backgrounds" value="-1440, -1440, -352" gray="1"/>
		<gammagroup id="Screen Backgrounds" value="-3104, -1824, -32" gray="2"/>
		<gammagroup id="displaydetail" value="-2496, -2496, -32" gray="2"/>
	</gammaset>
	<gammaset id="Police|Blue|Gray">
		<gammagroup id="Backgrounds" value="-2816, -2816, -1440" gray="1"/>
		<gammagroup id="Buttons" value="-416, -416, 864" gray="2"/>
		<gammagroup id="Buttons_Shade" value="-416, -416, 864" gray="2"/>
		<gammagroup id="Menus" value="-3104, -1824, -32" gray="2"/>
		<gammagroup id="Fonts" value="-2436,-689,7362"/>
		<gammagroup id="Ticker Fonts" value="4096,4096,4096"/>
		<gammagroup id="Slider Backgrounds" value="-3104, -1824, -32" gray="2"/>
		<gammagroup id="Sliders" value="-3104, -1824, -32" gray="1"/>
		<gammagroup id="HSliders" value="-3104, -1824, -32" gray="2"/>
		<gammagroup id="Button Backgrounds" value="-1440, -1440, -352" gray="1"/>
		<gammagroup id="Screen Backgrounds" value="-3104, -1824, -32" gray="2"/>
		<gammagroup id="displaydetail" value="-416, -416, 864" gray="2"/>
	</gammaset>

<!-- PURE GAMMA SETS SECTION -->
	<gammaset id="Pure | Blue">
		<gammagroup id="Backgrounds" value="-1500,500,4000"/>
		<gammagroup id="Buttons" value="-2272, -1088, 2272" gray="2"/>
		<gammagroup id="Buttons_Shade" value="-2272, -1088, 2272" gray="2"/>
		<gammagroup id="Menus" value="0,-700,1700"/>
		<gammagroup id="Fonts" value="-844,-841,1688"/>
		<gammagroup id="Ticker Fonts" value="-2000,-2000,2000"/>
		<gammagroup id="Slider Backgrounds" value="-1568, -2080, 1568"/>
		<gammagroup id="Sliders" value="-2080, -1952, 1152" gray="1"/>
		<gammagroup id="HSliders" value="-1568, -1568, 2080" gray="1"/>
		<gammagroup id="Button Backgrounds" value="0,0,4000" gray="1"/>
		<gammagroup id="Screen Backgrounds" value="-4096,0,4096"/>
		<gammagroup id="displaydetail" value="-2080, -1952, 1152" gray="1"/>
	</gammaset>
	<gammaset id="Pure | Cobalt">
		<gammagroup id="Backgrounds" value="-3040,-2272,-864" gray="2"/>
		<gammagroup id="Buttons" value="-3193,-2347,-1056" gray="1"/>
		<gammagroup id="Buttons_Shade" value="-3193,-2347,-1056" gray="1"/>
		<gammagroup id="Menus" value="-3040,-2272,-864" gray="2"/>
		<gammagroup id="Fonts" value="-2172,-831,189" gray="2"/>
		<gammagroup id="Ticker Fonts" value="-1385,-656,335" gray="2"/>
		<gammagroup id="Slider Backgrounds" value="-2606,-2027,422" gray="2"/>
		<gammagroup id="Sliders" value="-3076,-2551,-307" gray="1"/>
		<gammagroup id="HSliders" value="-2843,-2114,0" gray="2"/>
		<gammagroup id="Button Backgrounds" value="-3040,-2272,-864" gray="1"/>
		<gammagroup id="Screen Backgrounds" value="-1210,-161,4096" gray="1"/>
		<gammagroup id="displaydetail" value="-3040,-2272,-864" gray="2"/>
	</gammaset>
	<gammaset id="Pure | Green">
		<gammagroup id="Backgrounds" value="500,4000,-2000"/>
		<gammagroup id="Buttons" value="-2272, 1088, -2272" gray="2"/>
		<gammagroup id="Buttons_Shade" value="-2272, 1088, -2272" gray="2"/>
		<gammagroup id="Menus" value="0,700,-1700"/>
		<gammagroup id="Fonts" value="-3072,3072,-3072"/>
		<gammagroup id="Ticker Fonts" value="-2000,2000,-2000"/>
		<gammagroup id="Slider Backgrounds" value="-1568, 2080, -1568"/>
		<gammagroup id="Sliders" value="-1568, 2080, -1568"/>
		<gammagroup id="HSliders" value="-1568, 2080, -1568" gray="1"/>
		<gammagroup id="Button Backgrounds" value="0,1700,0" gray="1"/>
		<gammagroup id="Screen Backgrounds" value="0,3200,0"/>
		<gammagroup id="displaydetail" value="-2272, -448, -2272" gray="2"/>
	</gammaset>
	<gammaset id="Pure | Indigo">
		<gammagroup id="Backgrounds" value="-4000,1478,8000"/>
		<gammagroup id="Buttons" value="-3776,1355,8032" gray="2"/>
		<gammagroup id="Buttons_Shade" value="-3776,1355,8032" gray="2"/>
		<gammagroup id="Menus" value="0,700,-1700"/>
		<gammagroup id="Fonts" value="-3072,-241,6144"/>
		<gammagroup id="Ticker Fonts" value="-2000,862,4000"/>
		<gammagroup id="Slider Backgrounds" value="195,489,648"/>
		<gammagroup id="Sliders" value="-3252,601,7770" gray="1"/>
		<gammagroup id="HSliders" value="-2080,896,4160" gray="1"/>
		<gammagroup id="Button Backgrounds" value="-1869,2772,4113" gray="1"/>
		<gammagroup id="Screen Backgrounds" value="-1600,-731,4800"/>
		<gammagroup id="displaydetail" value="-2272,-448,3192" gray="2"/>
	</gammaset>
	<gammaset id="Pure | Orange">
		<gammagroup id="Backgrounds" value="7770,978,-3252"/>
		<gammagroup id="Buttons" value="7636,1551,-3818" gray="2"/>
		<gammagroup id="Buttons_Shade" value="7636,1551,-3818" gray="2"/>
		<gammagroup id="Menus" value="0,700,-1700"/>
		<gammagroup id="Fonts" value="7752,1830,-3876"/>
		<gammagroup id="Ticker Fonts" value="7886,2328,-3484"/>
		<gammagroup id="Slider Backgrounds" value="7984,95,-3992"/>
		<gammagroup id="Sliders" value="7636,577,-3818" gray="2"/>
		<gammagroup id="HSliders" value="5072,-596,-2536" gray="1"/>
		<gammagroup id="Button Backgrounds" value="6050,569,-1766" gray="1"/>
		<gammagroup id="Screen Backgrounds" value="6137,1106,-2027"/>
		<gammagroup id="displaydetail" value="2464,672,-4064" gray="1"/>
	</gammaset>
	<gammaset id="Pure | Snow">
		<gammagroup id="Backgrounds" value="-160,-192,4096" gray="1"/>
		<gammagroup id="Buttons" value="-307,-307,1822" gray="1"/>
		<gammagroup id="Buttons_Shade" value="-307,-307,1822" gray="1"/>
		<gammagroup id="Menus" value="-160,-192,3804" gray="2"/>
		<gammagroup id="Fonts" value="-844,-841,1688"/>
		<gammagroup id="Ticker Fonts" value="-2000,-2000,2000"/>
		<gammagroup id="Slider Backgrounds" value="-2606,-2407,743" gray="2"/>
		<gammagroup id="Sliders" value="-2112,-1440,4096" gray="1"/>
		<gammagroup id="HSliders" value="-1706,-773,4096" gray="2"/>
		<gammagroup id="Button Backgrounds" value="-160,-192,4096" gray="1"/>
		<gammagroup id="Screen Backgrounds" value="-4096,0,4096"/>
		<gammagroup id="displaydetail" value="-160,-192,4096" gray="1"/>
	</gammaset>
	<gammaset id="Pure | Teal">
		<gammagroup id="Backgrounds" value="-4096,0,0" gray="2"/>
		<gammagroup id="Buttons" value="-4096,1064,1122" gray="2"/>
		<gammagroup id="Buttons_Shade" value="-4096,1064,1122" gray="2"/>
		<gammagroup id="Menus" value="-2592,-2400,-2464" gray="2"/>
		<gammagroup id="Fonts" value="-4096,-861,-890" gray="2"/>
		<gammagroup id="Ticker Fonts" value="-4096,-1152,-1152" gray="2"/>
		<gammagroup id="Slider Backgrounds" value="-4096,-1706,-1762" gray="2"/>
		<gammagroup id="Sliders" value="-4096,-1440,-1444" gray="1"/>
		<gammagroup id="HSliders" value="-4096,-1123,-1123" gray="2"/>
		<gammagroup id="Button Backgrounds" value="-4096,422,393" gray="2"/>
		<gammagroup id="Screen Backgrounds" value="-4096,-1035,-1094" gray="2"/>
		<gammagroup id="displaydetail" value="-4096,-394,-394" gray="2"/>
	</gammaset>
	<gammaset id="Pure | Teal II">
		<gammagroup id="Backgrounds" value="-4096,-2400,-2376" gray="2"/>
		<gammagroup id="Buttons" value="-4096,-1184,-1181" gray="2"/>
		<gammagroup id="Buttons_Shade" value="-4096,-1184,-1181" gray="2"/>
		<gammagroup id="Menus" value="-2592,-2400,-2464" gray="2"/>
		<gammagroup id="Fonts" value="-4096,-1793,-1793" gray="2"/>
		<gammagroup id="Ticker Fonts" value="-4096,-1152,-1152" gray="2"/>
		<gammagroup id="Slider Backgrounds" value="-4096,-1706,-1762" gray="2"/>
		<gammagroup id="Sliders" value="-4096,-1440,-1444" gray="1"/>
		<gammagroup id="HSliders" value="-4096,-1123,-1123" gray="2"/>
		<gammagroup id="Button Backgrounds" value="-4096,-2400,-2376" gray="2"/>
		<gammagroup id="Screen Backgrounds" value="-4096,-1035,-1094" gray="2"/>
		<gammagroup id="displaydetail" value="-4096,-2400,-2376" gray="2"/>
	</gammaset>
	<gammaset id="Pure | Vermillion">
		<gammagroup id="Backgrounds" value="4096,-1531,-4096"/>
		<gammagroup id="Buttons" value="4096,160,-3818" gray="2"/>
		<gammagroup id="Buttons_Shade" value="4096,160,-3818" gray="2"/>
		<gammagroup id="Menus" value="0,700,-1700"/>
		<gammagroup id="Fonts" value="4096,0,-4096"/>
		<gammagroup id="Ticker Fonts" value="4096,-1997,-4096"/>
		<gammagroup id="Slider Backgrounds" value="3483,-861,-3105"/>
		<gammagroup id="Sliders" value="4096,-2668,-4096" gray="1"/>
		<gammagroup id="HSliders" value="4096,-2755,-4096" gray="1"/>
		<gammagroup id="Button Backgrounds" value="4096,-1210,-4096" gray="1"/>
		<gammagroup id="Screen Backgrounds" value="3104,335,-2143"/>
		<gammagroup id="displaydetail" value="4096,-1094,-4096" gray="2"/>
	</gammaset>

<!-- ROYAL GAMMA SETS SECTION -->
	<gammaset id="Royal | Blue">
		<gammagroup id="Backgrounds" value="-3040,-2272,-864" gray="2"/>
		<gammagroup id="Buttons" value="-2551,-1968,-161" gray="2"/>
		<gammagroup id="Buttons_Shade" value="-2551,-1968,-161" gray="2"/>
		<gammagroup id="Menus" value="-3040,-2272,-864" gray="2"/>
		<gammagroup id="Fonts" value="4096,1005,-1210" gray="2"/>
		<gammagroup id="Ticker Fonts" value="4096,-569,-4096" gray="2"/>
		<gammagroup id="Slider Backgrounds" value="-485,-373,-10" gray="2"/>
		<gammagroup id="Sliders" value="1501,-540,-4096" gray="1"/>
		<gammagroup id="HSliders" value="3250,221,-4096" gray="2"/>
		<gammagroup id="Button Backgrounds" value="-3040,-2272,-864" gray="1"/>
		<gammagroup id="Screen Backgrounds" value="4096,2712,188" gray="1"/>
		<gammagroup id="displaydetail" value="-3040,-2272,-864" gray="1"/>
	</gammaset>
	<gammaset id="Royal | Blue | Copper">
		<gammagroup id="Backgrounds" value="-3040,-2272,-864" gray="2"/>
		<gammagroup id="Buttons" value="-2551,-1968,-161" gray="2"/>
		<gammagroup id="Buttons_Shade" value="-2551,-1968,-161" gray="2"/>
		<gammagroup id="Menus" value="-3040,-2272,-864" gray="2"/>
		<gammagroup id="Fonts" value="7984,-676,-3992"/>
		<gammagroup id="Ticker Fonts" value="6352,-942,-3176"/>
		<gammagroup id="Slider Backgrounds" value="3320,-171,-1660" gray="2"/>
		<gammagroup id="Sliders" value="4096,-1356,-4096" gray="1"/>
		<gammagroup id="HSliders" value="4096,-1181,-3250" gray="2"/>
		<gammagroup id="Button Backgrounds" value="-3040,-2272,-864" gray="1"/>
		<gammagroup id="Screen Backgrounds" value="4096,2712,188" gray="1"/>
		<gammagroup id="displaydetail" value="-3040,-2272,-864" gray="1"/>
	</gammaset>
	<gammaset id="Royal | Purple">
		<gammagroup id="Backgrounds" value="-1939,-4096,-1240" gray="2"/>
		<gammagroup id="Buttons" value="-802,-4096,860" gray="2"/>
		<gammagroup id="Buttons_Shade" value="-802,-4096,860" gray="2"/>
		<gammagroup id="Menus" value="-3040,-2272,-864" gray="2"/>
		<gammagroup id="Fonts" value="4096,1005,-1210" gray="2"/>
		<gammagroup id="Ticker Fonts" value="4096,-569,-4096" gray="2"/>
		<gammagroup id="Slider Backgrounds" value="-485,-373,-10" gray="2"/>
		<gammagroup id="Sliders" value="1501,-540,-4096" gray="1"/>
		<gammagroup id="HSliders" value="3250,221,-4096" gray="2"/>
		<gammagroup id="Button Backgrounds" value="-2027,-4096,-864" gray="1"/>
		<gammagroup id="Screen Backgrounds" value="4096,2712,188" gray="1"/>
		<gammagroup id="displaydetail" value="-831,-4096,-161" gray="2"/>
	</gammaset>
	<gammaset id="Royal | Blue II">
		<gammagroup id="Backgrounds" value="-3040,-2272,-864" gray="2"/>
		<gammagroup id="Buttons" value="3526,2747,0" gray="2"/>
		<gammagroup id="Buttons_Shade" value="3526,2747,0" gray="2"/>
		<gammagroup id="Menus" value="-3040,-2272,-864" gray="2"/>
		<gammagroup id="Fonts" value="-2946,-2295,0" gray="2"/>
		<gammagroup id="Ticker Fonts" value="-4096,-2702,-1324" gray="2"/>
		<gammagroup id="Slider Backgrounds" value="-2480,-1892,0" gray="2"/>
		<gammagroup id="Sliders" value="-3426,-3164,-1648" gray="1"/>
		<gammagroup id="HSliders" value="-3222,-4096,-1035" gray="2"/>
		<gammagroup id="Button Backgrounds" value="4052,2807,0" gray="1"/>
		<gammagroup id="Screen Backgrounds" value="-3105,-1633,1035" gray="1"/>
		<gammagroup id="displaydetail" value="-3040,-2272,-864" gray="1"/>
	</gammaset>
	<gammaset id="Royal | Blue II | Copper">
		<gammagroup id="Backgrounds" value="-3040,-2272,-864" gray="2"/>
		<gammagroup id="Buttons" value="1734,-831,-4096" gray="2"/>
		<gammagroup id="Buttons_Shade" value="2113,-977,-4096" gray="2"/>
		<gammagroup id="Menus" value="-3040,-2272,-864" gray="2"/>
		<gammagroup id="Fonts" value="-2946,-2295,0" gray="2"/>
		<gammagroup id="Ticker Fonts" value="-4096,-2702,-1324" gray="2"/>
		<gammagroup id="Slider Backgrounds" value="-2480,-1892,0" gray="2"/>
		<gammagroup id="Sliders" value="-3426,-3164,-1648" gray="1"/>
		<gammagroup id="HSliders" value="-3222,-4096,-1035" gray="2"/>
		<gammagroup id="Button Backgrounds" value="-2544,-2544,-2544" gray="1"/>
		<gammagroup id="Screen Backgrounds" value="4096,2712,188" gray="1"/>
		<gammagroup id="displaydetail" value="-3040,-2272,-864" gray="2"/>
	</gammaset>
	<gammaset id="Royal | Purple II">
		<gammagroup id="Backgrounds" value="-1939,-4096,-1240" gray="2"/>
		<gammagroup id="Buttons" value="3526,2747,0" gray="2"/>
		<gammagroup id="Buttons_Shade" value="3526,2747,0" gray="2"/>
		<gammagroup id="Menus" value="-3040,-2272,-864" gray="2"/>
		<gammagroup id="Fonts" value="-1298,-4096,0" gray="2"/>
		<gammagroup id="Ticker Fonts" value="-1618,-4096,743" gray="2"/>
		<gammagroup id="Slider Backgrounds" value="-2085,-4096,0" gray="2"/>
		<gammagroup id="Sliders" value="-2551,-4096,-1648" gray="1"/>
		<gammagroup id="HSliders" value="-2406,-4096,-1035" gray="2"/>
		<gammagroup id="Button Backgrounds" value="4052,2807,0" gray="1"/>
		<gammagroup id="Screen Backgrounds" value="-394,-4096,4096" gray="1"/>
		<gammagroup id="displaydetail" value="-831,-4096,-161" gray="2"/>
	</gammaset>
	<gammaset id="Royal | Blue III">
		<gammagroup id="Backgrounds" value="-3040,-2272,-864" gray="2"/>
		<gammagroup id="Buttons" value="3526,2747,0" gray="2"/>
		<gammagroup id="Buttons_Shade" value="3526,2747,0" gray="2"/>
		<gammagroup id="Menus" value="-3040,-2272,-864" gray="2"/>
		<gammagroup id="Fonts" value="4096,1005,-1210" gray="2"/>
		<gammagroup id="Ticker Fonts" value="4096,-569,-4096" gray="2"/>
		<gammagroup id="Slider Backgrounds" value="-485,-373,-10" gray="2"/>
		<gammagroup id="Sliders" value="1501,-540,-4096" gray="1"/>
		<gammagroup id="HSliders" value="3250,221,-4096" gray="2"/>
		<gammagroup id="Button Backgrounds" value="4052,2807,0" gray="1"/>
		<gammagroup id="Screen Backgrounds" value="4096,2712,188" gray="1"/>
		<gammagroup id="displaydetail" value="-3040,-2272,-864" gray="2"/>
	</gammaset>
	<gammaset id="Royal | Blue III | Copper">
		<gammagroup id="Backgrounds" value="-3040,-2272,-864" gray="2"/>
		<gammagroup id="Buttons" value="1734,-831,-4096" gray="2"/>
		<gammagroup id="Buttons_Shade" value="2113,-977,-4096" gray="2"/>
		<gammagroup id="Menus" value="-3040,-2272,-864" gray="2"/>
		<gammagroup id="Fonts" value="7984,-676,-3992"/>
		<gammagroup id="Ticker Fonts" value="6352,-942,-3176"/>
		<gammagroup id="Slider Backgrounds" value="3320,-171,-1660" gray="2"/>
		<gammagroup id="Sliders" value="4096,-1356,-4096" gray="1"/>
		<gammagroup id="HSliders" value="4096,-1181,-3250" gray="2"/>
		<gammagroup id="Button Backgrounds" value="-2544,-2544,-2544" gray="1"/>
		<gammagroup id="Screen Backgrounds" value="4096,2712,188" gray="1"/>
		<gammagroup id="displaydetail" value="-3040,-2272,-864" gray="2"/>
	</gammaset>
	<gammaset id="Royal | Purple III">
		<gammagroup id="Backgrounds" value="-1939,-4096,-1240" gray="2"/>
		<gammagroup id="Buttons" value="3526,2747,0" gray="2"/>
		<gammagroup id="Buttons_Shade" value="3526,2747,0" gray="2"/>
		<gammagroup id="Menus" value="-3040,-2272,-864" gray="2"/>
		<gammagroup id="Fonts" value="4096,1005,-1210" gray="2"/>
		<gammagroup id="Ticker Fonts" value="4096,-569,-4096" gray="2"/>
		<gammagroup id="Slider Backgrounds" value="-485,-373,-10" gray="2"/>
		<gammagroup id="Sliders" value="1501,-540,-4096" gray="1"/>
		<gammagroup id="HSliders" value="3250,221,-4096" gray="2"/>
		<gammagroup id="Button Backgrounds" value="4052,2807,0" gray="1"/>
		<gammagroup id="Screen Backgrounds" value="4096,2712,188" gray="1"/>
		<gammagroup id="displaydetail" value="-831,-4096,-161" gray="2"/>
	</gammaset>

<!-- WINAMP GAMMA SETS SECTION -->
	<gammaset id="Wianmp Classic">
		<gammagroup id="Backgrounds" value="-3274,-3639,-2746" gray="1"/>
		<gammagroup id="Buttons" value="1909,1909,1909" gray="2"/>
		<gammagroup id="Buttons_Shade" value="0,0,0" gray="2"/>
		<gammagroup id="Menus" value="-768,2336,-3968" gray="2"/>
		<gammagroup id="Fonts" value="-3072,626,-3072"/>
		<gammagroup id="Ticker Fonts" value="-3076,-1152,-3076"/>
		<gammagroup id="Slider Backgrounds" value="-1568,2080,-1568"/>
		<gammagroup id="Sliders" value="-768,2336,-3968" gray="1"/>
		<gammagroup id="HSliders" value="-768,2336,-3968" gray="1"/>
		<gammagroup id="Button Backgrounds" value="-2857,-4096,-2116" gray="1"/>
		<gammagroup id="Screen Backgrounds" value="-160,-192,-256" gray="1"/>
		<gammagroup id="displaydetail" value="-160,-192,-152" gray="2"/>
	</gammaset>
	<gammaset id="Winamp.com">
		<gammagroup id="Backgrounds" value="4096,860,-4096"/>
		<gammagroup id="Buttons" value="4096,1734,-3863" gray="2"/>
		<gammagroup id="Buttons_Shade" value="0,-3513,-3484" gray="2"/>
		<gammagroup id="Menus" value="0,0,0"/>
		<gammagroup id="Fonts" value="4096,4096,4096"/>
		<gammagroup id="Ticker Fonts" value="-686,-3630,-3892"/>
		<gammagroup id="Slider Backgrounds" value="1588,-4096,-4096"/>
		<gammagroup id="Sliders" value="4096,-3543,-3805" gray="2"/>
		<gammagroup id="HSliders" value="160,-3018,-3513" gray="2"/>
		<gammagroup id="Button Backgrounds" value="4096,1996,-4096" gray="2"/>
		<gammagroup id="Screen Backgrounds" value="0,0,0"/>
		<gammagroup id="displaydetail" value="4096,1996,-4096" gray="2"/>
	</gammaset>
	<gammaset id="Winamp.com II">
		<gammagroup id="Backgrounds" value="-161,-3630,-3834"/>
		<gammagroup id="Buttons" value="4096,1734,-3863" gray="2"/>
		<gammagroup id="Buttons_Shade" value="4096,1763,-3805" gray="2"/>
		<gammagroup id="Menus" value="0,0,0"/>
		<gammagroup id="Fonts" value="4096,4096,4096"/>
		<gammagroup id="Ticker Fonts" value="-686,-3630,-3892"/>
		<gammagroup id="Slider Backgrounds" value="1588,-4096,-4096"/>
		<gammagroup id="Sliders" value="4096,-3543,-3805" gray="2"/>
		<gammagroup id="HSliders" value="160,-3018,-3513" gray="2"/>
		<gammagroup id="Button Backgrounds" value="4096,1996,-4096" gray="2"/>
		<gammagroup id="Screen Backgrounds" value="0,0,0"/>
		<gammagroup id="displaydetail" value="4096,1996,-4096" gray="2"/>
	</gammaset>


<!-- XBOX GAMMA SETS SECTION -->
	<gammaset id="XBOX">
		<gammagroup id="Backgrounds" value="-2944,-2944,-2944" gray="1"/>
		<gammagroup id="Buttons" value="-768,2336,-3968" gray="1"/>
		<gammagroup id="Buttons_Shade" value="-768,2336,-3968" gray="1"/>
		<gammagroup id="Menus" value="-768,2336,-3968" gray="2"/>
		<gammagroup id="Fonts" value="-3072,626,-3072"/>
		<gammagroup id="Ticker Fonts" value="-3076,-1152,-3076"/>
		<gammagroup id="Slider Backgrounds" value="-1568,2080,-1568"/>
		<gammagroup id="Sliders" value="-768,2336,-3968" gray="1"/>
		<gammagroup id="HSliders" value="-768,2336,-3968" gray="1"/>
		<gammagroup id="Button Backgrounds" value="-2544,-2544,-2544" gray="1"/>
		<gammagroup id="Screen Backgrounds" value="-2944,1705,-2944" gray="1"/>
		<gammagroup id="displaydetail" value="-768,2336,-3968" gray="1"/>
	</gammaset>
	<gammaset id="XBOX | Blue">
		<gammagroup id="Backgrounds" value="-2944,-2944,-2944" gray="1"/>
		<gammagroup id="Buttons" value="-2336,-481,4672" gray="1"/>
		<gammagroup id="Buttons_Shade" value="-1618,1588,4096" gray="2"/>
		<gammagroup id="Menus" value="-2336,114,4672" gray="2"/>
		<gammagroup id="Fonts" value="-2360,-2156,4720"/>
		<gammagroup id="Ticker Fonts" value="-2320,-2226,7304"/>
		<gammagroup id="Slider Backgrounds" value="0,0,0"/>
		<gammagroup id="Sliders" value="-2944,-1510,7616" gray="1"/>
		<gammagroup id="HSliders" value="-2944,-1510,7616" gray="1"/>
		<gammagroup id="Button Backgrounds" value="-2544,-2544,-2544" gray="1"/>
		<gammagroup id="Screen Backgrounds" value="-3252,601,7770" gray="1"/>
		<gammagroup id="displaydetail" value="-3702,-762,7404" gray="1"/>
	</gammaset>
	<gammaset id="XBOX | Frost">
		<gammagroup id="Backgrounds" value="-2944,-2944,-2944" gray="1"/>
		<gammagroup id="Buttons" value="12,0,3542" gray="2"/>
		<gammagroup id="Buttons_Shade" value="12,0,3542" gray="2"/>
		<gammagroup id="Menus" value="568,2645,3423" gray="1"/>
		<gammagroup id="Fonts" value="0,519,1020"/>
		<gammagroup id="Ticker Fonts" value="2470,2112,5088"/>
		<gammagroup id="Slider Backgrounds" value="-672,-289,1344" gray="1"/>
		<gammagroup id="Sliders" value="0,1744,3934" gray="1"/>
		<gammagroup id="HSliders" value="473,1577,1990" gray="1"/>
		<gammagroup id="Button Backgrounds" value="-2544,-2544,-2544" gray="1"/>
		<gammagroup id="Screen Backgrounds" value="3453,3277,3910" gray="1"/>
		<gammagroup id="displaydetail" value="498,984,2095" gray="1"/>
	</gammaset>
	<gammaset id="XBOX | Orange">
		<gammagroup id="Backgrounds" value="-2944,-2944,-2944" gray="1"/>
		<gammagroup id="Buttons" value="2464,672,-4064" gray="1"/>
		<gammagroup id="Buttons_Shade" value="4096,1005,-4096" gray="2"/>
		<gammagroup id="Menus" value="2464,672,-4064" gray="1"/>
		<gammagroup id="Fonts" value="7984,-676,-3992"/>
		<gammagroup id="Ticker Fonts" value="6352,-942,-3176"/>
		<gammagroup id="Slider Backgrounds" value="2464,672,-4064" gray="1"/>
		<gammagroup id="Sliders" value="2464,672,-4064" gray="1"/>
		<gammagroup id="HSliders" value="2464,672,-4064" gray="1"/>
		<gammagroup id="Button Backgrounds" value="-2544,-2544,-2544" gray="1"/>
		<gammagroup id="Screen Backgrounds" value="2464,672,-4064" gray="1"/>
		<gammagroup id="displaydetail" value="2464,672,-4064" gray="1"/>
	</gammaset>
	<gammaset id="XBOX | Copper">
		<gammagroup id="Backgrounds" value="-2944,-2944,-2944" gray="1"/>
		<gammagroup id="Buttons" value="1734,-831,-4096" gray="2"/>
		<gammagroup id="Buttons_Shade" value="2113,-977,-4096" gray="2"/>
		<gammagroup id="Menus" value="-3040,-2272,-864" gray="2"/>
		<gammagroup id="Fonts" value="7984,-676,-3992"/>
		<gammagroup id="Ticker Fonts" value="6352,-942,-3176"/>
		<gammagroup id="Slider Backgrounds" value="3320,-171,-1660" gray="2"/>
		<gammagroup id="Sliders" value="4096,-1356,-4096" gray="1"/>
		<gammagroup id="HSliders" value="4096,-1181,-3250" gray="2"/>
		<gammagroup id="Button Backgrounds" value="-2544,-2544,-2544" gray="1"/>
		<gammagroup id="Screen Backgrounds" value="4096,2712,188" gray="1"/>
		<gammagroup id="displaydetail" value="1967,-831,-4096" gray="2"/>
	</gammaset>
	<gammaset id="XBOX | Purple">
		<gammagroup id="Backgrounds" value="-2944,-2944,-2944" gray="1"/>
		<gammagroup id="Buttons" value="792,-1544,3088" gray="1"/>
		<gammagroup id="Buttons_Shade" value="792,-1544,3088" gray="2"/>
		<gammagroup id="Menus" value="1036,-2944,7616" gray="2"/>
		<gammagroup id="Fonts" value="7,-2186,4372"/>
		<gammagroup id="Ticker Fonts" value="308,-1194,2388"/>
		<gammagroup id="Slider Backgrounds" value="0,0,0"/>
		<gammagroup id="Sliders" value="240,-1836,3672" gray="1"/>
		<gammagroup id="HSliders" value="1474,-2302,4604" gray="1"/>
		<gammagroup id="Button Backgrounds" value="-2544,-2544,-2544" gray="1"/>
		<gammagroup id="Screen Backgrounds" value="963,-2067,4195" gray="1"/>
		<gammagroup id="displaydetail" value="410,-2436,7362" gray="1"/>
	</gammaset>
	<gammaset id="XBOX | Red">
		<gammagroup id="Backgrounds" value="-2944,-2944,-2944" gray="1"/>
		<gammagroup id="Buttons" value="2113,-2493,-4096" gray="2"/>
		<gammagroup id="Buttons_Shade" value="2113,-2493,-4096" gray="2"/>
		<gammagroup id="Menus" value="-160,-192,-256" gray="2"/>
		<gammagroup id="Fonts" value="335,-4096,-4096" gray="2"/>
		<gammagroup id="Ticker Fonts" value="4096,4096,4096" gray="2"/>
		<gammagroup id="Slider Backgrounds" value="-1706,-4096,-4096" gray="1"/>
		<gammagroup id="Sliders" value="-715,-4096,-4096" gray="1"/>
		<gammagroup id="HSliders" value="247,-4096,-4096" gray="2"/>
		<gammagroup id="Button Backgrounds" value="-2544,-2544,-2544" gray="1"/>
		<gammagroup id="Screen Backgrounds" value="4096,-4096,-4096" gray="1"/>
		<gammagroup id="displaydetail" value="0,-4096,-4096" gray="1"/>
	</gammaset>
	<gammaset id="XBOX Limited Edition">
		<gammagroup id="Backgrounds" value="-4096,-2347,-4096" gray="1"/>
		<gammagroup id="Buttons" value="-768,2336,-3968" gray="1"/>
		<gammagroup id="Buttons_Shade" value="-768,2336,-3968" gray="1"/>
		<gammagroup id="Menus" value="-768,2336,-3968" gray="2"/>
		<gammagroup id="Fonts" value="-3072,626,-3072"/>
		<gammagroup id="Ticker Fonts" value="-3076,-1152,-3076"/>
		<gammagroup id="Slider Backgrounds" value="-1568,2080,-1568"/>
		<gammagroup id="Sliders" value="-768,2336,-3968" gray="1"/>
		<gammagroup id="HSliders" value="-768,2336,-3968" gray="1"/>
		<gammagroup id="Button Backgrounds" value="-4096,-2544,-4096" gray="1"/>
		<gammagroup id="Screen Backgrounds" value="-2944,-2944,1705" gray="1"/>
		<gammagroup id="displaydetail" value="-768,2336,-3968" gray="1"/>
	</gammaset>
	<gammaset id="XBOX Limited Edition | Blue">
		<gammagroup id="Backgrounds" value="-4096,-2347,-4096" gray="1"/>
		<gammagroup id="Buttons" value="-2336,-481,4672" gray="1"/>
		<gammagroup id="Buttons_Shade" value="-2336,-481,4672" gray="1"/>
		<gammagroup id="Menus" value="-2336,114,4672" gray="2"/>
		<gammagroup id="Fonts" value="-2360,-2156,4720"/>
		<gammagroup id="Ticker Fonts" value="-2320,-2226,7304"/>
		<gammagroup id="Slider Backgrounds" value="0,0,0"/>
		<gammagroup id="Sliders" value="-2944,-1510,7616" gray="1"/>
		<gammagroup id="HSliders" value="-2944,-1510,7616" gray="1"/>
		<gammagroup id="Button Backgrounds" value="-4096,-2544,-4096" gray="1"/>
		<gammagroup id="Screen Backgrounds" value="-3252,601,7770" gray="1"/>
		<gammagroup id="displaydetail" value="-3702,-762,7404" gray="1"/>
	</gammaset>
	<gammaset id="XBOX Limited Edition | Copper">
		<gammagroup id="Backgrounds" value="-4096,-2347,-4096" gray="1"/>
		<gammagroup id="Buttons" value="1734,-831,-4096" gray="2"/>
		<gammagroup id="Buttons_Shade" value="2113,-977,-4096" gray="2"/>
		<gammagroup id="Menus" value="-3040,-2272,-864" gray="2"/>
		<gammagroup id="Fonts" value="7984,-676,-3992"/>
		<gammagroup id="Ticker Fonts" value="6352,-942,-3176"/>
		<gammagroup id="Slider Backgrounds" value="3320,-171,-1660" gray="2"/>
		<gammagroup id="Sliders" value="4096,-1356,-4096" gray="1"/>
		<gammagroup id="HSliders" value="4096,-1181,-3250" gray="2"/>
		<gammagroup id="Button Backgrounds" value="-4096,-2544,-4096" gray="1"/>
		<gammagroup id="Screen Backgrounds" value="4096,2712,188" gray="1"/>
		<gammagroup id="displaydetail" value="1967,-831,-4096" gray="2"/>
	</gammaset>
	<gammaset id="XBOX Limited Edition | Frost">
		<gammagroup id="Backgrounds" value="-4096,-2347,-4096" gray="1"/>
		<gammagroup id="Buttons" value="12,0,3542" gray="2"/>
		<gammagroup id="Buttons_Shade" value="12,0,3542" gray="2"/>
		<gammagroup id="Menus" value="568,2645,3423" gray="1"/>
		<gammagroup id="Fonts" value="0,519,1020"/>
		<gammagroup id="Ticker Fonts" value="2470,2112,5088"/>
		<gammagroup id="Slider Backgrounds" value="-672,-289,1344" gray="1"/>
		<gammagroup id="Sliders" value="0,1744,3934" gray="1"/>
		<gammagroup id="HSliders" value="473,1577,1990" gray="1"/>
		<gammagroup id="Button Backgrounds" value="-4096,-2544,-4096" gray="1"/>
		<gammagroup id="Screen Backgrounds" value="3453,3277,3910" gray="1"/>
		<gammagroup id="displaydetail" value="498,984,2095" gray="1"/>
	</gammaset>
	<gammaset id="XBOX Limited Edition | Orange">
		<gammagroup id="Backgrounds" value="-4096,-2347,-4096" gray="1"/>
		<gammagroup id="Buttons" value="2464,672,-4064" gray="1"/>
		<gammagroup id="Buttons_Shade" value="4096,1005,-4096" gray="2"/>
		<gammagroup id="Menus" value="2464,672,-4064" gray="1"/>
		<gammagroup id="Fonts" value="7984,-676,-3992"/>
		<gammagroup id="Ticker Fonts" value="6352,-942,-3176"/>
		<gammagroup id="Slider Backgrounds" value="2464,672,-4064" gray="1"/>
		<gammagroup id="Sliders" value="2464,672,-4064" gray="1"/>
		<gammagroup id="HSliders" value="2464,672,-4064" gray="1"/>
		<gammagroup id="Button Backgrounds" value="-4096,-2544,-4096" gray="1"/>
		<gammagroup id="Screen Backgrounds" value="2464,672,-4064" gray="1"/>
		<gammagroup id="displaydetail" value="2464,672,-4064" gray="1"/>
	</gammaset>
	<gammaset id="XBOX Limited Edition | Purple">
		<gammagroup id="Backgrounds" value="-4096,-2347,-4096" gray="1"/>
		<gammagroup id="Buttons" value="792,-1544,3088" gray="1"/>
		<gammagroup id="Buttons_Shade" value="792,-1544,3088" gray="2"/>
		<gammagroup id="Menus" value="1036,-2944,7616" gray="2"/>
		<gammagroup id="Fonts" value="7,-2186,4372"/>
		<gammagroup id="Ticker Fonts" value="308,-1194,2388"/>
		<gammagroup id="Slider Backgrounds" value="0,0,0"/>
		<gammagroup id="Sliders" value="240,-1836,3672" gray="1"/>
		<gammagroup id="HSliders" value="1474,-2302,4604" gray="1"/>
		<gammagroup id="Button Backgrounds" value="-4096,-2544,-4096" gray="1"/>
		<gammagroup id="Screen Backgrounds" value="963,-2067,4195" gray="1"/>
		<gammagroup id="displaydetail" value="410,-2436,7362" gray="1"/>
	</gammaset>
	<gammaset id="XBOX Limited Edition | Red">
		<gammagroup id="Backgrounds" value="-4096,-2347,-4096" gray="1"/>
		<gammagroup id="Buttons" value="2113,-2493,-4096" gray="2"/>
		<gammagroup id="Buttons_Shade" value="2113,-2493,-4096" gray="2"/>
		<gammagroup id="Menus" value="-160,-192,-256" gray="2"/>
		<gammagroup id="Fonts" value="335,-4096,-4096" gray="2"/>
		<gammagroup id="Ticker Fonts" value="4096,4096,4096" gray="2"/>
		<gammagroup id="Slider Backgrounds" value="-1706,-4096,-4096" gray="1"/>
		<gammagroup id="Sliders" value="-715,-4096,-4096" gray="1"/>
		<gammagroup id="HSliders" value="247,-4096,-4096" gray="2"/>
		<gammagroup id="Button Backgrounds" value="-4096,-2544,-4096" gray="1"/>
		<gammagroup id="Screen Backgrounds" value="4096,-4096,-4096" gray="1"/>
		<gammagroup id="displaydetail" value="0,-4096,-4096" gray="1"/>
	</gammaset>
