<!-- player-compact.xml creates the layout of the Compact Winamp Player Window. -->  

<include file="player-compact-group.xml" />

<!-- First Layout -->
<layout id="compact"
	background="player.compact.background-cblack"
	droptarget="pldr"
	desktopalpha="1"
	snapadjustbottom="102"
	unlinked="0">
	<!-- Using Playback Buttons Group -->
	<!--layer id="player.main.background-drawer"
		x="0" y="127" sysregion="1" image="player.main.background-drawer"/-->

	<group id="Main_drawer" x="0" y="7" sysregion="1"/>	<!-- Drawer -->
	<layer id="player.compact.bg" y="-1" image="player.compact.bg"/>
	
	<layer id="player.main.lcars_label" x="14" y= "258" image="player.main.lcars_label"/>

	<!-- Drawers - hidden position that is purposely out of bounds -->
	<group id="config_drawer" x="15" y="134"/>
	<group id="colortheme_drawer" x="15" y="130"/>
	<group id="eqdrawer" x="0" y="125"/>

	<group id="player.compact" x="17" y="32" w="249" h="44"/>
	<group id="player.compact.playbuttons" x="12" y="80" />
	<text
		id="windowtitle"
		x="0" y="0"
		w="280" h="27"
		dblClickAction="SWITCH;shade"
		default=""
		font="studio.component.title"
		inactiveAlpha="128"
		move="1"
	/>

	<group id="player.compact.systembuttons" x="220" y="5" />

<!--
    <button 
      id="cMainMenu"
      action="SYSMENU" 
      x="22" y="10" 
      image="player.button.system.mainmenu" 
      hoverImage="player.button.system.mainmenu.hover" 
      tooltip="Close"
    />
--> 
	<button 
		id="controlmenu"
		action="controlmenu" 
		x="16" y="6" 
		image="player.button.system.controlmenu" 
		hoverImage="player.button.system.controlmenu.hover"
		downImage="player.button.system.controlmenu.hover"
		tooltip="Control Menu"
	/>
	<script id="main" file="scripts/main.maki" />
	<script id="cycle_eq" file="scripts/cycle_eq.maki" />
	<script id="reset_eq" file="scripts/reset_eq.maki" />
</layout>