<!-- Element definition -->
<elements>
	<bitmap id="player.main.background" file="player/background.png" gammagroup="Backgrounds"/>
	<bitmap id="player.main.background-black" file="player/background-black.png" />
	<bitmap id="player.main.background-drawer" file="player/background-drawer.png" gammagroup="Backgrounds"/>
	<bitmap id="player.main.background.buttons" file="player/main_buttons_bg.png" gammagroup="Button Backgrounds" />
	<bitmap id="player.main.screen_bg" file="player/main_screen_bg.png" />
	<bitmap id="player.main.lcars_label" file="player/lcars_label.png" gammagroup="Backgrounds"/>
	<bitmap id="player.main.vis_mask" file="player/vis-mask.png" x="0" y="0" h="37" w="108"/>
	<bitmap id="about.fleet" file="player/fleet.png" gammagroup="Screen Backgrounds" />

<!-- Player MainButtons 
        play, pause, stop, prev, next, eject, eq, vis, thingy, colorscheme, config, xfade, shuffle, repeat -->
	<bitmap id="player.button.play" file="player/main_buttons.png" x="222" y="1" h="65" w="61" gammagroup="Buttons"/>
	<bitmap id="player.button.play.hover" file="player/main_buttons.png" x="223" y="67" h="65" w="61" gammagroup="Buttons"/>
	<bitmap id="player.button.play.down" file="player/main_buttons.png" x="223" y="134" h="65" w="61" gammagroup="Buttons"/>
	<bitmap id="player.button.pause" file="player/main_buttons.png" x="79" y="1" h="28" w="27" gammagroup="Buttons"/>
	<bitmap id="player.button.pause.hover" file="player/main_buttons.png" x="80" y="67" h="28" w="27" gammagroup="Buttons"/>
	<bitmap id="player.button.pause.down" file="player/main_buttons.png" x="80" y="134" h="28" w="27" gammagroup="Buttons"/>
	<bitmap id="player.button.stop" file="player/main_buttons.png" x="120" y="1" h="28" w="28" gammagroup="Buttons"/>
	<bitmap id="player.button.stop.hover" file="player/main_buttons.png" x="120" y="67" h="28" w="28" gammagroup="Buttons"/>
	<bitmap id="player.button.stop.down" file="player/main_buttons.png" x="120" y="134" h="28" w="28" gammagroup="Buttons"/>
	<bitmap id="player.button.previous" file="player/main_buttons.png" x="1" y="1" h="28" w="27" gammagroup="Buttons"/>
	<bitmap id="player.button.previous.hover" file="player/main_buttons.png" x="2" y="67" h="28" w="27" gammagroup="Buttons"/>
	<bitmap id="player.button.previous.down" file="player/main_buttons.png" x="2" y="134" h="28" w="27" gammagroup="Buttons"/>
	<bitmap id="player.button.next" file="player/main_buttons.png" x="41" y="1" h="28" w="28" gammagroup="Buttons"/>
	<bitmap id="player.button.next.hover" file="player/main_buttons.png" x="42" y="67" h="28" w="28" gammagroup="Buttons"/>
	<bitmap id="player.button.next.down" file="player/main_buttons.png" x="42" y="134" h="28" w="28" gammagroup="Buttons"/>
	<bitmap id="player.button.eject" file="player/main_buttons.png" x="160" y="1" h="47" w="47" gammagroup="Buttons"/>
	<bitmap id="player.button.eject.hover" file="player/main_buttons.png" x="161" y="67" h="47" w="47" gammagroup="Buttons"/>
	<bitmap id="player.button.eject.down" file="player/main_buttons.png" x="161" y="134" h="47" w="47" gammagroup="Buttons"/>
	<bitmap id="player.button.eq" file="player/main_buttons.png" x="472" y="1" h="30" w="32" gammagroup="Buttons"/>
	<bitmap id="player.button.eq.hover" file="player/main_buttons.png" x="473" y="67" h="30" w="32" gammagroup="Buttons"/>
	<bitmap id="player.button.eq.down" file="player/main_buttons.png" x="473" y="134" h="30" w="32" gammagroup="Buttons"/>
	<bitmap id="player.switch.playlist" file="player/main_buttons.png" x="429" y="1" h="26" w="30" gammagroup="Buttons"/>
	<bitmap id="player.switch.playlist.hover" file="player/main_buttons.png" x="430" y="67" h="26" w="30" gammagroup="Buttons"/>
	<bitmap id="player.switch.playlist.down" file="player/main_buttons.png" x="430" y="134" h="26" w="30" gammagroup="Buttons"/>
	<bitmap id="player.button.thinger" file="player/main_buttons.png" x="506" y="1" h="48" w="47" gammagroup="Buttons"/>
	<bitmap id="player.button.thinger.hover" file="player/main_buttons.png" x="507" y="67" h="48" w="47" gammagroup="Buttons"/>
	<bitmap id="player.button.thinger.down" file="player/main_buttons.png" x="507" y="134" h="48" w="47" gammagroup="Buttons"/>
	<bitmap id="player.button.ml" file="player/main_buttons.png" x="565" y="1" h="33" w="27" gammagroup="Buttons"/>
	<bitmap id="player.button.ml.hover" file="player/main_buttons.png" x="566" y="67" h="33" w="27" gammagroup="Buttons"/>
	<bitmap id="player.button.ml.down" file="player/main_buttons.png" x="566" y="134" h="33" w="27" gammagroup="Buttons"/>
	<bitmap id="player.button.colorscheme" file="player/main_buttons.png" x="594" y="35" h="29" w="34" gammagroup="Buttons"/>
	<bitmap id="player.button.colorscheme.hover" file="player/main_buttons.png" x="595" y="101" h="29" w="34" gammagroup="Buttons"/>
	<bitmap id="player.button.colorscheme.down" file="player/main_buttons.png" x="595" y="168" h="29" w="34" gammagroup="Buttons"/>	
	<bitmap id="player.toggler.crossfade" file="player/main_buttons.png" x="299" y="1" h="28" w="31" gammagroup="Buttons"/>
	<bitmap id="player.toggler.crossfade.enabled" file="player/main_buttons.png" x="300" y="67" h="28" w="31" gammagroup="Buttons"/>
	<bitmap id="player.toggler.crossfade.down" file="player/main_buttons.png" x="300" y="134" h="28" w="31" gammagroup="Buttons"/>

	<bitmap id="player.toggler.shuffle" file="player/main_buttons.png" x="344" y="1" h="24" w="29" gammagroup="Buttons"/>
	<bitmap id="player.toggler.shuffle.enabled" file="player/main_buttons.png" x="345" y="67" h="24" w="29" gammagroup="Buttons"/>
	<bitmap id="player.toggler.shuffle.down" file="player/main_buttons.png" x="345" y="134" h="24" w="29" gammagroup="Buttons"/>


	<!--
		r0 		- (1) R image
		r.e0	- (2) R hover image
		r.d0	- (3) R pressed image
		r1		- (2)
		r.e1	- (2)
		r.d1	- (3)
		r2		- (4) RT hover image
		r.e2	- (4)
		r.d2	- (5) RT pressed image
	-->
	<bitmap id="player.toggler.repeat0" file="player/main_buttons.png" x="389" y="1" h="21" w="26" gammagroup="Buttons"/>
	<bitmap id="player.toggler.repeat.enabled0" file="player/main_buttons.png" x="390" y="67" h="21" w="26" gammagroup="Buttons"/>
	<bitmap id="player.toggler.repeat.down0" file="player/main_buttons.png" x="390" y="134" h="21" w="26" gammagroup="Buttons"/>
	<bitmap id="player.toggler.repeat1" file="player/main_buttons.png" x="390" y="67" h="21" w="26" gammagroup="Buttons"/>
	<bitmap id="player.toggler.repeat.enabled1" file="player/main_buttons.png" x="390" y="67" h="21" w="26" gammagroup="Buttons"/>
	<bitmap id="player.toggler.repeat.down1" file="player/main_buttons.png" x="390" y="134" h="21" w="26" gammagroup="Buttons"/>
	<bitmap id="player.toggler.repeat2" file="player/main_buttons.png" x="390" y="100" h="21" w="26" gammagroup="Buttons"/>
	<bitmap id="player.toggler.repeat.enabled2" file="player/main_buttons.png" x="390" y="100" h="21" w="26" gammagroup="Buttons"/>
	<bitmap id="player.toggler.repeat.down2" file="player/main_buttons.png" x="390" y="167" h="21" w="26" gammagroup="Buttons"/>

	<bitmap id="player.button.volup" file="player/main_buttons2.png" x="0" y="0" h="29" w="12" gammagroup="Buttons"/>
	<bitmap id="player.button.volup.hover" file="player/main_buttons2.png" x="29" y="0" h="29" w="12" gammagroup="Buttons"/>
	<bitmap id="player.button.voldwn" file="player/main_buttons2.png" x="16" y="0" h="29" w="12" gammagroup="Buttons"/>
	<bitmap id="player.button.voldwn.hover" file="player/main_buttons2.png" x="45" y="0" h="29" w="12" gammagroup="Buttons"/>
	<bitmap id="player.button.rew5s" file="player/main_buttons2.png" x="0" y="30" h="12" w="28" gammagroup="Buttons"/>
	<bitmap id="player.button.rew5s.hover" file="player/main_buttons2.png" x="29" y="30" h="12" w="28" gammagroup="Buttons"/>
	<bitmap id="player.button.fwd5s" file="player/main_buttons2.png" x="0" y="43" h="12" w="28" gammagroup="Buttons"/>
	<bitmap id="player.button.fwd5s.hover" file="player/main_buttons2.png" x="29" y="43" h="12" w="28" gammagroup="Buttons"/>

	<bitmap id="player.button.prefs" file="player/main_buttons.png" x="631" y="0" h="15" w="46" gammagroup="Buttons"/>
	<bitmap id="player.button.prefs.hover" file="player/main_buttons.png" x="631" y="66" h="15" w="46" gammagroup="Buttons"/>
	<bitmap id="player.button.prefs.down" file="player/main_buttons.png" x="631" y="133" h="15" w="46" gammagroup="Buttons"/>
	<bitmap id="player.button.mute" file="player/main_buttons.png" x="631" y="16" h="15" w="46" gammagroup="Buttons"/>
	<bitmap id="player.button.mute.hover" file="player/main_buttons.png" x="631" y="82" h="15" w="46" gammagroup="Buttons"/>
	<bitmap id="player.button.mute.down" file="player/main_buttons.png" x="631" y="149" h="15" w="46" gammagroup="Buttons"/>
	<bitmap id="player.button.stop_post_track" file="player/main_buttons.png" x="631" y="32" h="15" w="46" gammagroup="Buttons"/>
	<bitmap id="player.button.stop_post_track.hover" file="player/main_buttons.png" x="631" y="98" h="15" w="46" gammagroup="Buttons"/>
	<bitmap id="player.button.stop_post_track.down" file="player/main_buttons.png" x="631" y="165" h="15" w="46" gammagroup="Buttons"/>
	<bitmap id="player.button.file_info" file="player/main_buttons.png" x="631" y="48" h="15" w="46" gammagroup="Buttons"/>
	<bitmap id="player.button.file_info.hover" file="player/main_buttons.png" x="631" y="114" h="15" w="46" gammagroup="Buttons"/>
	<bitmap id="player.button.file_info.down" file="player/main_buttons.png" x="631" y="181" h="15" w="46" gammagroup="Buttons"/>

	<bitmap id="player.volume.slider.track" file="player/main_sliders_v.png" x="0" y="0" w="20" h="66" gammagroup="Slider Backgrounds"/>
	<bitmap id="player.volume.slider" file="player/main_sliders_v.png" x="23" y="0" w="20" h="66" gammagroup="Sliders"/>
	<bitmap id="player.volume.slider.thumb" file="player/main_sliders_v.png" x="23" y="0" w="20" h="1" gammagroup="Sliders"/>
	<bitmap id="player.volume.slider.mask_v" file="player/main_sliders_v.png" x="51" y="0" w="20" h="109" />

	<bitmap id="player.treble-bass.slider.track" file="player/main_sliders_v.png" x="0" y="0" w="10" h="66" gammagroup="Slider Backgrounds"/>
	<bitmap id="player.treble-bass.slider" file="player/main_sliders_v.png" x="23" y="0" w="10" h="66" gammagroup="Sliders"/>
	<bitmap id="player.treble-bass.slider.ghostThumb" file="player/main_sliders_v.png" x="23" y="20" w="10" h="1" gammagroup="Sliders"/>
	<bitmap id="player.treble-bass.slider.mask_v" file="player/main_sliders_v.png" x="51" y="0" w="10" h="109" />
	<bitmap id="player.treble-bass.bar.map" file="player/barmap-treble-bass.png"/>

	<bitmap id="player.seek.slider.track" file="player/main_sliders_h.png" x="0" y="0" w="2" h="15" gammagroup="Slider Backgrounds"/>
	<bitmap id="player.button.seek.ghostThumb" file="player/main_sliders_h.png" x="0" y="0" h="15" w="1" gammagroup="HSliders"/>
	<bitmap id="player.seek.slider.mask_h.tile" file="player/main_sliders_h.png" x="5" y="40" w="3" h="15" />

	<bitmap id="player.status.stop" file="player/player-status.png" x="0" y="7" w="37" h="7" gammagroup="Ticker Fonts"/>
	<bitmap id="player.status.play" file="player/player-status.png" x="0" y="14" w="37" h="7" gammagroup="Ticker Fonts"/>
	<bitmap id="player.status.pause" file="player/player-status.png" x="0" y="0" w="37" h="7" gammagroup="Ticker Fonts"/>


    <!--Player Shade-->
	<bitmap id="player.winshade.bg" file="player/background-shade.png" x="0" y="0" w="350" h="25" gammagroup="Backgrounds"/>
	<bitmap id="player.winshade.bg.bit" file="player/background-shade.png" x="201" y="0" w="22" h="25" gammagroup="Backgrounds"/>

	<bitmap id="player.winshade.bgleft" file="player/background-shade.png" x="0" y="0" w="40" h="25" gammagroup="Backgrounds"/>
	<bitmap id="player.winshade.bgcenter" file="player/background-shade.png" x="40" y="0" w="100" h="25" gammagroup="Backgrounds"/>
	<bitmap id="player.winshade.bgright" file="player/background-shade.png" x="289" y="0" w="61" h="25" gammagroup="Backgrounds"/>
	<!-- Pogress Bar -->
	<bitmap id="player.progressbar.left" file="player/main_sliders_h.png" x="0" y="20" h="5" w="2" gammagroup="HSliders"/>
	<bitmap id="player.progressbar.center" file="player/main_sliders_h.png" x="10" y="20" h="5" w="2" gammagroup="HSliders"/>
	<bitmap id="player.progressbar.right" file="player/main_sliders_h.png" x="71" y="20" h="5" w="2" gammagroup="HSliders"/>
	<!-- Seek -->
	<bitmap id="player.button.seek" file="player/main_sliders_h.png" x="0" y="0" h="5" w="1"/>
	<bitmap id="player.seekbar.track" file="player/main_sliders_h.png" x="0" y="0" h="5" w="10" gammagroup="Slider Backgrounds"/>
	<bitmap id="player.cseek.slider.mask_h.tile" file="player/main_sliders_h.png" x="5" y="40" w="3" h="8" />
	<!--Volume-->
	<bitmap id="shade.volume.slider" file="player/main_sliders_v.png" x="23" y="0" w="12" h="25" gammagroup="Sliders"/>

	<bitmap id="player.winshade.button.previous" file="player/shade_buttons.png" x="0" y="0" h="25" w="11" gammagroup="Buttons_Shade"/>
	<bitmap id="player.winshade.button.play" file="player/shade_buttons.png" x="12" y="0" h="25" w="11" gammagroup="Buttons_Shade"/>
	<bitmap id="player.winshade.button.stop" file="player/shade_buttons.png" x="24" y="0" h="25" w="11" gammagroup="Buttons_Shade"/>
	<bitmap id="player.winshade.button.pause" file="player/shade_buttons.png" x="36" y="0" h="25" w="11" gammagroup="Buttons_Shade"/>
	<bitmap id="player.winshade.button.next" file="player/shade_buttons.png" x="48" y="0" h="25" w="11" gammagroup="Buttons_Shade"/>
	<bitmap id="player.winshade.button.eject" file="player/shade_buttons.png" x="60" y="0" h="25" w="11" gammagroup="Buttons_Shade"/>
	<bitmap id="player.winshade.button.previous.hover" file="player/shade_buttons.png" x="0" y="25" h="25" w="11" gammagroup="Buttons_Shade"/>
	<bitmap id="player.winshade.button.play.hover" file="player/shade_buttons.png" x="12" y="25" h="25" w="11" gammagroup="Buttons_Shade"/>
	<bitmap id="player.winshade.button.stop.hover" file="player/shade_buttons.png" x="24" y="25" h="25" w="11" gammagroup="Buttons_Shade"/>
	<bitmap id="player.winshade.button.pause.hover" file="player/shade_buttons.png" x="36" y="25" h="25" w="11" gammagroup="Buttons_Shade"/>
	<bitmap id="player.winshade.button.next.hover" file="player/shade_buttons.png" x="48" y="25" h="25" w="11" gammagroup="Buttons_Shade"/>
	<bitmap id="player.winshade.button.eject.hover" file="player/shade_buttons.png" x="60" y="25" h="25" w="11" gammagroup="Buttons_Shade"/>
	<bitmap id="player.winshade.button.previous.down" file="player/shade_buttons.png" x="0" y="50" h="25" w="11" gammagroup="Buttons_Shade"/>
	<bitmap id="player.winshade.button.play.down" file="player/shade_buttons.png" x="12" y="50" h="25" w="11" gammagroup="Buttons_Shade"/>
	<bitmap id="player.winshade.button.stop.down" file="player/shade_buttons.png" x="24" y="50" h="25" w="11" gammagroup="Buttons_Shade"/>
	<bitmap id="player.winshade.button.pause.down" file="player/shade_buttons.png" x="36" y="50" h="25" w="11" gammagroup="Buttons_Shade"/>
	<bitmap id="player.winshade.button.next.down" file="player/shade_buttons.png" x="48" y="50" h="25" w="11" gammagroup="Buttons_Shade"/>
	<bitmap id="player.winshade.button.eject.down" file="player/shade_buttons.png" x="60" y="50" h="25" w="11" gammagroup="Buttons_Shade"/>

	<bitmap id="player.winshade.crossfade" file="player/shade_buttons.png" x="206" y="0" h="25" w="11" gammagroup="Buttons_Shade"/>
	<bitmap id="player.winshade.crossfade.enabled" file="player/shade_buttons.png" x="206" y="25" h="25" w="11" gammagroup="Buttons_Shade"/>
	<bitmap id="player.winshade.crossfade.down" file="player/shade_buttons.png" x="206" y="50" h="25" w="11" gammagroup="Buttons_Shade"/>
	<bitmap id="player.winshade.shuffle" file="player/shade_buttons.png" x="218" y="0" h="25" w="11" gammagroup="Buttons_Shade"/>
	<bitmap id="player.winshade.shuffle.enabled" file="player/shade_buttons.png" x="218" y="25" h="25" w="11" gammagroup="Buttons_Shade"/>
	<bitmap id="player.winshade.shuffle.down" file="player/shade_buttons.png" x="218" y="50" h="25" w="11" gammagroup="Buttons_Shade"/>
	<bitmap id="player.winshade.repeat0" file="player/shade_buttons.png" x="230" y="0" h="25" w="11" gammagroup="Buttons_Shade"/>
	<bitmap id="player.winshade.repeat.enabled0" file="player/shade_buttons.png" x="230" y="25" h="25" w="11" gammagroup="Buttons_Shade"/>
	<bitmap id="player.winshade.repeat.down0" file="player/shade_buttons.png" x="230" y="50" h="25" w="11" gammagroup="Buttons_Shade"/>
	<bitmap id="player.winshade.repeat1" file="player/shade_buttons.png" x="230" y="25" h="25" w="11" gammagroup="Buttons_Shade"/>
	<bitmap id="player.winshade.repeat.enabled1" file="player/shade_buttons.png" x="230" y="25" h="25" w="11" gammagroup="Buttons_Shade"/>
	<bitmap id="player.winshade.repeat.down1" file="player/shade_buttons.png" x="230" y="50" h="25" w="11" gammagroup="Buttons_Shade"/>
	<bitmap id="player.winshade.repeat2" file="player/shade_buttons.png" x="242" y="25" h="25" w="11" gammagroup="Buttons_Shade"/>
	<bitmap id="player.winshade.repeat.enabled2" file="player/shade_buttons.png" x="242" y="25" h="25" w="11" gammagroup="Buttons_Shade"/>
	<bitmap id="player.winshade.repeat.down2" file="player/shade_buttons.png" x="242" y="50" h="25" w="11" gammagroup="Buttons_Shade"/>

	<bitmap id="player.winshade.button.ml" file="player/shade_buttons.png" x="73" y="0" h="25" w="13" gammagroup="Buttons_Shade"/>
	<bitmap id="player.winshade.button.ml.hover" file="player/shade_buttons.png" x="73" y="25" h="25" w="13" gammagroup="Buttons_Shade"/>
	<bitmap id="player.winshade.button.ml.down" file="player/shade_buttons.png" x="73" y="50" h="25" w="13" gammagroup="Buttons_Shade"/>
	<bitmap id="player.winshade.button.pl" file="player/shade_buttons.png" x="86" y="0" h="25" w="13" gammagroup="Buttons_Shade"/>
	<bitmap id="player.winshade.button.pl.hover" file="player/shade_buttons.png" x="86" y="25" h="25" w="13" gammagroup="Buttons_Shade"/>
	<bitmap id="player.winshade.button.pl.down" file="player/shade_buttons.png" x="86" y="50" h="25" w="13" gammagroup="Buttons_Shade"/>
	<bitmap id="player.winshade.button.eq" file="player/shade_buttons.png" x="99" y="0" h="25" w="13" gammagroup="Buttons_Shade"/>
	<bitmap id="player.winshade.button.eq.hover" file="player/shade_buttons.png" x="99" y="25" h="25" w="13" gammagroup="Buttons_Shade"/>
	<bitmap id="player.winshade.button.eq.down" file="player/shade_buttons.png" x="99" y="50" h="25" w="13" gammagroup="Buttons_Shade"/>
	<bitmap id="player.winshade.button.gamma_prev" file="player/shade_buttons.png" x="152" y="9" h="7" w="11" gammagroup="Buttons_Shade"/>
	<bitmap id="player.winshade.button.gamma_prev.hover" file="player/shade_buttons.png" x="152" y="34" h="7" w="11" gammagroup="Buttons_Shade"/>
	<bitmap id="player.winshade.button.gamma_prev.down" file="player/shade_buttons.png" x="152" y="59" h="7" w="11" gammagroup="Buttons_Shade"/>
	<bitmap id="player.winshade.button.gamma" file="player/shade_buttons.png" x="125" y="0" h="25" w="13" gammagroup="Buttons_Shade"/>
	<bitmap id="player.winshade.button.gamma.hover" file="player/shade_buttons.png" x="125" y="25" h="25" w="13" gammagroup="Buttons_Shade"/>
	<bitmap id="player.winshade.button.gamma.down" file="player/shade_buttons.png" x="125" y="50" h="25" w="13" gammagroup="Buttons_Shade"/>
	<bitmap id="player.winshade.button.gamma_next" file="player/shade_buttons.png" x="164" y="9" h="7" w="11" gammagroup="Buttons_Shade"/>
	<bitmap id="player.winshade.button.gamma_next.hover" file="player/shade_buttons.png" x="164" y="34" h="7" w="11" gammagroup="Buttons_Shade"/>
	<bitmap id="player.winshade.button.gamma_next.down" file="player/shade_buttons.png" x="164" y="59" h="7" w="11" gammagroup="Buttons_Shade"/>
	<bitmap id="player.winshade.button.volup" file="player/shade_buttons.png" x="152" y="0" h="25" w="11" gammagroup="Buttons_Shade"/>
	<bitmap id="player.winshade.button.volup.hover" file="player/shade_buttons.png" x="152" y="25" h="25" w="11" gammagroup="Buttons_Shade"/>
	<bitmap id="player.winshade.button.volup.down" file="player/shade_buttons.png" x="152" y="50" h="25" w="11" gammagroup="Buttons_Shade"/>
	<bitmap id="player.winshade.button.voldown" file="player/shade_buttons.png" x="164" y="0" h="25" w="11" gammagroup="Buttons_Shade"/>
	<bitmap id="player.winshade.button.voldown.hover" file="player/shade_buttons.png" x="164" y="25" h="25" w="11" gammagroup="Buttons_Shade"/>
	<bitmap id="player.winshade.button.voldown.down" file="player/shade_buttons.png" x="164" y="50" h="25" w="11" gammagroup="Buttons_Shade"/>
	<bitmap id="player.winshade.button.soundon" file="player/shade_buttons.png" x="176" y="0" h="25" w="14" gammagroup="Buttons_Shade"/>
	<bitmap id="player.winshade.button.soundon.hover" file="player/shade_buttons.png" x="176" y="25" h="25" w="14" gammagroup="Buttons_Shade"/>
	<bitmap id="player.winshade.button.soundon.down" file="player/shade_buttons.png" x="176" y="50" h="25" w="14" gammagroup="Buttons_Shade"/>
	<bitmap id="player.winshade.button.soundoff" file="player/shade_buttons.png" x="191" y="0" h="25" w="14" gammagroup="Buttons_Shade"/>
	<bitmap id="player.winshade.button.soundoff.hover" file="player/shade_buttons.png" x="191" y="25" h="25" w="14" gammagroup="Buttons_Shade"/>
	<bitmap id="player.winshade.button.soundoff.down" file="player/shade_buttons.png" x="191" y="50" h="25" w="14" gammagroup="Buttons_Shade"/>

    <!--Equalizer-->
	<bitmap id="player.eq.bar" file="player/main_sliders_v.png" x="23" y="0" w="7" h="57" gammagroup="Sliders"/>
	<bitmap id="player.eq.bar.slider" file="player/main_sliders_v.png" x="23" y="0" w="7" h="1" gammagroup="Sliders"/>
	<bitmap id="player.eq.bar.track" file="player/main_sliders_v.png" x="0" y="0" w="7" h="57" gammagroup="Slider Backgrounds"/>
	<bitmap id="player.eq.bar.map" file="player/barmap.png"/>
	<bitmap id="player.eq.bar.mask" file="player/main_sliders_v.png" x="51" y="0" w="7" h="57"/>
	<bitmap id="player.eq.bar.map_h" file="player/barmap_h.png"/>

	<bitmap id="player.eq.button.off" file="player/eq_buttons.png" x="4" y="3" w="49" h="14" gammagroup="Buttons"/>
	<bitmap id="player.eq.button.on" file="player/eq_buttons.png" x="4" y="18" w="49" h="14" gammagroup="Buttons"/>
	<bitmap id="player.eq.button.preset" file="player/eq_buttons.png" x="59" y="3" w="49" h="14" gammagroup="Buttons"/>
	<bitmap id="player.eq.button.preset.hover" file="player/eq_buttons.png" x="59" y="18" w="49" h="14" gammagroup="Buttons"/>
	<bitmap id="player.eq.button.preset.down" file="player/eq_buttons.png" x="59" y="33" w="49" h="14" gammagroup="Buttons"/>
	<bitmap id="player.eq.button.auto" file="player/eq_buttons.png" x="114" y="3" w="49" h="14" gammagroup="Buttons"/>
	<bitmap id="player.eq.button.auto.hover" file="player/eq_buttons.png" x="114" y="18" w="49" h="14" gammagroup="Buttons"/>
	<bitmap id="player.eq.button.auto.down" file="player/eq_buttons.png" x="114" y="33" w="49" h="14" gammagroup="Buttons"/>
	<bitmap id="player.eq.button.reset" file="player/eq_buttons.png" x="169" y="3" w="49" h="14" gammagroup="Buttons"/>
	<bitmap id="player.eq.button.reset.hover" file="player/eq_buttons.png" x="169" y="18" w="49" h="14" gammagroup="Buttons"/>
	<bitmap id="player.eq.button.reset.down" file="player/eq_buttons.png" x="169" y="33" w="49" h="14" gammagroup="Buttons"/>
	<bitmap id="player.eq.button.prev_preset" file="player/eq_buttons.png" x="224" y="3" w="23" h="14" gammagroup="Buttons"/>
	<bitmap id="player.eq.button.prev_preset.hover" file="player/eq_buttons.png" x="224" y="18" w="23" h="14" gammagroup="Buttons"/>
	<bitmap id="player.eq.button.prev_preset.down" file="player/eq_buttons.png" x="224" y="33" w="23" h="14" gammagroup="Buttons"/>
	<bitmap id="player.eq.button.next_preset" file="player/eq_buttons.png" x="250" y="3" w="23" h="14" gammagroup="Buttons"/>
	<bitmap id="player.eq.button.next_preset.hover" file="player/eq_buttons.png" x="250" y="18" w="23" h="14" gammagroup="Buttons"/>
	<bitmap id="player.eq.button.next_preset.down" file="player/eq_buttons.png" x="250" y="33" w="23" h="14" gammagroup="Buttons"/>

	<bitmap id="player.eq.slider.track" file="player/main_sliders_h.png" x="0" y="0" h="7" w="77" gammagroup="Slider Backgrounds"/>
	<!--bitmap id="player.eq.slider" file="player/main_sliders_h.png" x="0" y="20" w="77" h="7" gammagroup="Sliders"/-->
	<bitmap id="player.eq.slider.ghostThumb" file="player/main_sliders_v.png" x="23" y="0" w="1" h="7" gammagroup="Sliders"/>

	<!-- Compact Shade Elements -->
	<bitmap id="player.compact.bg" file="player/background-compact.png" gammagroup="Backgrounds"/>	
	<bitmap id="player.compact.background-cblack" file="player/background-cblack.png" />
	<bitmap id="player.compact.background-cdrawer" file="player/background-cdrawer.png" gammagroup="Backgrounds"/>

	<bitmap id="compact.button.play" file="video/video_play_buttons.png" 		x="26" y="0" h="15" w="27" gammagroup="Buttons"/>
	<bitmap id="compact.button.play.hover" file="video/video_play_buttons.png" x="26" y="16" h="15" w="27" gammagroup="Buttons"/>
	<bitmap id="compact.button.play.down" file="video/video_play_buttons.png" 	x="26" y="32" h="15" w="27" gammagroup="Buttons"/>
	<bitmap id="compact.button.pause" file="video/video_play_buttons.png" 		x="53" y="0" h="15" w="27" gammagroup="Buttons"/>
	<bitmap id="compact.button.pause.hover" file="video/video_play_buttons.png" x="53" y="16" h="15" w="27" gammagroup="Buttons"/>
	<bitmap id="compact.button.pause.down" file="video/video_play_buttons.png" x="53" y="32" h="15" w="27" gammagroup="Buttons"/>
	<bitmap id="compact.button.stop" file="video/video_play_buttons.png" 		x="80" y="0" h="15" w="27" gammagroup="Buttons"/>
	<bitmap id="compact.button.stop.hover" file="video/video_play_buttons.png" x="80" y="16" h="15" w="27" gammagroup="Buttons"/>
	<bitmap id="compact.button.stop.down" file="video/video_play_buttons.png" 	x="80" y="32" h="15" w="27" gammagroup="Buttons"/>
	<bitmap id="compact.button.previous" file="video/video_play_buttons.png" 	x="0" y="0" h="15" w="26" gammagroup="Buttons"/>
	<bitmap id="compact.button.previous.hover" file="video/video_play_buttons.png" x="0" y="16" h="15" w="26" gammagroup="Buttons"/>
	<bitmap id="compact.button.previous.down" file="video/video_play_buttons.png" 	x="0" y="32" h="15" w="26" gammagroup="Buttons"/>
	<bitmap id="compact.button.next" file="video/video_play_buttons.png" 		x="107" y="0" h="15" w="26" gammagroup="Buttons"/>
	<bitmap id="compact.button.next.hover" file="video/video_play_buttons.png" x="107" y="16" h="15" w="26" gammagroup="Buttons"/>
	<bitmap id="compact.button.next.down" file="video/video_play_buttons.png" 	x="107" y="32" h="15" w="26" gammagroup="Buttons"/>
	<bitmap id="compact.button.eject" file="video/video_play_buttons.png" 		x="135" y="0" h="15" w="25" gammagroup="Buttons"/>
	<bitmap id="compact.button.eject.hover" file="video/video_play_buttons.png" x="135" y="16" h="15" w="25" gammagroup="Buttons"/>
	<bitmap id="compact.button.eject.down" file="video/video_play_buttons.png" x="135" y="32" h="15" w="25" gammagroup="Buttons"/>

	<bitmap id="compact.button.eq" file="player/compact_buttons.png" x="52" y="1" h="14" w="49" gammagroup="Buttons"/>
	<bitmap id="compact.button.eq.hover" file="player/compact_buttons.png" x="52" y="16" h="14" w="49" gammagroup="Buttons"/>
	<bitmap id="compact.button.eq.down" file="player/compact_buttons.png" x="52" y="31" h="14" w="49" gammagroup="Buttons"/>
	<bitmap id="compact.switch.ml" file="player/compact_buttons.png" x="103" y="1" h="14" w="49" gammagroup="Buttons"/>
	<bitmap id="compact.switch.ml.hover" file="player/compact_buttons.png" x="103" y="16" h="14" w="49" gammagroup="Buttons"/>
	<bitmap id="compact.switch.ml.down" file="player/compact_buttons.png" x="103" y="31" h="14" w="49" gammagroup="Buttons"/>
	<bitmap id="compact.switch.playlist" file="player/compact_buttons.png" x="1" y="1" h="14" w="49" gammagroup="Buttons"/>
	<bitmap id="compact.switch.playlist.hover" file="player/compact_buttons.png" x="1" y="16" h="14" w="49" gammagroup="Buttons"/>
	<bitmap id="compact.switch.playlist.down" file="player/compact_buttons.png" x="1" y="31" h="14" w="49" gammagroup="Buttons"/>
	<bitmap id="compact.button.thinger" file="player/compact_buttons.png" x="154" y="1" h="14" w="49" gammagroup="Buttons"/>
	<bitmap id="compact.button.thinger.hover" file="player/compact_buttons.png" x="154" y="16" h="14" w="49" gammagroup="Buttons"/>
	<bitmap id="compact.button.thinger.down" file="player/compact_buttons.png" x="154" y="31" h="14" w="49" gammagroup="Buttons"/>
	<bitmap id="compact.button.colorscheme" file="player/compact_buttons.png" x="205" y="1" h="14" w="49" gammagroup="Buttons"/>
	<bitmap id="compact.button.colorscheme.hover" file="player/compact_buttons.png" x="205" y="16" h="14" w="49" gammagroup="Buttons"/>
	<bitmap id="compact.button.colorscheme.down" file="player/compact_buttons.png" x="205" y="31" h="14" w="49" gammagroup="Buttons"/>
	<bitmap id="compact.toggler.crossfade.down" file="player/compact_buttons.png" x="7" y="53" h="15" w="25" gammagroup="Buttons"/>
	<bitmap id="compact.toggler.crossfade" file="player/compact_buttons.png" x="7" y="69" h="15" w="25" gammagroup="Buttons"/>
	<bitmap id="compact.toggler.shuffle" file="player/compact_buttons.png" x="34" y="69" h="15" w="25" gammagroup="Buttons"/>
	<bitmap id="compact.toggler.shuffle.enabled" file="player/compact_buttons.png" x="34" y="53" h="15" w="25" gammagroup="Buttons"/>
	<bitmap id="compact.toggler.shuffle.down" file="player/compact_buttons.png" x="34" y="85" h="15" w="25" gammagroup="Buttons"/>

	<bitmap id="compact.toggler.repeat0" file="player/compact_buttons.png" x="61" y="69" h="15" w="24" gammagroup="Buttons"/>
	<bitmap id="compact.toggler.repeat.down0" file="player/compact_buttons.png" x="61" y="53" h="15" w="24" gammagroup="Buttons"/>
	<bitmap id="compact.toggler.repeat1" file="player/compact_buttons.png" x="61" y="53" h="15" w="24" gammagroup="Buttons"/>
	<bitmap id="compact.toggler.repeat.down1" file="player/compact_buttons.png" x="61" y="53" h="15" w="24" gammagroup="Buttons"/>
	<bitmap id="compact.toggler.repeat2" file="player/compact_buttons.png" x="88" y="53" h="15" w="24" gammagroup="Buttons"/>
	<bitmap id="compact.toggler.repeat.down2" file="player/compact_buttons.png" x="88" y="53" h="15" w="24" gammagroup="Buttons"/>

	<bitmap id="player.cvolume.slider.track" file="player/main_sliders_v.png" x="0" y="0" w="20" h="39" gammagroup="Slider Backgrounds"/>
	<bitmap id="player.cvolume.slider" file="player/main_sliders_v.png" x="23" y="0" w="20" h="39" gammagroup="Sliders"/>
	<bitmap id="player.cvolume.slider.thumb" file="player/main_sliders_v.png" x="23" y="0" w="20" h="1" gammagroup="Sliders"/>
	<bitmap id="player.cvolume.slider.mask_v" file="player/main_sliders_v.png" x="51" y="23" w="20" h="78" />

	<bitmap id="player.cseek.slider.track" file="player/main_sliders_h.png" x="0" y="0" w="2" h="15" gammagroup="Slider Backgrounds"/>
	<bitmap id="player.button.cseek.ghostThumb" file="player/main_sliders_h.png" x="0" y="0" h="15" w="1"/>
	<bitmap id="player.cseek.slider.mask_h.tile" file="player/main_sliders_h.png" x="5" y="40" w="3" h="15" />

	<bitmap id="compact.status.stop" file="player/player-status.png" x="0" y="7" w="7" h="7" gammagroup="Ticker Fonts"/>
	<bitmap id="compact.status.play" file="player/player-status.png" x="0" y="14" w="7" h="7" gammagroup="Ticker Fonts"/>
	<bitmap id="compact.status.pause" file="player/player-status.png" x="0" y="0" w="7" h="7" gammagroup="Ticker Fonts"/>
</elements>