<!-- player-normal.xml creates the layout of the Winamp Player Window. -->  

<include file="player-normal-group.xml" />

<!-- First Layout -->
<layout id="normal" 
	background="player.main.background-black"
	droptarget="pldr"
	desktopalpha="1"
	snapadjustbottom="120"
	unlinked="0"
	>
	<!-- Using Playback Buttons Group -->
	<!--layer id="player.main.background-drawer"
		x="0" y="127" sysregion="1" image="player.main.background-drawer"/-->

	<layer id="player.main.background" image="player.main.background"/>
	
	<group id="Main_drawer" x="0" y="127" sysregion="1"/>	<!-- Drawer -->

	<layer id="player.main.lcars_label" x="14" y= "258" image="player.main.lcars_label"/>

	<group id="player.normal" x="17" y="33"/>
	<group id="player.normal.playbuttons" x="87" y="121" />
	<group id="player.normal.specialbuttons" x="13" y="212" />

	<!-- Drawers - hidden position that is purposely out of bounds -->
	<group id="config_drawer" x="15" y="277" visible="0"/>
	<group id="colortheme_drawer" x="17" y="277" visible="0"/>
	<group id="eqdrawer" x="21" y="277" visible="0"/>

	<text
		id="windowtitle"
		x="0" y="0"
		w="250" h="25"
		dblClickAction="SWITCH;shade"
		default=""
		font="studio.component.title"
		inactiveAlpha="128"
		move="1"
	/>

	<group id="player.normal.systembuttons" x="195" y="5" />
<!--
    <button 
      id="MainMenu"
      action="SYSMENU" 
      x="22" y="10" 
      image="player.button.system.mainmenu" 
      hoverImage="player.button.system.mainmenu.hover" 
      tooltip="Close"
    />
-->
	<button 
		id="controlmenu"
		action="controlmenu" 
		x="16" y="6" 
		image="player.button.system.controlmenu" 
		hoverImage="player.button.system.controlmenu.hover"
		downImage="player.button.system.controlmenu.hover"
		tooltip="Control Menu"
	/>
</layout>