<!-- player-shade-group.xml defines the layout of the Winamp Player Window while in Window Shade. -->  

<!-- Playback buttons -->
<groupdef id="player.shade.buttons.playback" w="66" h="25">
	<button 
		id="Previous"
		action="PREV" 
		x="0" y="0"
		image="player.winshade.button.previous" 
		hoverImage="player.winshade.button.previous.hover" 
		downImage="player.winshade.button.previous.down"
		tooltip="Previous"
	/>
	<button
		id="Play"
		action="PLAY"
		x="11" y="0"
		image="player.winshade.button.play"
		hoverImage="player.winshade.button.play.hover"
		downImage="player.winshade.button.play.down"
		tooltip="Play"
	/>
	<button
		id="Pause"
		action="PAUSE"
		x="22" y="0"
		image="player.winshade.button.pause"
		hoverImage="player.winshade.button.pause.hover"
		downImage="player.winshade.button.pause.down"
		tooltip="Pause"
	/>
	<button
		id="Stop"
		action="STOP"
		x="33" y="0"
		image="player.winshade.button.stop"
		hoverImage="player.winshade.button.stop.hover"
		downImage="player.winshade.button.stop.down"
		tooltip="Stop"
	/>
	<button
		id="Next"
		action="NEXT"
		x="44" y="0"
		image="player.winshade.button.next"
		hoverImage="player.winshade.button.next.hover"
		downImage="player.winshade.button.next.down"
		tooltip="Next"
	/>
	<button
		id="Eject"
		action="EJECT"
		x="55" y="0"
		image="player.winshade.button.eject"
		hoverImage="player.winshade.button.eject.hover"
		downImage="player.winshade.button.eject.down"
		tooltip="Open File"
	/>
</groupdef>


<!-- Playlist, Media Library, Equalizer, and ColorThemes buttons -->
<groupdef id="player.shade.buttons.pl_ml_eq_ct" w="49" h="25">
	<button
		id="pl" action="TOGGLE" param="guid:pl"
		x="0" y="0"
		image="player.winshade.button.pl"
		downImage="player.winshade.button.pl.down"
		hoverImage="player.winshade.button.pl.hover"
		activeImage="player.winshade.button.pl.hover"
		tooltip="Playlist"
	/>
	<button
		id="ml" action="TOGGLE" param="guid:{6B0EDF80-C9A5-11d3-9F26-00C04F39FFC6}"
		x="12" y="0"
		image="player.winshade.button.ml"
		downImage="player.winshade.button.ml.down"
		hoverImage="player.winshade.button.ml.hover"
		activeImage="player.winshade.button.ml.hover"
		tooltip="Media Library"
	/>
	<button
		id="eql" action="TOGGLE" param="eq"
		x="24" y="0"
		image="player.winshade.button.eq"
		downImage="player.winshade.button.eq.down"
		hoverImage="player.winshade.button.eq.hover"
		activeImage="player.winshade.button.eq.hover"
		tooltip="Equalizer"
	/>
	<button
		id="ct" action="TOGGLE" param="{53DE6284-7E88-4c62-9F93-22ED68E6A024}"
		x="36" y="0"
		image="player.winshade.button.gamma"
		downImage="player.winshade.button.gamma.down"
		hoverImage="player.winshade.button.gamma.hover"
		activeImage="player.winshade.button.gamma.hover"
		tooltip="Gamma Themes"
	/>
	<ColorThemes:Mgr
		id="colorthemes_shade"
		x="50" y="50"
		w="200" h="100"
		nohscroll="1"
		visible="1"
	/>
	<button
		id="ct" action="colorthemes_previous" action_target="colorthemes_shade"
		x="37" y="0"
		image="player.winshade.button.gamma_prev"
		downImage="player.winshade.button.gamma_prev.down"
		hoverImage="player.winshade.button.gamma_prev.hover"
		activeImage="player.winshade.button.gamma_prev.hover"
		tooltip="Previous Gamma Theme"
	/>
	<button
		id="ct" action="colorthemes_next" action_target="colorthemes_shade"
		x="37" y="18"
		image="player.winshade.button.gamma_next"
		downImage="player.winshade.button.gamma_next.down"
		hoverImage="player.winshade.button.gamma_next.hover"
		activeImage="player.winshade.button.gamma_next.hover"
		tooltip="Next Gamma Theme"
	/>
</groupdef>


<!-- Volume & Mute buttons -->
<groupdef id="player.shade.buttons.volume" w="26" h="25">
	<!--button 
		id="VolumeUp"
		x="-198" y="0"
		relatx="1"
		action="VOLUME_UP"
		image="player.winshade.button.volup"
		hoverImage="player.winshade.button.volup.hover"
		downImage="player.winshade.button.volup.down"
		tooltip="Volume( + )"
	/>
	<button 
		id="VolumeDown"
		x="-187" y="0"
		relatx="1"
		action="VOLUME_DOWN"
		image="player.winshade.button.voldown"
		hoverImage="player.winshade.button.voldown.hover"
		downImage="player.winshade.button.voldown.down"
		tooltip="Volume ( - )"
	/-->
	<!-- Volume SLIDER-->
  	<layer
		id="seek.slider.bar"
		x="0" y="2"
		w="12" h="23"
		image="player.volume.slider.track"
	/>
	<slider
		id="shade.volume.slider.bar"
		action="VOLUME"
		x="0" y="2"
		w="12" h="46"
		ghost="1"
		tile="1"
		thumb="shade.volume.slider"
		orientation="vertical"
	/>
	<slider
		id="Volume"
		action="VOLUME"
		x="0" y="2"
		w="12" h="23"
		orientation="vertical"
		thumb="player.volume.slider.thumb"
		tooltip="Volume"
	/>
	<layer id="player.volume.slider.mask_v"
		x="0" y="-0"
		w="12"
		ghost="1"
		image="player.volume.slider.mask_v"
	/>

	<togglebutton
		id="shadeMute"
		x="13" y="0"
		image="player.winshade.button.soundon"
		downImage="player.winshade.button.soundoff.down"
		hoverImage="player.winshade.button.soundoff.hover"
		activeImage="player.winshade.button.soundoff.down"
		tooltip="Mute"
	/>
</groupdef>

<!-- Crossfade, Shuffle, Repeat buttons -->
<groupdef id="player.shade.buttons.crossfade_shuffle_repeat" w="36" h="25">
	<togglebutton
		id="Crossfade"
		x="0" y="0"
		image="player.winshade.crossfade"
		downImage="player.winshade.crossfade.down"
		hoverImage="player.winshade.crossfade.enabled"
		activeImage="player.winshade.crossfade.enabled"
		tooltip="Toggle Crossfading Between Tracks"
		cfgattrib="{FC3EAF78-C66E-4ED2-A0AA-1494DFCC13FF};Enable crossfading"
	/>
	<togglebutton
		id="Shuffle"
		x="12" y="0"
		image="player.winshade.shuffle"
		downImage="player.winshade.shuffle.down"
		hoverImage="player.winshade.shuffle.enabled"
		activeImage="player.winshade.shuffle.enabled"
		tooltip="Toggle Playlist Shuffling"
		cfgattrib="{45F3F7C1-A6F3-4EE6-A15E-125E92FC3F8D};Shuffle"
	/>
	<NStatesButton
		id="Repeat"
		x="24" y="0"
		nstates="3"
		image="player.winshade.repeat"
		downImage="player.winshade.repeat.down"
		hoverImage="player.winshade.repeat.enabled"
		activeImage="player.winshade.repeat.enabled"
		tooltip="Toggle Playlist/Song Repeating"
		cfgattrib="{45F3F7C1-A6F3-4EE6-A15E-125E92FC3F8D};Repeat"
		cfgvals="0;1;2"
	/>
</groupdef>

<groupdef id="player.shade.content" name="Winamp (Windowshade Mode)" w="0" h="25" relatw="1">

	<!-- BACKGROUND -->
	<layer
		x="40" y="0"
		w="-58" relatw="1"
		image="player.winshade.bgcenter"
	/>
	<!-- Right BACKGROUND -->
	<layer
		x="-61" y="0"
		relatx="1"
		image="player.winshade.bgright"
		sysregion="1"
	/>
	<!-- Left BACKGROUND -->
	<layer
		x="0" y="0"
		image="player.winshade.bgleft"
		sysregion="1"
	/>

	<layer
		x="-259" y="0"
		relatx="1"
		image="player.winshade.bg.bit"
	/>

	<layer
		id="master_dblClickAction_SWITCH"
		fitparent="1"
		rectrgn="1"
	/>

	<!--Sizers-->
	<layer id="sizer.right"
		x="-5" y="0"
		relatx="1"
		w="5" h="25"
		resize="right"
	/>
	<layer id="sizer.left"
		x="0" y="0"
		w="5" h="25"
		resize="left"
	/>
	<layer id="sizer.bit"
		x="-254" y="5"
		relatx="1"
		image="system.winshade.sizer"
		resize="right"
		rectrgn="1"
	/>

	<!-- CORNER MASKING -->
	<layer
		id="shade.player.region.left"
		x="0" y="0"
		image="system.winshade.maskleft"
		sysregion="-2"
	/>
	<layer
		id="shade.player.region.right"
		x="-6" y="0"
		relatx="1"
		image="system.winshade.maskright"
		sysregion="-2"
	/>


	<!-- Visualzation -->
	<vis
		id="vis"
		x="43" y="-16" relaty="1"
		w="72" h="16"
		gammagroup="Fonts"
		colorbandpeak="85,85,85"

		colorband16="93,93,93"
		colorband15="0,0,0"
		colorband14="104,104,104"
		colorband13="0,0,0"
		colorband12="112,112,112"
		colorband11="0,0,0"
		colorband10="122,122,122"

		colorband9="0,0,0"

		colorband8="133,133,133"
		colorband7="0,0,0"
		colorband6="143,143,143"
		colorband5="0,0,0"
		colorband4="153,153,153"
		colorband3="0,0,0"
		colorband2="190,190,190"

		colorband1="190,190,190"

		colorosc5="110,110,110"
		colorosc4="136,136,136"
		colorosc3="159,159,159"
		colorosc2="179,179,179"
		colorosc1="194,194,194"
	/>
	<!--Song Ticker -->
	<!-- display="_info" : where _info = SONGNAME, SONGINFO, SONGARTIST, SONGTITLE, or SONGALBUM -->
	<text
		id="songticker"
		ticker="1"
		display="songname" default=""
		showlen="1"
		x="43" y="1"
		w="-304" h="15" relatw="1"
		rightclickaction="trackmenu"
		dblclickaction="trackinfo"
		font="player.tickerfont"
		color="font.display"
		fontsize="16"
		align="left"
		altfontsize="10"
		altbold="1"
		altcolor="font.display"
		altfont="Arial"
	/>
	<!-- Timer -->
	<text
		id="timer"
		display="time" timeroffstyle="1"
		x="125" y="-15" relaty="1"
		w="40" h="16"
		font="player.timer" color="font.display" fontsize="18" align="right"
		forcefixed="1"
	/>


	<!-- SEEK SLIDER -->
	<layer
		id="seek.slider.bar"
		x="175" y="-7" relaty="1"
		w="-439" h="5" relatw="1"
		image="player.seekbar.track"
	/>
	<ProgressGrid
		x="175" y="-7" relaty="1"
		w="-439" h="5" relatw="1"
		orientation="right"
		middle="player.progressbar.center"
	/>
	<slider
		id="Seeker"
		action="SEEK"
		x="175" y="-7" relaty="1"
		h="5" w="-439"	relatw="1"
		thumb="player.button.seek"
		downThumb="player.button.seek"
		hoverThumb="player.button.seek"
		tooltip="Seeker"
	/>
	<slider
		id="SeekerGhost"
		action="SEEK"
		x="175" y="-7" relaty="1"
		h="5" w="-439"	relatw="1"
		thumb="player.button.seek"
		downThumb="player.button.seek"
		hoverThumb="player.button.seek"
	/>
	<layer id="seek-slider-mask-tile"
		x="175" y="-7" relaty="1"
		w="-439" h="5" relatw="1"
		ghost="1" tile="1"
		image="player.cseek.slider.mask_h.tile"
	/>




	<!-- Playlist, Media Library, Equalizer, and ColorThemes buttons - width=49-->
	<group id="player.shade.buttons.pl_ml_eq_ct" x="-239" y="0" relatx="1"/>

	<!-- Crossfade, Shuffle, Repeat buttons - width=36-->
	<group id="player.shade.buttons.crossfade_shuffle_repeat" x="-190" y="0" relatx="1"/>

	<!-- Volume & Mute buttons - width=27-->
	<group id="player.shade.buttons.volume" x="-154" y="0" relatx="1"/>

	<!-- Playback buttons - width=66-->
	<group id="player.shade.buttons.playback" x="-127" y="0" relatx="1"/>


	<!-- Titlebar buttons -->
	<!--text
		id="windowtitle"
		x="38" y="0"
		w="38" h="25"
		dblClickAction="SWITCH;normal"
		default=""
		font="studio.component.title"
		inactiveAlpha="128"
		move="1"
	/-->
	<text
		id="windowtitle2"
		x="-181" y="0"
		w="38" h="25"
		dblClickAction="SWITCH;normal"
		default=""
		font="studio.component.title"
		inactiveAlpha="128"
		move="1"
	/>
    <button 
		id="controlmenu"
		action="CONTROLMENU" 
		x="16" y="6" 
		image="player.button.system.controlmenu" 
		hoverImage="player.button.system.controlmenu.hover"
		downImage="player.button.system.controlmenu.hover"
		tooltip="Control Menu"
    />

    <button 
		id="Minimize"
		action="MINIMIZE" 
		x="-56" y="7"
		relatx="1"
		image="player.button.system.min" 
		hoverImage="player.button.system.min.hover" 
		tooltip="Minimize"
    />
	<button
		id="Winshade"
		action="SWITCH" param="normal"
		x="-37" y="7"
		relatx="1"
		image="player.button.system.shadeup"
		downImage="player.button.system.shadeup.hover"
		hoverImage="player.button.system.shadeup.hover"
		tooltip="Return to Normal Mode (Right Click for Menu)"
	/>
	<button
		id="Close"
		action="CLOSE"
		x="-18" y="7"
		relatx="1"
		image="player.button.system.close"
		downImage="player.button.system.close.hover"
		hoverImage="player.button.system.close.hover"
		tooltip="Close"
	/>
	<script id="shade" file="scripts/shade.maki"/>
	<script id="winshade_menu" file="scripts/winshademenu.maki" />
	<script id="seek" file="scripts/seek.maki" />
</groupdef>


<!-- player-shade.xml creates the layout of the Winamp Player Window while in Window Shade. -->  

<!-- PLAYER SHADE LAYOUT minimum_w="240"-->
<layout	id="shade"
	background="player.winshade.bg"
	dblClickAtion="SWITCH:normal"
	droptarget="pldr"
	minimum_w="430"
	minimum_h="25"
	default_w="430"
	default_h="25"
	w="430"
	h="25"
	unlinked="0"
	appbar="top|bottom"	>
	<group id="player.shade.content" sysregion="1" x="0" y="0"/>
</layout>
