<!-- player-normal-group.xml defines the layout of the Winamp Player Window. -->  

<!-- Playback Buttons Group Definition -->
<groupdef id="player.normal.playbuttons" name="Player buttons">
	<layer id="player.main.background.buttons"
		x="0" y="0"
		ghost="1" 
		image="player.main.background.buttons"
	/>
	<!--action="VOLUME_UP"-->
	<button 
		id="VolumeUp"
		x="79" y="23" 
		image="player.button.volup"
		hoverImage="player.button.volup.hover"
		downImage="player.button.volup.hover"
		tooltip="Volume( + )"
	/>
	<!--action="VOLUME_DOWN"-->
	<button 
		id="VolumeDown"
		x="79" y="65" 
		image="player.button.voldwn"
		hoverImage="player.button.voldwn.hover"
		downImage="player.button.voldwn.hover"
		tooltip="Volume ( - )"
	/>
	<!--action="REWIND_5S"-->
	<button 
		id="Rew5s"
		x="50" y="52" 
		image="player.button.rew5s"
		hoverImage="player.button.rew5s.hover"
		downImage="player.button.rew5s.hover"
		tooltip="Rewind 5 sec"
	/>
	<!--action="FFWD_5S"-->
	<button 
		id="Fwd5s"
		x="92" y="52" 
		image="player.button.fwd5s"
		hoverImage="player.button.fwd5s.hover"
		downImage="player.button.fwd5s.hover"
		tooltip="Fast Forward 5 sec"
	/>
	<button 
		id="Previous"
		action="PREV" 
		x="51" y="23" 
		image="player.button.previous"
		hoverImage="player.button.previous.hover"
		downImage="player.button.previous.down"
		tooltip="Previous"
	/>
	<button
		id="Play"
		action="PLAY"
		x="92" y="65"
		image="player.button.play"
		hoverImage="player.button.play.hover"
		downImage="player.button.play.down"
		tooltip="Play"
	/>
	<button
		id="Pause"
		action="PAUSE"
		x="51" y="65"
		image="player.button.pause"
		hoverImage="player.button.pause.hover"
		downImage="player.button.pause.down"
		tooltip="Pause"
	/>
	<button
		id="Stop"
		action="STOP"
		x="92" y="65"
		image="player.button.stop"
		hoverImage="player.button.stop.hover"
		downImage="player.button.stop.down"
		tooltip="Stop"
	/>
	<button
		id="Next"
		action="NEXT"
		x="92" y="23"
		image="player.button.next"
		hoverImage="player.button.next.hover"
		downImage="player.button.next.down"
		tooltip="Next"
	/>
	<button
		id="Eject"
		action="EJECT"
		x="92" y="5"
		image="player.button.eject"
		hoverImage="player.button.eject.hover"
		downImage="player.button.eject.down"
		tooltip="Eject"
	/>
	<togglebutton
		id="Crossfade"
		x="15" y="3"
		image="player.toggler.crossfade"
		downImage="player.toggler.crossfade.down"
		hoverImage="player.toggler.crossfade.enabled"
		activeImage="player.toggler.crossfade.enabled"
		tooltip="Toggle Crossfading Between Tracks"
		cfgattrib="{FC3EAF78-C66E-4ED2-A0AA-1494DFCC13FF};Enable crossfading"
	/>
	<togglebutton
		id="Shuffle"
		x="6" y="24"
		image="player.toggler.shuffle"
		downImage="player.toggler.shuffle.down"
		hoverImage="player.toggler.shuffle.enabled"
		activeImage="player.toggler.shuffle.enabled"
		tooltip="Toggle Playlist Shuffling"
		cfgattrib="{45F3F7C1-A6F3-4EE6-A15E-125E92FC3F8D};Shuffle"
	/>
	<!--togglebutton
		id="Repeat"
		x="2" y="48"
		image="player.toggler.repeat"
		downImage="player.toggler.repeat.down"
		hoverImage="player.toggler.repeat.enabled"
		activeImage="player.toggler.repeat.enabled"
		tooltip="Toggle Playlist Repeating"
		cfgattrib="{45F3F7C1-A6F3-4EE6-A15E-125E92FC3F8D};Repeat"
		cfgval="2"
	/-->
	<NStatesButton
		id="Repeat"
		x="4" y="48"
		nstates="3"
		image="player.toggler.repeat"
		downImage="player.toggler.repeat.down"
		hoverImage="player.toggler.repeat.enabled"
		activeImage="player.toggler.repeat.enabled"
		tooltip="Toggle Playlist/Song Repeating"
		cfgattrib="{45F3F7C1-A6F3-4EE6-A15E-125E92FC3F8D};Repeat"
		cfgvals="0;1;2"
	/>
	<button
		id="ct"
		x="43" y="102"
		image="player.button.colorscheme"
		downImage="player.button.colorscheme.down"
		hoverImage="player.button.colorscheme.hover"
		activeImage="player.button.colorscheme.hover"
		tooltip="Gamma Themes"
	/>
	<button
		id="ml"
		x="14" y="69"
		action="TOGGLE" param="guid:{6B0EDF80-C9A5-11d3-9F26-00C04F39FFC6}"
		image="player.button.ml"
		downImage="player.button.ml.down"
		hoverImage="player.button.ml.hover"
		activeImage="player.button.ml.hover"
		tooltip="Media Library"
	/>   
	<!--action="TOGGLE" param="thinger"-->
	<button
		id="video"
		action="TOGGLE" param="guid:{F0816D7B-FFFC-4343-80F2-E8199AA15CC3}"
		x="32" y="65"
		image="player.button.thinger"
		downImage="player.button.thinger.down"
		hoverImage="player.button.thinger.hover"
		activeImage="player.button.thinger.hover"
		tooltip="Video"
	/>
	<!--action="TOGGLE" param="eq"-->
	<button
		id="eql"  
		x="32" y="35"
		image="player.button.eq"
		downImage="player.button.eq.down"
		hoverImage="player.button.eq.hover"
		activeImage="player.button.eq.hover"
		tooltip="Equalizer"
	/>
	<!-- Window switching buttons -->
	<!-- 
	Note that you can also use "guid:avs" or "guid:pl", however, you can also use the 
	guid for the component itself for toggling parameters. For example.
	Media library : guid:{6B0EDF80-C9A5-11d3-9F26-00C04F39FFC6}
	Playlist Editor : guid:{45f3f7c1-a6f3-4ee6-a15e-125e92fc3f8d}
	-->
	<button
		id="pl"
		action="TOGGLE" param="guid:pl"
		x="48" y="5"
		image="player.switch.playlist"
		downImage="player.switch.playlist.down"
		hoverImage="player.switch.playlist.hover"
		activeImage="player.switch.playlist.hover"
		tooltip="Playlist Editor"
	/>
	<script id="main" file="scripts/main.maki" />
</groupdef>

<groupdef id="player.normal.specialbuttons" name="SButtons">
<!-- Special purpose - Mute and Stop After Track; Note: do not remove the duplicate Crossfade togglebutton-->
	<togglebutton
		id="Mute"
		x="0" y="0"
		image="player.button.mute"
		downImage="player.button.mute.down"
		hoverImage="player.button.mute.hover"
		activeImage="player.button.mute.hover"
		tooltip="Mute"
	/>
	<togglebutton
		id="StopAfterSong"
		x="0" y="20"
		image="player.button.stop_post_track"
		downImage="player.button.stop_post_track.down"
		hoverImage="player.button.stop_post_track.hover"
		activeImage="player.button.stop_post_track.hover"
		tooltip="Stop After Song"
	/>
	<togglebutton
		id="Crossfade"
		x="-100" y="0"
		image="player.toggler.crossfade"
		downImage="player.toggler.crossfade.down"
		hoverImage="player.toggler.crossfade.enabled"
		activeImage="player.toggler.crossfade.enabled"
		tooltip="Toggle Crossfading Between Tracks"
		cfgattrib="{FC3EAF78-C66E-4ED2-A0AA-1494DFCC13FF};Enable crossfading"
	/>
	<button
		id="th"
		x="47" y="20"
		image="player.button.prefs"
		downImage="player.button.prefs.down"
		hoverImage="player.button.prefs.hover"
		activeImage="player.button.prefs.hover"
		tooltip="Config Options"
	/>
	<script id="mute" file="scripts/mute.maki"/>
	<script id="StopAfterSong" file="scripts/StopAfterSong.maki"/>
</groupdef>

<!-- Song File Information and Visualization Group Definition -->
<groupdef id="player.normal" name="Winamp_main" w="221" h="200">
	<!-- SLIDERS -->
	<!-- Volume -->
	<layer
		id="volume.slider.bar"
		x="5" y="94"
		image="player.volume.slider.track"
	/>
	<slider
		id="volume.slider.bar"
		action="VOLUME"
		x="5" y="94"
		w="20" h="132"
		ghost="1"
		tile="1"
		thumb="player.volume.slider" 
		downThumb="player.volume.slider" 
		orientation="vertical"
	/>
	<slider
		id="Volume"
		action="VOLUME"
		x="5" y="95"
		w="20" h="66"
		orientation="vertical"
		thumb="player.volume.slider.thumb"
		downThumb="player.volume.slider.thumb"
		tooltip="Volume"
	/>
	<layer id="player.volume.slider.mask_v"
		x="5" y="96"
		ghost="1" 
		image="player.volume.slider.mask_v"
	/>	
	
	<!--Treble and Bass Sliders -->
	<layer
		id="player.treble.slider.track"
		x="35" y="94"
		image="player.treble-bass.slider.track"
	/>
	<layer id="treble_layer" x="35" y="94" image="player.treble-bass.slider" />
	<slider id="TrebleSlider" x="35" y="94" w="10" h="66" orientation="vertical" thumb="player.treble-bass.slider.ghostThumb" downthumb="player.eq.bar.slider" tooltip="Treble (Right Click for Mode)"/>
	<!--slider
		id="treble"
		x="33" y="94"
		w="10" h="132" ghost="1"
		thumb="player.treble-bass.slider"
		orientation="vertical"
		tooltip="Treble"
	/>
	<slider
		id="TrebleSlider"
		x="33" y="94"
		w="10" h="66"
		thumb="player.treble-bass.slider.ghostThumb"
		orientation="vertical"
		tooltip="Treble"
	/-->
	<layer id="player.treble-bass.slider.mask_v"
		x="35" y="96"
		ghost="1" 
		image="player.treble-bass.slider.mask_v"
	/>
	
	
	<layer
		id="player.bass.slider.track"
		x="52" y="94"
		image="player.treble-bass.slider.track"
	/>
	<layer id="bass_layer" x="52" y="94" image="player.treble-bass.slider" />
	<slider id="BassSlider" x="52" y="94" w="10" h="66" orientation="vertical" thumb="player.treble-bass.slider.ghostThumb" downthumb="player.eq.bar.slider" tooltip="Bass (Right Click for Mode)"/>
	<!--slider
		id="bass"
		x="47" y="94"
		w="10" h="132" ghost="1"
		thumb="player.treble-bass.slider"
		downthumb="player.treble-bass.slider"
		orientation="vertical"
		tooltip="Bass"
	/>
	<Slider
		id="BassSlider"
		x="47" y="93"
		w="10" h="66"
		thumb="player.treble-bass.slider.ghostThumb"
		orientation="vertical"
		tooltip="Bass"
	/-->
	<layer id="player.treble-bass.slider.mask_v"
		x="52" y="96"
		ghost="1" 
		image="player.treble-bass.slider.mask_v"
	/>

	<!-- SEEK SLIDER -->
	<layer
		id="seek.slider.bar"
		x="0" y="67" w="221" h="15"
		image="player.seek.slider.track"
	/>
	<ProgressGrid
		x="0" y="67"
		w="221" h="15"
		orientation="right"
		middle="player.progressbar.center"
	/>
	<slider
		id="Seeker"
		action="SEEK"
		x="0" y="67"
		w="221" h="15" ghost="1"
		thumb="player.button.seek.ghostThumb"
		tooltip="Seeker"
	/>
	<slider
		id="seekerGhost"
		action="SEEK"
		x="0" y="67"
		w="221" h="15"
		thumb="player.button.seek.ghostThumb"
		tooltip="Seeker"
	/>
	<layer id="player.seek.slider.mask_h.tile"
		x="0" y="67"
		w="221"
		ghost="1" tile="1"
		image="player.seek.slider.mask_h.tile"
	/>
		
	<!--text id="vol.text" display="" default="Vol" showlen="1" x="3" y="68" w="20" h="14"
		font="wasabi.font.default" color="190,190,190" fontsize="8" align="center"
	/>
	<text id="bas.text" display="" default="Bas." showlen="1" x="200" y="68" w="13" h="14"
		font="wasabi.font.default" color="190,190,190" fontsize="8" align="center"
	/>
	<text id="trb.text" display="" default="Trb." showlen="1" x="184" y="68" w="13" h="14"
		font="wasabi.font.default" color="190,190,190" fontsize="8" align="center"
	/-->

	<!--ttf"player.tickerfont"-->
	<!--ttf "player.timer"-->
	<!--bmpf "wasabi.font.default"-->
	<text
		id="songticker"
		ticker="1"
		display="songname" default=""
		showlen="1"
		x="0" y="38"
		w="221" h="30"
		rightclickaction="trackmenu"
		dblclickaction="trackinfo"
		font="player.timer" color="font.display" fontsize="30" align="center"
		antialias="1" forceuppercase="0" forcefixed="0" ghost="0"
		altfontsize="12"
		altbold="1"
		altcolor="font.display"
		altfont="Arial"
	/>
	<text
		id="timer"
		display="time" timeroffstyle="1"
		x="151" y="1"
		w="70" h="32"
		font="player.timer" color="font.display" fontsize="40" align="right"
		antialias="1" forceuppercase="0" ghost="0"
		timecolonwidth="7"
	/>
  <!-- Song File Information-->
	<text
		id="infoline"
		display="songinfo" default=""
		x="0" y="35"
		w="214" h="14"
		font="wasabi.font.default" color="font.display.label" fontsize="11" align="center"
		antialias="1" forceuppercase="1" forcefixed="0" ghost="1" visible="0"
	/>
	<text
		id="label.bitrate"
		display="" default="kbps"
		x="0" y="1"
		w="45" h="14"
		font="player.timer" color="font.display" fontsize="20" align="left"
		antialias="1" forceuppercase="1" forcefixed="0" ghost="1"
	/>
	<text
		id="Bitrate"
		display="" default=""
		x="20" y="6"
		w="25" h="14"
		font="wasabi.font.default" color="font.display.label" fontsize="11" align="right"
		antialias="1" forceuppercase="1" forcefixed="0" ghost="1"
	/>
	<text
		id="ABR" ticker="1"
		display="" default=""
		x="20" y="6"
		w="25" h="14"
		font="wasabi.font.default" color="font.display.label" fontsize="11" align="right"
		antialias="1" forceuppercase="1" forcefixed="0" ghost="1"
	/>
	<text
		id="label.frequency"
		display="" default="kHz"
		x="0" y="14"
		w="45" h="14"
		font="player.timer" color="font.display" fontsize="20" align="left"
		antialias="1" forceuppercase="1" forcefixed="0" ghost="1"
	/>
	<text
		id="Frequency" ticker="1"
		display="" default=""
		x="20" y="18"
		w="25" h="14"
		font="wasabi.font.default" color="font.display.label" fontsize="11" align="right"
		antialias="1" forceuppercase="1" forcefixed="0" ghost="1"
	/>
	<text
		id="Channels" ticker="1"
		display="" default=""
		x="0" y="27"
		w="45" h="14"
		font="wasabi.font.default" color="font.display.label" fontsize="11" align="center"
		antialias="1" forceuppercase="1" forcefixed="0" ghost="1"
	/>
	<layer id="mono-led-on" image="player.seek.slider" x="0" y="27" w="0" h="0"/>
	<layer id="stereo-led-on" image="player.seek.slider" x="0" y="27" w="0" h="0"/>

	<!-- Playback Status -->
	<status
		id="status"
		x="175" y="32"
		w="37" h="7"
		stopBitmap="player.status.stop"
		playBitmap="player.status.play"
		pauseBitmap="player.status.pause"
		ghost="1"
	/>

  <!-- Visualzation -->
	<vis
		id="vis"
		x="51" y="1"
		w="108" h="40"
		gammagroup="Fonts"
		colorbandpeak="85,85,85"

		colorband16="93,93,93"
		colorband15="93,93,93"
		colorband14="104,104,104"
		colorband13="104,104,104"
		colorband12="112,112,112"
		colorband11="112,112,112"
		colorband10="122,122,122"

		colorband9="127,127,127"

		colorband8="133,133,133"
		colorband7="133,133,133"
		colorband6="143,143,143"
		colorband5="143,143,143"
		colorband4="153,153,153"
		colorband3="153,153,153"
		colorband2="190,190,190"

		colorband1="190,190,190"

		colorosc5="110,110,110"
		colorosc4="136,136,136"
		colorosc3="159,159,159"
		colorosc2="179,179,179"
		colorosc1="194,194,194"
	/>

	<layer id="player.main.vis_mask" image="player.main.vis_mask" x="51" y="3" ghost="1"/>

	<script id="SongInfoParse" file="scripts/songinfoparse.maki"/>
    <script id="BassSlider" file="scripts/BassSlider.maki"/>
	<script id="TrebleSlider" file="scripts/TrebleSlider.maki"/>
	<script id="main" file="scripts/main.maki" />
</groupdef>

<!-- System Buttons Group Definition -->
<groupdef id="player.normal.systembuttons" name="System Buttons">
	<button
		id="Minimize"
		action="MINIMIZE"
		x="1" y="5"
		image="player.button.system.min"
		hoverImage="player.button.system.min.hover"
		tooltip="Minimize"
	/>
	<button 
		id="Winshade"
		action="SWITCH" param="compact"
		x="18" y="5"
		image="player.button.system.shadeup"
		hoverImage="player.button.system.shadeup.hover"
		tooltip="Compact Windowshade Mode (Right Click for Menu)"
	/>
	<button 
		id="Close"
		action="CLOSE"
		x="36" y="5"
		image="player.button.system.close"
		hoverImage="player.button.system.close.hover"
		tooltip="Close"
	/>
	<script id="winshade_menu" file="scripts/winshademenu.maki" />
</groupdef>



<!-- On Screen Drawers -->
<groupdef id="Configpage1">
	<text
		id="label.notifier"
		text="C o n f i g u r a t i o n    O p t i o n s"
		x="0" y="0"
		w="200" h="14"
		font="player.timer" color="font.display.label" fontsize="20" align="left"
		antialias="1" forceuppercase="1" forcefixed="0" ghost="1"
	/>
	<MyCheckBox id="scrollSongticker" x="15" y="18" w="150" label="Enable Songticker Scrolling" cfgattrib="{9924D4DF-B776-48b4-8BC9-DC26D8BD13E4};Scroll Songticker"/>
	<MyCheckBox id="animateDrawer" x="15" y="31" w="150" label="Animate Drawer" cfgattrib="{9924D4DF-B776-48b4-8BC9-DC26D8BD13E4};Animate Drawer"/>
	<MyCheckBox id="alwaysOnTop" x="15" y="42" w="150" label="Always On Top" cfgattrib="{280876CF-48C0-40BC-8E86-73CE6BB462E5};Always on top"/>
	<MyCheckBox id="enableTooltips" x="15" y="55" w="150" label="Enable Tooltips" cfgattrib="{9149C445-3C30-4E04-8433-5A518ED0FDDE};Enable tooltips"/>
	<MyCheckBox id="dockWindows" x="15" y="68" w="150" label="Enable Window Docking" cfgattrib="{280876CF-48C0-40BC-8E86-73CE6BB462E5};Enable docking"/>
	<MyCheckBox id="linkWindows" x="15" y="81" w="150" label="Enable Window Position Linking" cfgattrib="{9924D4DF-B776-48b4-8BC9-DC26D8BD13E4};Link Position"/>

	<button
		id="Prevcfgpage.dummy"
		x="180" y="0"
		image="player.button.system.arrow_l_s.inactive"
		tooltip="Previous page: Config"
		rectrgn="1"
		ghost="1"
	/>
	<button
		id="Nextcfgpage2"
		x="206" y="0"
		image="player.button.system.arrow_r_s"
		downImage="player.button.system.arrow_r_s.pressed"
		hoverImage="player.button.system.arrow_r_s.hover"
		tooltip="Next page: Notifier 1"
		rectrgn="1"
	/>
</groupdef>
<groupdef id="Configpage2">
	<text
		id="label.notifier"
		text="N o t i f i c a t i o n    C o n f i g u r a t i o n"
		x="0" y="0"
		w="200" h="14"
		font="player.timer" color="font.display.label" fontsize="20" align="left"
		antialias="1" forceuppercase="1" forcefixed="0" ghost="1"
	/>
	<text
		id="label.notifier"
		display="" default="Frequency - Show Notifications ..."
		x="0" y="18"
		w="200" h="14"
		font="player.tickerfont" color="font.display.label" fontsize="16" align="left"
		antialias="1" forceuppercase="0" forcefixed="0" ghost="1"
	/>
	<MyCheckBox id="notifierAlways" x="15" y="35" w="118" label="Always" cfgattrib="{FF0D111F-D087-470f-B539-32799879B78F};Show Always"/>
	<MyCheckBox id="notifierWinshade" x="80" y="35" w="125" label="When Minimized/in Shade Mode" cfgattrib="{FF0D111F-D087-470f-B539-32799879B78F};Show With Stick And When Minimized"/>
	<MyCheckBox id="notifierNever" x="15" y="50" w="118" label="Never" cfgattrib="{FF0D111F-D087-470f-B539-32799879B78F};Never Show"/>
	<MyCheckBox id="notifierMinimized" x="80" y="50" w="118" label="When Minimized" cfgattrib="{FF0D111F-D087-470f-B539-32799879B78F};Show Only When Minimized"/>

	<MyCheckBox id="notifierDisableFullscreen" x="0" y="65" w="118" label="Disable in Video Fullscreen" cfgattrib="{FF0D111F-D087-470f-B539-32799879B78F};Disable In Fullscreen"/>

	<!--MyCheckBox id="notifierAlbumCover" x="0" y="80" w="200" label="Show Album Cover (Requires Internet Connection)" cfgattrib="{FF0D111F-D087-470f-B539-32799879B78F};Show Album Cover"/-->

	<button
		id="Prevcfgpage1"
		x="180" y="0"
		image="player.button.system.arrow_l_s"
		downImage="player.button.system.arrow_l_s.pressed"
		hoverImage="player.button.system.arrow_l_s.hover"
		tooltip="Previous page: Config"
		rectrgn="1"
	/>
	<button
		id="Nextcfgpage3"
		x="206" y="0"
		image="player.button.system.arrow_r_s"
		downImage="player.button.system.arrow_r_s.pressed"
		hoverImage="player.button.system.arrow_r_s.hover"
		tooltip="Next page: Notifier 2"
		rectrgn="1"
	/>
</groupdef>
<groupdef id="Configpage3">
	<text
		id="label.notifier"
		text="N o t i f i c a t i o n    C o n f i g u r a t i o n"
		x="0" y="0"
		w="200" h="14"
		font="player.timer" color="font.display.label" fontsize="20" align="left"
		antialias="1" forceuppercase="1" forcefixed="0" ghost="1"
	/>
	<text
		id="label.notifier"
		display="" default="Transistional Effects"
		x="0" y="16"
		w="200" h="14"
		font="player.tickerfont" color="font.display.label" fontsize="16" align="left"
		antialias="1" forceuppercase="0" forcefixed="0" ghost="1"
	/>
	<MyCheckBox id="notifierFadeEffect" x="110" y="16" w="118" label="Fading" cfgattrib="{FF0D111F-D087-470f-B539-32799879B78F};Fade Effect"/>
	<MyCheckBox id="notifierSlideEffect" x="160" y="16" w="125" label="Sliding" cfgattrib="{FF0D111F-D087-470f-B539-32799879B78F};Slide Effect"/>

	<text id="fadein.text" x="15" y="30" w="90" text="Slide-in Time (00.0s)" font="player.tickerfont" color="font.display.label" fontsize="14" align="left" valign="top" antialias="1" ghost="1"/>
	<Wasabi:HSlider id="fadein.slider" x="105" y="32" w="120" h="10" high="10000" cfgattrib="{A66555AC-E4CA-4557-AF11-3175A61DF774};Notifications fade in time"/>

	<text id="stay.text" x="15" y="45" w="90" text="Hold Time (00.0s)" font="player.tickerfont" color="font.display.label" fontsize="14" align="left" valign="top" antialias="1" ghost="1"/>
	<Wasabi:HSlider id="stay.slider" x="105" y="47" w="120" h="10" high="10000" cfgattrib="{A66555AC-E4CA-4557-AF11-3175A61DF774};Notifications display time"/>

	<text id="fadeout.text" x="15" y="60" w="90" text="Slide-out Time (00.0s)" font="player.tickerfont" color="font.display.label" fontsize="14" align="left" valign="top" antialias="1" ghost="1"/>
	<Wasabi:HSlider id="fadeout.slider" x="105" y="62" w="120" h="10" high="10000" cfgattrib="{A66555AC-E4CA-4557-AF11-3175A61DF774};Notifications fade out time"/>

	<text
		id="label.notifier"
		display="" default="Desktop Position"
		x="0" y="80"
		w="200" h="14"
		font="player.tickerfont" color="font.display.label" fontsize="16" align="left"
		antialias="1" forceuppercase="0" forcefixed="0" ghost="1"
	/>
	<MyCheckBox id="notifierTopBottom" x="90" y="80" w="118" label="On the Bottom" cfgattrib="{FF0D111F-D087-470f-B539-32799879B78F};TopBottom"/>
	<MyCheckBox id="notifierLeftRight" x="160" y="80" w="125" label="On the Right" cfgattrib="{FF0D111F-D087-470f-B539-32799879B78F};LeftRight"/>

	<!--text id="fadeout.text" x="0" y="80" text="Shadow Opacity [FIXED]" font="player.tickerfont" color="font.display.label" fontsize="15" align="left" valign="top" antialias="1" ghost="1" alpha="128"/>
	<text id="shadow.opacity.0" x="90" y="80" text="0%" font="player.tickerfont" color="font.display.label" fontsize="14" align="left" valign="top" antialias="1" ghost="1" alpha="128"/>
	<text id="shadow.opacity.100" x="200" y="80" text="100%" font="player.tickerfont" color="font.display.label" fontsize="14" align="left" valign="top" antialias="1" ghost="1" alpha="128"/>
	<Wasabi:HSlider id="shadow.slider" high="255" x="108" y="82" w="90" h="10" cfgattrib="{A66555AC-E4CA-4557-AF11-3175A61DF774};Notifications shadow opacity" alpha="128"/>
	<layer x="0" y="80" h="30" w="204" rectrgn="1" alpha="0" /-->

	<button
		id="Prevcfgpage2"
		x="180" y="0"
		image="player.button.system.arrow_l_s"
		downImage="player.button.system.arrow_l_s.pressed"
		hoverImage="player.button.system.arrow_l_s.hover"
		tooltip="Previous page: Notifier 1"
		rectrgn="1"
	/>
	<button
		id="Nextcfgpage.dummy"
		x="206" y="0"
		image="player.button.system.arrow_r_s.inactive"
		tooltip="Next page: Notifier 2"
		rectrgn="1"
		ghost="1"
	/>
</groupdef>
<!-- config_drawer -->
<groupdef id="config_drawer">
	<group id="Configpage1" x="0" y="0" visible="1"/>
	<group id="Configpage2" x="0" y="0" visible="0"/>
	<group id="Configpage3" x="0" y="0" visible="0"/>
</groupdef>


<!-- Color Themes -->
<groupdef id="colortheme_drawer" windowtype="plsc">
	<!--layer id="player.main.screen_bg" image="player.main.screen_bg" x="20" y="30" ghost="1" sysregion="2" /-->

	<ColorThemes:List
		id="main.colorthemes.list"
		x="0" y="0"
		w="182" h="93"
		nohscroll="1"
		nocolheader="1"
		visible="1"
		sysregion="1"
	/>
	<Button id="Switch" action="colorthemes_previous" action_target="main.colorthemes.list"
		x="185" y="35" h="15" w="35"
	    image="player.button.vis.prev"
	    hoverImage="player.button.vis.prev.hover"
	    downImage="player.button.vis.prev.down"
	    tooltip="Previous GammaTheme"
	/>
	<Button id="Switch" action="colorthemes_next" action_target="main.colorthemes.list"
		x="185" y="55" h="15" w="35"
	    image="player.button.vis.next"
	    hoverImage="player.button.vis.next.hover"
	    downImage="player.button.vis.next.down"
	    tooltip="Next GammaTheme"
	/>
	<Button id="Switch" action="colorthemes_switch" action_target="main.colorthemes.list"
		x="185" y="75" h="15" w="35"
		image="player.pl.button.sel"
		downImage="player.pl.button.sel.pressed"
		hoverImage="player.pl.button.sel.hover"
		tooltip="Select GammaTheme"
	/>
</groupdef>


<!-- Equalizer (with balance and crossfade sliders) -->
<groupdef id="eqdrawer">
	<!--layer id="player.main.screen_bg" image="player.main.screen_bg" x="0" y="0" ghost="1" sysregion="2" /-->
	
	<!--layer image="thinger-text" x="2" y="33"/-->
	<!--layer id="Drawer" image="thinger-alpha-text" x="2" y="33" tooltip="Thinger" alpha="0"/-->
	
	<layer id="player.eq.bar.track" x="70" y="0" image="player.eq.bar.track" />
	<layer id="eqpre" x="70" y="0" image="player.eq.bar" />
	<layer id="player.eq.bar.track" x="86" y="0" image="player.eq.bar.track" />
	<layer id="eq0" x="86" y="0" image="player.eq.bar" />
	<layer id="player.eq.bar.track" x="99" y="0" image="player.eq.bar.track" />
	<layer id="eq1" x="99" y="0" image="player.eq.bar" />
	<layer id="player.eq.bar.track" x="112" y="0" image="player.eq.bar.track" />
	<layer id="eq2" x="112" y="0" image="player.eq.bar" />
	<layer id="player.eq.bar.track" x="125" y="0" image="player.eq.bar.track" />
	<layer id="eq3" x="125" y="0" image="player.eq.bar" />
	<layer id="player.eq.bar.track" x="138" y="0" image="player.eq.bar.track" />
	<layer id="eq4" x="138" y="0" image="player.eq.bar" />
	<layer id="player.eq.bar.track" x="151" y="0" image="player.eq.bar.track" />
	<layer id="eq5" x="151" y="0" image="player.eq.bar" />
	<layer id="player.eq.bar.track" x="164" y="0" image="player.eq.bar.track" />
	<layer id="eq6" x="164" y="0" image="player.eq.bar" />
	<layer id="player.eq.bar.track" x="177" y="0" image="player.eq.bar.track" />
	<layer id="eq7" x="177" y="0" image="player.eq.bar" />
	<layer id="player.eq.bar.track" x="190" y="0" image="player.eq.bar.track" />
	<layer id="eq8" x="190" y="0" image="player.eq.bar" />
	<layer id="player.eq.bar.track" x="203" y="0" image="player.eq.bar.track" />
	<layer id="eq9" x="203" y="0" image="player.eq.bar" />

	<layer id="player.eq.bar.mask" x="70" y="0" w="141" h="57" image="player.eq.bar.mask" />

	<slider id="pre" action="EQ_PREAMP" x="70" y="0" w="7" h="57" orientation="vertical" thumb="player.eq.bar.slider" downthumb="player.eq.bar.slider" tooltip="PreAmp"/>
	<slider id="0" action="EQ_BAND" param="1" x="86" y="0" w="7" h="57" orientation="vertical" thumb="player.eq.bar.slider" downthumb="player.eq.bar.slider" tooltip="60"/>
	<slider id="1" action="EQ_BAND" param="2" x="99" y="0" w="7" h="57" orientation="vertical" thumb="player.eq.bar.slider" downthumb="player.eq.bar.slider" tooltip="170"/>
	<slider id="2" action="EQ_BAND" param="3" x="112" y="0" w="7" h="57" orientation="vertical" thumb="player.eq.bar.slider" downthumb="player.eq.bar.slider" tooltip="210"/>
	<slider id="3" action="EQ_BAND" param="4" x="125" y="0" w="7" h="57" orientation="vertical" thumb="player.eq.bar.slider" downthumb="player.eq.bar.slider" tooltip="600"/>
	<slider id="4" action="EQ_BAND" param="5" x="138" y="0" w="7" h="57" orientation="vertical" thumb="player.eq.bar.slider" downthumb="player.eq.bar.slider" tooltip="1K"/>
	<slider id="5" action="EQ_BAND" param="6" x="151" y="0" w="7" h="57" orientation="vertical" thumb="player.eq.bar.slider" downthumb="player.eq.bar.slider" tooltip="2K"/>
	<slider id="6" action="EQ_BAND" param="7" x="164" y="0" w="7" h="57" orientation="vertical" thumb="player.eq.bar.slider" downthumb="player.eq.bar.slider" tooltip="6K"/>	
	<slider id="7" action="EQ_BAND" param="8" x="177" y="0" w="7" h="57" orientation="vertical" thumb="player.eq.bar.slider" downthumb="player.eq.bar.slider" tooltip="12K"/>
	<slider id="8" action="EQ_BAND" param="9" x="190" y="0" w="7" h="57" orientation="vertical" thumb="player.eq.bar.slider" downthumb="player.eq.bar.slider" tooltip="14K"/>
	<slider id="9" action="EQ_BAND" param="10" x="203" y="0" w="7" h="57" orientation="vertical" thumb="player.eq.bar.slider" downthumb="player.eq.bar.slider" tooltip="16K"/>
	
	<button id="onoff" x="3" y="0" action="EQ_TOGGLE"
		image="player.eq.button.off"
		downImage="player.eq.button.on" 
		activeImage="player.eq.button.on" rectrgn="1"
		tooltip="EQ on/off"
	/>
	<button id="auto" x="3" y="20" action="EQ_AUTO"
		image="player.eq.button.auto"
		hoverImage="player.eq.button.auto.hover"
		downImage="player.eq.button.auto.down"
		activeImage="player.eq.button.auto.hover" rectrgn="1"
		tooltip="EQ auto"
	/>
	<button id="preset" x="3" y="40" action="MENU" param="presets"
		image="player.eq.button.preset"
		hoverImage="player.eq.button.preset.hover"
		downImage="player.eq.button.preset.down" rectrgn="1"
		tooltip="Open presets"
	/>
	<button id="reset_eq" x="3" y="60"
		image="player.eq.button.reset"
		hoverImage="player.eq.button.reset.hover"
		downImage="player.eq.button.reset.down" rectrgn="1"
		tooltip="Reset all EQ bands to zero"
	/>
	<button id="PrevEQPreset" x="3" y="80"
		image="player.eq.button.prev_preset"
		hoverImage="player.eq.button.prev_preset.hover"
		downImage="player.eq.button.prev_preset.down" rectrgn="1"
		tooltip="Previous EQ preset"
	/>
	<button id="NextEQPreset" x="29" y="80"
		image="player.eq.button.next_preset"
		hoverImage="player.eq.button.next_preset.hover"
		downImage="player.eq.button.next_preset.down" rectrgn="1"
		tooltip="Next EQ preset"
	/>

	<!-- Balance -->
	<layer id="eq.balance.slider.bar"
		x="130" y="76"
		h="7" w="78"
		image="player.eq.slider.track"
	/>
	<layer id="player.eq.slider.mask_h"
		x="130" y="76" h="7" w="78"
		image="player.seek.slider.mask_h.tile" ghost="1" tile="1"
	/>
	<slider id="Balance"
		action="PAN"
		x="130" y="76"
		w="78" h="7"
		thumb="player.eq.slider.ghostThumb"
		tooltip="Balance"
	/>
	<text
		id="label.eq.balance" ticker="1"
		display="" default="balance"
		x="70" y="75"
		w="45" h="10"
		font="wasabi.font.default" color="font.display.label" fontsize="10" align="left"
		antialias="1" forceuppercase="1" forcefixed="0" ghost="1"
	/>
	
	<!-- Crossfade -->
	<layer id="eq.crossfade.slider.bar"
		x="130" y="86"
		h="7" w="78"
		image="player.eq.slider.track"
	/>
	<layer id="player.eq.slider.mask_h"
		x="130" y="86" h="7" w="78"
		image="player.seek.slider.mask_h.tile" ghost="1" tile="1"
	/>
	<slider id="Crossfade"
		cfgattrib="{F1239F09-8CC6-4081-8519-C2AE99FCB14C};Crossfade time"
		high="20"
		x="130" y="86"
		h="7" w="78"
		thumb="player.eq.slider.ghostThumb"
		tooltip="Crossfade Fade Duration"
	/>
	<text
		id="label.eq.crossfade" ticker="1"
		display="" default="crossfade"
		x="70" y="85"
		w="55" h="10"
		font="wasabi.font.default" color="font.display.label" fontsize="10" align="left"
		antialias="1" forceuppercase="1" forcefixed="0" ghost="1"
	/>
	<text
		id="songticker" ticker="1"
		display="" default="" showlen="1"
		x="65" y="55"
		w="160" h="20"
		font="player.timer" color="font.display" fontsize="20" align="center"
		antialias="1" forceuppercase="1" forcefixed="0" ghost="0"
	/>
	<script id="eqdrawer" file="scripts/eq.maki" />
	<script id="reset_eq" file="scripts/reset_eq.maki" />
	<script id="cycle_eq" file="scripts/cycle_eq.maki" />
</groupdef>



<!-- Underlying Drawer -->
<groupdef id="Main_drawer">
	<layer id="player.main.screen_bg" image="player.main.background-drawer" x="0" y="0" ghost="1" sysregion="1" />
	<layer id="Drawer" image="player.main.screen_bg" x="20" y="30" w="216" h="93"/>
	<layer id="DrawerInfo" x="0" y="247"/>
</groupdef>
