<elements>
	<bitmap id="pledit.winshade.bg" file="player/background-shade.png" x="0" y="0" w="350" h="25" gammagroup="Backgrounds" />
	<bitmap id="pledit.winshade.bgleft" file="player/background-shade.png" x="0" y="0" w="40" h="25" gammagroup="Backgrounds"/>
	<bitmap id="pledit.winshade.bgcenter" file="player/background-shade.png" x="40" y="0" w="100" h="25" gammagroup="Backgrounds"/>
	<bitmap id="pledit.winshade.bgright" file="player/background-shade.png" x="292" y="0" w="58" h="25" gammagroup="Backgrounds"/>
	
	<bitmap id="player.pl.button.add" file="player/pl_buttons.png" x="1" y="2" h="15" w="35" gammagroup="Buttons"/>
	<bitmap id="player.pl.button.add.hover" file="player/pl_buttons.png" x="1" y="19" h="15" w="35" gammagroup="Buttons"/>
	<bitmap id="player.pl.button.add.pressed" file="player/pl_buttons.png" x="1" y="36" h="15" w="35" gammagroup="Buttons"/>

	<bitmap id="player.pl.button.rem" file="player/pl_buttons.png" x="38" y="2" h="15" w="35" gammagroup="Buttons"/>
	<bitmap id="player.pl.button.rem.hover" file="player/pl_buttons.png" x="38" y="19" h="15" w="35" gammagroup="Buttons"/>
	<bitmap id="player.pl.button.rem.pressed" file="player/pl_buttons.png" x="38" y="36" h="15" w="35" gammagroup="Buttons"/>

	<bitmap id="player.pl.button.sel" file="player/pl_buttons.png" x="75" y="2" h="15" w="35" gammagroup="Buttons"/>
	<bitmap id="player.pl.button.sel.hover" file="player/pl_buttons.png" x="75" y="19" h="15" w="35" gammagroup="Buttons"/>
	<bitmap id="player.pl.button.sel.pressed" file="player/pl_buttons.png" x="75" y="36" h="15" w="35" gammagroup="Buttons"/>

	<bitmap id="player.pl.button.misc" file="player/pl_buttons.png" x="112" y="2" h="15" w="35" gammagroup="Buttons"/>
	<bitmap id="player.pl.button.misc.hover" file="player/pl_buttons.png" x="112" y="19" h="15" w="35" gammagroup="Buttons"/>
	<bitmap id="player.pl.button.misc.pressed" file="player/pl_buttons.png" x="112" y="36" h="15" w="35" gammagroup="Buttons"/>

	<bitmap id="player.pl.button.list" file="player/pl_buttons.png" x="149" y="2" h="15" w="35" gammagroup="Buttons"/>
	<bitmap id="player.pl.button.list.hover" file="player/pl_buttons.png" x="149" y="19" h="15" w="35" gammagroup="Buttons"/>
	<bitmap id="player.pl.button.list.pressed" file="player/pl_buttons.png" x="149" y="36" h="15" w="35" gammagroup="Buttons"/>

	<bitmap id="player.pl.time" file="player/pe_time.png" x="0" y="0" h="20" w="70" gammagroup="Backgrounds"/>
	<bitmap id="player.pl.time.display" file="player/pe_time.png" x="5" y="34" h="11" w="60" gammagroup="Backgrounds"/>
	<bitmap id="player.pl.time.left" file="player/pe_time.png" x="0" y="0" h="20" w="55" gammagroup="Backgrounds"/>
	<bitmap id="player.pl.time.display.left" file="player/pe_time.png" x="5" y="34" h="11" w="50" gammagroup="Backgrounds"/>
</elements>
