<elements>

<!-- system-colors.xml -  this file contains all the system colors for Winamp3 -->

   <!-- Generic Trees (MediaLeft, PrefLeft, PLnames)-->
   <color id="studio.tree.text" value="255,255,255"/> <!-- Item text color -->
   <color id="studio.tree.selected" value="96,96,96"/> <!--  Select item text background color -->
   <color id="studio.tree.hilited" value="255,204,0"/> <!-- Hilited item text background color -->
   <color id="studio.tree.hiliteddrop" value="96,96,96"/> <!-- Drop marker color -->

   <!-- Generic Lists -->
   <color id="studio.list.text" value="255,255,255"/> <!-- List item text color ML Art/Alb Pref FileAssoc -->
   <color id="studio.list.item.selected" value="96,96,96"/> <!-- Selected item text background color -->
   <color id="studio.list.item.focused" value="96,96,96"/> <!-- Focused item text background color -->
   <color id="studio.list.column.background" value="96,96,96"/> <!-- Columns background color -->
   <color id="studio.list.column.text" value="255,255,255"/> <!-- Columns text color -->
   <color id="studio.list.column.separator" value="255,255,255"/> <!-- Columns separator color -->
   <color id="studio.list.item.selected.fg" value="255,255,255" /><!--  Selected item text foreground color -->

   <!-- Item Lists -->
   <color id="common.itemlist.outline.current" value="255,255,255"/> <!-- Currently playing outline color PL song-->
   <color id="common.itemlist.outline.focus" value="255,0,0"/> <!-- Focused item dashed outline color -->
   <color id="common.itemlist.selborder" value="96,96,96"/> <!-- Focused item outline color ML Song -->

   <!-- playlist editor -->
   <color id="pledit.text" value="255,255,255"/>	<!-- text color in PL editor -->
   <color id="pledit.text.current" value="255,0,0"/> <!-- current playback file foreground -->
   <color id="pledit.currentoutline" value="255,0,0"/> <!-- current playback file outline color -->
   <color id="pledit.dir.plitem" value="255,0,0" /> <!-- playlist directory item foreground color -->
   <color id="pledit.dir.working" value="255,0,0" /> <!-- playlist directory working playlist item foreground color -->
   <color id="pledit.dir.workingbg" value="96,96,96" /> <!-- playlist directory working playlist item background color -->

   <color id="pledit.text.readonly" value="255,255,255"/>	<!-- text color in ML  editor-->
   <color id="pledit.text.disabled" value="128,128,128" /> <!-- disabled entries -->
   <color id="pledit.dir.plitem.currect" value="255,255,255" /> <!-- playlist directory item current rectangle marker -->

   <!-- Message box -->
   <color id="studio.msgBox.background" value="32,32,32"/> <!-- Messagebox background color -->
   <color id="studio.textBar.text" value="185,185,185"/> <!-- Text object & message box text color -->
   <color id="studio.textBar.background" value="32,32,32"/> <!-- Text object & message box text background color -->

   <!-- Popup menus -->
   <color id="studio.popup.text" value="255,255,255"/> <!-- Menu items text color -->
   <color id="studio.popup.hiliteText" value="255,255,255"/> <!-- Hilited item text color -->
   <color id="studio.popup.dimmedText" value="128,128,128"/> <!-- Disabled item text color -->

   <!-- Buttons -->
   <color id="studio.button.text" value="255,255,255"/> <!-- Buttons text color -->
   <color id="studio.button.hiliteText" value="224,224,224"/> <!-- Buttons hilite text color, used by tab windows-->
   <color id="studio.button.dimmedText" value="224,224,224"/> <!-- Buttons dimmed text color, when disabled -->

   <!-- Components -->
   <color id="studio.status.text" value="185,185,185" /> <!-- Component status text color when using TTF -->
   <color id="studio.component.title.foreground" value="185,185,185"/> <!-- Component title bar text color when using TTF -->
   <color id="studio.component.title.border" value="1,1,1"/> <!-- Component title bar text outline when using TTF -->

   <!-- labeled windows -->
   <color id="common.labelwnd.foreground" value="220,220,220"/> <!-- Text foreground color -->
   <color id="common.labelwnd.background" value="0,0,0"/> <!-- Text drop shadow color -->

   <!-- edit wnds -->
   <color id="wasabi.edit.selection" value="127,127,127"/> <!-- Selected text -->
   <color id="wasabi.edit.text" value="255,255,255"/> <!-- Text -->
   <color id="wasabi.edit.background" value="96,96,96" /> <!-- Text background -->

</elements>

