<!-- System Element definition -->
<elements>
	<!--System Buttons-->
	<bitmap id="player.button.system.min" file="player/sys_buttons.png" x="1" y="5" h="12" w="11" gammagroup="Backgrounds"/>
	<bitmap id="player.button.system.min.hover" file="player/sys_buttons.png" x="1" y="23" h="12" w="11" gammagroup="Backgrounds"/>
	<bitmap id="player.button.system.shadeup" file="player/sys_buttons.png" x="19" y="4" h="12" w="11" gammagroup="Backgrounds"/>
	<bitmap id="player.button.system.shadeup.hover" file="player/sys_buttons.png" x="19" y="22" h="12" w="11" gammagroup="Backgrounds"/>
	<bitmap id="player.button.system.close" file="player/sys_buttons.png" x="36" y="5" h="12" w="11" gammagroup="Backgrounds"/>
	<bitmap id="player.button.system.close.hover" file="player/sys_buttons.png" x="36" y="23" h="12" w="11" gammagroup="Backgrounds"/>
	<bitmap id="player.button.system.shadedown" file="player/sys_buttons.png" x="52" y="5" h="12" w="12" gammagroup="Backgrounds"/>
	<bitmap id="player.button.system.shadedown.hover" file="player/sys_buttons.png" x="52" y="22" h="12" w="12" gammagroup="Backgrounds"/>
	<bitmap id="player.button.system.controlmenu" file="player/sys_buttons.png" x="68" y="3" h="13" w="9" gammagroup="Backgrounds"/>
	<bitmap id="player.button.system.controlmenu.hover" file="player/sys_buttons.png" x="68" y="21" h="13" w="9" gammagroup="Backgrounds"/>
	<bitmap id="player.button.system.mainmenu" file="player/sys_buttons.png" x="81" y="4" h="12" w="12" gammagroup="Backgrounds"/>
	<bitmap id="player.button.system.mainmenu.hover" file="player/sys_buttons.png" x="81" y="22" h="12" w="12" gammagroup="Backgrounds"/>

	<bitmap id="player.button.system.arrow_l" file="player/arrows.png" x="4" y="3" w="46" h="17" gammagroup="Buttons"/>
	<bitmap id="player.button.system.arrow_l.hover" file="player/arrows.png" x="4" y="27" w="46" h="17" gammagroup="Buttons"/>
	<bitmap id="player.button.system.arrow_r" file="player/arrows.png" x="76" y="3" w="46" h="16" gammagroup="Buttons"/>
	<bitmap id="player.button.system.arrow_r.hover" file="player/arrows.png" x="76" y="27" w="46" h="16" gammagroup="Buttons"/>
	<bitmap id="player.button.system.block_h" file="player/arrows.png" x="56" y="3" w="14" h="16" gammagroup="Buttons"/>
	<bitmap id="player.button.system.block_h.hover" file="player/arrows.png" x="56" y="27" w="14" h="16" gammagroup="Buttons"/>
	<bitmap id="player.button.system.block_v" file="player/arrows.png" x="4" y="105" w="16" h="14" gammagroup="Buttons"/>
	<bitmap id="player.button.system.block_v.hover" file="player/arrows.png" x="28" y="105" w="16" h="14" gammagroup="Buttons"/>

	<bitmap id="player.button.system.arrow_l_s" file="player/arrows.png" x="53" y="59" w="22" h="15" gammagroup="Buttons"/>
	<bitmap id="player.button.system.arrow_l_s.hover" file="player/arrows.png" x="53" y="78" w="22" h="15" gammagroup="Buttons"/>
	<bitmap id="player.button.system.arrow_l_s.pressed" file="player/arrows.png" x="53" y="97" w="22" h="15" gammagroup="Buttons"/>
	<bitmap id="player.button.system.arrow_l_s.inactive" file="player/arrows.png" x="53" y="116" w="22" h="15" gammagroup="Buttons"/>
	<bitmap id="player.button.system.arrow_r_s" file="player/arrows.png" x="79" y="59" w="22" h="15" gammagroup="Buttons"/>
	<bitmap id="player.button.system.arrow_r_s.hover" file="player/arrows.png" x="79" y="78" w="22" h="15" gammagroup="Buttons"/>
	<bitmap id="player.button.system.arrow_r_s.pressed" file="player/arrows.png" x="79" y="97" w="22" h="15" gammagroup="Buttons"/>
	<bitmap id="player.button.system.arrow_r_s.inactive" file="player/arrows.png" x="79" y="116" w="22" h="15" gammagroup="Buttons"/>

	<bitmap id="system.winshade.sizer" file="playlist/window-elements.png" x="25" y="0" h="11" w="6"/>
	<bitmap id="system.winshade.maskleft" file="player/corner-masks.png" x="0" y="0" w="6" h="30"/>
	<bitmap id="system.winshade.maskright" file="player/corner-masks.png" x="9" y="0" w="6" h="30"/>
</elements>