<groupdef id="video.buttons.play.group" w="171" h="21">
	<button 
		id="vPrevious"
		action="PREV" 
		x="0" y="0"
		image="video.button.previous"
		hoverImage="video.button.previous.hover"
		downImage="video.button.previous.down"
		tooltip="Previous"
	/>
	<button
		id="vPlay"
		action="PLAY"
		x="26" y="0"
		image="video.button.play"
		hoverImage="video.button.play.hover"
		downImage="video.button.play.down"
		tooltip="Play"
	/>
	<button
		id="vPause"
		action="PAUSE"
		x="53" y="0"
		image="video.button.pause"
		hoverImage="video.button.pause.hover"
		downImage="video.button.pause.down"
		tooltip="Pause"
	/>
	<button
		id="vStop"
		action="STOP"
		x="80" y="0"
		image="video.button.stop"
		hoverImage="video.button.stop.hover"
		downImage="video.button.stop.down"
		tooltip="Stop"
	/>
	<button
		id="vNext"
		action="NEXT"
		x="107" y="0"
		image="video.button.next"
		hoverImage="video.button.next.hover"
		downImage="video.button.next.down"
		tooltip="Next"
	/>
	<button
		id="vEject"
		action="EJECT"
		x="135" y="0"
		image="video.button.eject"
		hoverImage="video.button.eject.hover"
		downImage="video.button.eject.down"
		tooltip="Open File"
	/>
</groupdef>

<groupdef id="video.buttons.size.group" w="180" h="21">
	<button
		id="button.vid.fs"
		action="VID_FS"
		x="0" y="3"
		image="player.button.video.fs"
		downImage="player.button.video.fs.pressed"
		hoverImage="player.button.video.fs.hover"
		tooltip="Fullscreen"
		rectrgn="1"
	/>
	<button
		id="button.vid.1x"
		action="VID_1X"
		x="36" y="3"
		image="player.button.video.s1x"
		downImage="player.button.video.s1x.pressed"
		hoverImage="player.button.video.s1x.hover"
		tooltip="Normal Size"
		rectrgn="1"
	/>
	<button
		id="button.vid.2x"
		action="VID_2X"
		x="72" y="3"
		image="player.button.video.s2x"
		downImage="player.button.video.s2x.pressed"
		hoverImage="player.button.video.s2x.hover"
		tooltip="Double Size"
		rectrgn="1"
	/>
	<button
		id="button.vid.tv"
		action="VID_TV"
		x="108" y="3"
		image="player.button.video.tv"
		downImage="player.button.video.tv.pressed"
		hoverImage="player.button.video.tv.hover"
		tooltip="Internet TV"
		rectrgn="1"
	/>
	<button
		id="button.vid.misc"
		action="VID_Misc"
		x="144" y="3"
		image="player.button.video.misc"
		downImage="player.button.video.misc.pressed"
		hoverImage="player.button.video.misc.hover"
		tooltip="Options"
		rectrgn="1"
	/>
</groupdef>

 
<groupdef id="video.content.group">
	<layer x="0" y="0" w="0" h="0" relatw="1" relath="1"/>

	<component
		id="video.component"
		x="0"
		y="0"
		w="0"
		relatw="1"
		h="-65"
		relath="1"
		param="guid:{F0816D7B-FFFC-4343-80F2-E8199AA15CC3}"
		disableanimatedrects="1"
	/>

	<!-- Volume -->
	<button 
		id="VolumeDown"
		action="VOLUME_DOWN" 
		x="-109" y="-43" relatx="1" relaty="1"
		image="video.button.vol_down"
		hoverImage="video.button.vol_down.hover"
		downImage="video.button.vol_down.down"
		tooltip="Volume( - )"
	/>
	<button 
		id="VolumeUp"
		action="VOLUME_UP" 
		x="-62" y="-43" relatx="1" relaty="1"
		image="video.button.vol_up"
		hoverImage="video.button.vol_up.hover"
		downImage="video.button.vol_up.down"
		tooltip="Volume( + )"
	/>
	<!--SLIDER -->
  	<layer
		id="seek.slider.bar"
		x="-90" relatx="1" y="-42" relaty="1"
		w="25"
		image="video.volume.slider.track"
	/>
	<slider
		id="volume.slider.bar"
		action="VOLUME"
		x="-90" relatx="1" y="-42" relaty="1"
		w="25" h="36"
		ghost="1"
		tile="1"
		thumb="video.volume.slider" 
		downThumb="video.volume.slider" 
		orientation="vertical"
	/>
	<slider
		id="Volume"
		action="VOLUME"
		x="-90" relatx="1" y="-42" relaty="1"
		w="25" h="18"
		orientation="vertical"
		thumb="video.volume.slider.thumb"
		downThumb="video.volume.slider.thumb"
		tooltip="Volume"
	/>
	<layer id="player.volume.slider.mask_v"
		x="-90" relatx="1" y="-40" relaty="1"
		w="25"
		ghost="1" 
		image="video.volume.slider.mask_v"
	/>
	<layer
		x="-90" y="-22" relaty="1" relatx="1"
		h="20" w="25"
		image="video.seek.slider.mask_black"
	/>

	<!-- Seek SLIDER-->
	<layer
		id="seek.slider.bar"
		x="165" y="-61" relaty="1"
		w="-212" h="15" relatw="1"
		image="video.seek.slider.track"
	/>
	<ProgressGrid
		x="165" y="-61" relaty="1"
		w="-212" h="15" relatw="1"
		orientation="right"
		middle="player.progressbar.center"
	/>
	<slider
		id="Seeker"
		action="SEEK"
		x="165" y="-61" relaty="1"
		h="15" w="-212"	relatw="1"
		thumb="video.button.seek.ghostThumb"
		tooltip="Seeker"
	/>
	<slider
		id="SeekerGhost"
		action="SEEK"
		x="165" y="-61" relaty="1"
		h="15" w="-212"	relatw="1"
		thumb="video.button.seek.ghostThumb"
	/>
	<layer id="video.seek.slider.mask_h.tile"
		x="165" y="-61" relaty="1"
		w="-212" h="15" relatw="1"
		ghost="1" tile="1"
		image="video.seek.slider.mask_h.tile"
	/>

	<text
		id="timer"
		display="time" timeroffstyle="1"
		x="-43" y="-64" relatx="1" relaty="1"
		w="42" h="19"
		font="player.timer" color="font.display" fontsize="20" align="right"
		antialias="1" forceuppercase="0" ghost="0" forcefixed="1"
		timecolonwidth="5"
	/>
	<text
		id="songticker" ticker="1"
		display="songname" default="" showlen="1"
		x="2" y="-20" relaty="1"
		w="-193" h="20" relatw="1"
		font="player.timer" color="font.display.songticker" fontsize="20" align="left"
		antialias="1" forceuppercase="0" forcefixed="0" ghost="0"
	/>
	<group id="video.buttons.play.group" x="0" y="-61" relaty="1"/>
	<group id="video.buttons.size.group" x="-189" y="-20" relatx="1" relaty="1"/>
	<script id="seek" file="scripts/seek.maki"/>
	<script id="video_script" file="scripts/video.maki"/>
</groupdef>



<layout id="normal" title="Video" minimum_w="372" minimum_h="245" h="280" w="354">
	<Wasabi:CustomFrame:NoStatus
		x="0" y="0" w="0" h="0" relatw="1" relath="1"
		content="video.content.group"
	/>
	<sendparams target="window.titlebar.title" default="Video"/>
</layout>
