<elements>
	<bitmap id="video.button.play" file="video/video_play_buttons.png" x="26" y="0" h="15" w="27" gammagroup="Buttons"/>
	<bitmap id="video.button.play.hover" file="video/video_play_buttons.png" x="26" y="16" h="15" w="27" gammagroup="Buttons"/>
	<bitmap id="video.button.play.down" file="video/video_play_buttons.png" x="26" y="32" h="15" w="27" gammagroup="Buttons"/>
	<bitmap id="video.button.pause" file="video/video_play_buttons.png" x="53" y="0" h="15" w="27" gammagroup="Buttons"/>
	<bitmap id="video.button.pause.hover" file="video/video_play_buttons.png" x="53" y="16" h="15" w="27" gammagroup="Buttons"/>
	<bitmap id="video.button.pause.down" file="video/video_play_buttons.png" x="53" y="32" h="15" w="27" gammagroup="Buttons"/>
	<bitmap id="video.button.stop" file="video/video_play_buttons.png" x="80" y="0" h="15" w="27" gammagroup="Buttons"/>
	<bitmap id="video.button.stop.hover" file="video/video_play_buttons.png" x="80" y="16" h="15" w="27" gammagroup="Buttons"/>
	<bitmap id="video.button.stop.down" file="video/video_play_buttons.png" x="80" y="32" h="15" w="27" gammagroup="Buttons"/>
	<bitmap id="video.button.previous" file="video/video_play_buttons.png" x="0" y="0" h="15" w="26" gammagroup="Buttons"/>
	<bitmap id="video.button.previous.hover" file="video/video_play_buttons.png" x="0" y="16" h="15" w="26" gammagroup="Buttons"/>
	<bitmap id="video.button.previous.down" file="video/video_play_buttons.png" x="0" y="32" h="15" w="26" gammagroup="Buttons"/>
	<bitmap id="video.button.next" file="video/video_play_buttons.png" x="107" y="0" h="15" w="26" gammagroup="Buttons"/>
	<bitmap id="video.button.next.hover" file="video/video_play_buttons.png" x="107" y="16" h="15" w="26" gammagroup="Buttons"/>
	<bitmap id="video.button.next.down" file="video/video_play_buttons.png" x="107" y="32" h="15" w="26" gammagroup="Buttons"/>
	<bitmap id="video.button.eject" file="video/video_play_buttons.png" x="135" y="0" h="15" w="25" gammagroup="Buttons"/>
	<bitmap id="video.button.eject.hover" file="video/video_play_buttons.png" x="135" y="16" h="15" w="25" gammagroup="Buttons"/>
	<bitmap id="video.button.eject.down" file="video/video_play_buttons.png" x="135" y="32" h="15" w="25" gammagroup="Buttons"/>

	<bitmap id="video.button.vol_down" file="video/video_play_buttons.png" x="161" y="0" h="19" w="16" gammagroup="Buttons"/>
	<bitmap id="video.button.vol_down.hover" file="video/video_play_buttons.png" x="178" y="0" h="19" w="16" gammagroup="Buttons"/>
	<bitmap id="video.button.vol_down.down" file="video/video_play_buttons.png" x="195" y="0" h="19" w="16" gammagroup="Buttons"/>
	<bitmap id="video.button.vol_up" file="video/video_play_buttons.png" x="161" y="20" h="19" w="16" gammagroup="Buttons"/>
	<bitmap id="video.button.vol_up.hover" file="video/video_play_buttons.png" x="178" y="20" h="19" w="16" gammagroup="Buttons"/>
	<bitmap id="video.button.vol_up.down" file="video/video_play_buttons.png" x="195" y="20" h="19" w="16" gammagroup="Buttons"/>

	<bitmap id="video.seek.slider.track" file="player/main_sliders_h.png" x="0" y="0" w="165" h="15" gammagroup="Slider Backgrounds"/>
	<bitmap id="video.button.seek.ghostThumb" file="player/main_sliders_h.png" x="0" y="0" h="15" w="1"/>
	<bitmap id="video.seek.slider.mask_h.tile" file="player/main_sliders_h.png" x="5" y="40" w="3" h="15" />
	<bitmap id="video.seek.slider.mask_black" file="player/main_sliders_h.png" x="1" y="40" w="2" h="15" />
	<bitmap id="video.progressbar.center" file="player/main_sliders_h.png" x="10" y="20" h="15" w="2" gammagroup="HSliders"/>

	<bitmap id="video.volume.slider.track" file="player/main_sliders_v.png" x="0" y="0" w="20" h="18" gammagroup="Slider Backgrounds"/>
	<bitmap id="video.volume.slider" file="player/main_sliders_v.png" x="23" y="0" w="25" h="18" gammagroup="Sliders"/>
	<bitmap id="video.volume.slider.thumb" file="player/main_sliders_v.png" x="23" y="0" w="25" h="1" gammagroup="Sliders"/>
	<bitmap id="video.volume.slider.mask_v" file="player/main_sliders_v.png" x="51" y="0" w="20" h="18" />

	<bitmap id="player.button.video.fs" file="player/video_buttons.png" x="1" y="2" h="15" w="35" gammagroup="Buttons"/>
	<bitmap id="player.button.video.fs.hover" file="player/video_buttons.png" x="1" y="19" h="15" w="35" gammagroup="Buttons"/>
	<bitmap id="player.button.video.fs.pressed" file="player/video_buttons.png" x="1" y="36" h="15" w="35" gammagroup="Buttons"/>

	<bitmap id="player.button.video.s1x" file="player/video_buttons.png" x="38" y="2" h="15" w="35" gammagroup="Buttons"/>
	<bitmap id="player.button.video.s1x.hover" file="player/video_buttons.png" x="38" y="19" h="15" w="35" gammagroup="Buttons"/>
	<bitmap id="player.button.video.s1x.pressed" file="player/video_buttons.png" x="38" y="36" h="15" w="35" gammagroup="Buttons"/>

	<bitmap id="player.button.video.s2x" file="player/video_buttons.png" x="75" y="2" h="15" w="35" gammagroup="Buttons"/>
	<bitmap id="player.button.video.s2x.hover" file="player/video_buttons.png" x="75" y="19" h="15" w="35" gammagroup="Buttons"/>
	<bitmap id="player.button.video.s2x.pressed" file="player/video_buttons.png" x="75" y="36" h="15" w="35" gammagroup="Buttons"/>

	<bitmap id="player.button.video.smax" file="player/video_buttons.png" x="112" y="2" h="15" w="35" gammagroup="Buttons"/>
	<bitmap id="player.button.video.smax.hover" file="player/video_buttons.png" x="112" y="19" h="15" w="35" gammagroup="Buttons"/>
	<bitmap id="player.button.video.smax.pressed" file="player/video_buttons.png" x="112" y="36" h="15" w="35" gammagroup="Buttons"/>
	
	<bitmap id="player.button.video.srestore" file="player/video_buttons.png" x="149" y="2" h="15" w="35" gammagroup="Buttons"/>
	<bitmap id="player.button.video.srestore.hover" file="player/video_buttons.png" x="149" y="19" h="15" w="35" gammagroup="Buttons"/>
	<bitmap id="player.button.video.srestore.pressed" file="player/video_buttons.png" x="149" y="36" h="15" w="35" gammagroup="Buttons"/>

	<bitmap id="player.button.video.tv" file="player/video_buttons.png" x="186" y="2" h="15" w="35" gammagroup="Buttons"/>
	<bitmap id="player.button.video.tv.hover" file="player/video_buttons.png" x="186" y="19" h="15" w="35" gammagroup="Buttons"/>
	<bitmap id="player.button.video.tv.pressed" file="player/video_buttons.png" x="186" y="36" h="15" w="35" gammagroup="Buttons"/>

	<bitmap id="player.button.video.misc" file="player/pl_buttons.png" x="112" y="2" h="15" w="35" gammagroup="Buttons"/>
	<bitmap id="player.button.video.misc.hover" file="player/pl_buttons.png" x="112" y="19" h="15" w="35" gammagroup="Buttons"/>
	<bitmap id="player.button.video.misc.pressed" file="player/pl_buttons.png" x="112" y="36" h="15" w="35" gammagroup="Buttons"/>

	<bitmap id="player.button.vis.random" file="player/video_buttons.png" x="223" y="2" h="15" w="46" gammagroup="Buttons"/>
	<bitmap id="player.button.vis.random.hover" file="player/video_buttons.png" x="223" y="19" h="15" w="46" gammagroup="Buttons"/>
	<bitmap id="player.button.vis.random.down" file="player/video_buttons.png" x="223" y="36" h="15" w="46" gammagroup="Buttons"/>

	<bitmap id="player.button.vis.prev" file="player/video_buttons.png" x="271" y="2" h="15" w="35" gammagroup="Buttons"/>
	<bitmap id="player.button.vis.prev.hover" file="player/video_buttons.png" x="271" y="19" h="15" w="35" gammagroup="Buttons"/>
	<bitmap id="player.button.vis.prev.down" file="player/video_buttons.png" x="271" y="36" h="15" w="35" gammagroup="Buttons"/>

	<bitmap id="player.button.vis.next" file="player/video_buttons.png" x="308" y="2" h="15" w="35" gammagroup="Buttons"/>
	<bitmap id="player.button.vis.next.hover" file="player/video_buttons.png" x="308" y="19" h="15" w="35" gammagroup="Buttons"/>
	<bitmap id="player.button.vis.next.down" file="player/video_buttons.png" x="308" y="36" h="15" w="35" gammagroup="Buttons"/>
</elements>
