<groupdef id="vis.buttons.group" relatw="1" w="0" h="21">
  <button 
    id="button.vid.fs"
    action="VIS_FS"
    x="0" y="3"
    image="player.button.video.fs"
    hoverImage="player.button.video.fs.hover"
    downImage="player.button.video.fs.pressed"
    tooltip="Full Screen"
  />
  <button
    id="button.vis.prev"
    action="VIS_Prev"
    x="36" y="3"
    image="player.button.vis.prev"
    hoverImage="player.button.vis.prev.hover"
    downImage="player.button.vis.prev.down"
    tooltip="Previous Visualization"
  />
  <button
    id="button.vis.next"
    action="VIS_Next"
    x="74" y="3"
    image="player.button.vis.next"
    hoverImage="player.button.vis.next.hover"
    downImage="player.button.vis.next.down"
    tooltip="Next Visualization"
  />
  <togglebutton
    id="button.vis.random"
    cfgattrib="{0000000A-000C-0010-FF7B-01014263450C};Random"
    x="110" y="3"
    image="player.button.vis.random"
    hoverImage="player.button.vis.random.hover"
    downImage="player.button.vis.random.down"
    activeImage="player.button.vis.random.hover"
    tooltip="Random"
  />
</groupdef>

    
<groupdef id="vis.content.group">

  <group id="wasabi.window" 
   x="-1" y="0" w="0" h="-45" relatw="1" relath="1"
  />

  <group id="wasabi.panel" 
   x="-1" y="-30" w="-28" h="45" relaty="1" relatw="1"
  />

  <!--layer x="0" y="0" w="0" h="0" relatw="1" relath="1"/-->

  <component
    id="vis.component"
    x="0"
    y="0"
    w="-1"
    relatw="1"
    h="-30"
    relath="1"
    noshowcmdbar="1"
    autoopen="1"
    autoclose="1"
    param="{0000000A-000C-0010-FF7B-01014263450C}"
  />

  <group id="vis.buttons.group" x="5" y="-22" relaty="1"/>  
</groupdef>

<layout id="normal" minimum_w="354" minimum_h="200" h="280" w="354">
	<Wasabi:StandardFrame:NoStatus 
		x="0" y="0" w="0" h="0" relatw="1" relath="1" 
		content="vis.content.group" 
	/>
  <sendparams target="window.titlebar.title" default="Visualizer"/>
</layout>
