<!-- WinPlain - equalizer.xml file -->

<!-- Equalizer Window -->

<elements>

  <bitmap id="eq.background" file="images/eq-bg.png" gammagroup="Backgrounds"/>
  <!--  <bitmap id="eq.background" file="equalizer/background.png" x="0" y="0" h="116" w="275"/> -->

  <bitmap id="eq.switch.on.disabled" file="images/eq-on.png" x="0" y="0"  h="24" w="50" gammagroup="Buttons"/>
  <bitmap id="eq.switch.on.enabled"  file="images/eq-on.png" x="0" y="24" h="24" w="50" gammagroup="Buttons"/>
  <bitmap id="eq.switch.on.pressed"  file="images/eq-on.png" x="0" y="48" h="24" w="50" gammagroup="Buttons"/>

  <bitmap id="eq.switch.auto.disabled" file="images/eq-auto.png" x="0" y="0"  h="24" w="66" gammagroup="Buttons"/>
  <bitmap id="eq.switch.auto.enabled"  file="images/eq-auto.png" x="0" y="24" h="24" w="66" gammagroup="Buttons"/>
  <bitmap id="eq.switch.auto.pressed"  file="images/eq-auto.png" x="0" y="48" h="24" w="66" gammagroup="Buttons"/>

  <bitmap id="eq.button.presets"         file="images/eq-presets.png" x="0" y="0"  h="24" w="88" gammagroup="Buttons"/>
  <bitmap id="eq.button.presets.pressed" file="images/eq-presets.png" x="0" y="24" h="24" w="88" gammagroup="Buttons"/>

  <bitmap id="eq.slider.bar"            file="images/eq-slider.png" gammagroup="Buttons"/>
  <bitmap id="eq.slider.button"         file="images/eq-bar.png" x="0" y="0"  h="22" w="22" gammagroup="Buttons"/>
  <bitmap id="eq.slider.button.pressed" file="images/eq-bar.png" x="0" y="22" h="22" w="22" gammagroup="Buttons"/>

  <bitmap id="eq.shade.switch.on.disabled" file="images.lores/eq-on.png" x="0" y="0"  h="12" w="25" gammagroup="Buttons"/>
  <bitmap id="eq.shade.switch.on.enabled"  file="images.lores/eq-on.png" x="0" y="12" h="12" w="25" gammagroup="Buttons"/>
  <bitmap id="eq.shade.switch.on.pressed"  file="images.lores/eq-on.png" x="0" y="24" h="12" w="25" gammagroup="Buttons"/>

  <bitmap id="eq.shade.switch.auto.disabled" file="images.lores/eq-auto.png" x="0" y="0"  h="12" w="33" gammagroup="Buttons"/>
  <bitmap id="eq.shade.switch.auto.enabled"  file="images.lores/eq-auto.png" x="0" y="12" h="12" w="33" gammagroup="Buttons"/>
  <bitmap id="eq.shade.switch.auto.pressed"  file="images.lores/eq-auto.png" x="0" y="24" h="12" w="33" gammagroup="Buttons"/>

  <bitmap id="eq.shade.button.presets"         file="images.lores/eq-presets.png" x="0" y="0"  h="12" w="44" gammagroup="Buttons"/>
  <bitmap id="eq.shade.button.presets.pressed" file="images.lores/eq-presets.png" x="0" y="12" h="12" w="44" gammagroup="Buttons"/>
  
  <bitmap id="eq.shade.balance.button"         file="images/shade-balbutton.png" x="0"  y="0" w="15" h="8" gammagroup="Buttons"/>
  <bitmap id="eq.shade.balance.button.pressed" file="images/shade-balbutton.png" x="15" y="0" w="15" h="8" gammagroup="Buttons"/>
  <bitmap id="eq.shade.volume.button"          file="images/shade-volbutton.png" x="0"  y="0" w="15" h="8" gammagroup="Buttons"/>
  <bitmap id="eq.shade.volume.button.pressed"  file="images/shade-volbutton.png" x="15" y="0" w="15" h="8" gammagroup="Buttons"/>

  <bitmap id="eq.xfade.button"           file="images/xfadebar.png" x="0"  y="0" w="28" h="18" gammagroup="Buttons"/>
  <bitmap id="eq.xfade.button.pressed"   file="images/xfadebar.png" x="28" y="0" w="28" h="18" gammagroup="Buttons"/>

  <bitmap id="eq.button.normal"         file="images/eq-nor.png" x="0"  y="0" h="27" w="17" gammagroup="Buttons"/>
  <bitmap id="eq.button.normal.pressed" file="images/eq-nor.png" x="17" y="0" h="27" w="17" gammagroup="Buttons"/>
  
  <bitmap id="eq.button.advanced"         file="images/eq-adv.png" x="0"  y="0" h="27" w="17" gammagroup="Buttons"/>
  <bitmap id="eq.button.advanced.pressed" file="images/eq-adv.png" x="17" y="0" h="27" w="17" gammagroup="Buttons"/>

  <!-- Elements for Mini Mode -->

  <bitmap id="mini.eq.background" file="images.lores/eq-bg.png" gammagroup="Backgrounds"/>
  <!--  <bitmap id="mini.eq.background" file="equalizer/background.png" x="0" y="0" h="116" w="275"/> -->

  <bitmap id="mini.eq.switch.on.disabled" file="images.lores/eq-on.png" x="0" y="0"  h="12" w="25" gammagroup="Buttons"/>
  <bitmap id="mini.eq.switch.on.enabled"  file="images.lores/eq-on.png" x="0" y="12" h="12" w="25" gammagroup="Buttons"/>
  <bitmap id="mini.eq.switch.on.pressed"  file="images.lores/eq-on.png" x="0" y="24" h="12" w="25" gammagroup="Buttons"/>

  <bitmap id="mini.eq.switch.auto.disabled" file="images.lores/eq-auto.png" x="0" y="0"  h="12" w="33" gammagroup="Buttons"/>
  <bitmap id="mini.eq.switch.auto.enabled"  file="images.lores/eq-auto.png" x="0" y="12" h="12" w="33" gammagroup="Buttons"/>
  <bitmap id="mini.eq.switch.auto.pressed"  file="images.lores/eq-auto.png" x="0" y="24" h="12" w="33" gammagroup="Buttons"/>

  <bitmap id="mini.eq.button.presets"         file="images.lores/eq-presets.png" x="0" y="0"  h="12" w="44" gammagroup="Buttons"/>
  <bitmap id="mini.eq.button.presets.pressed" file="images.lores/eq-presets.png" x="0" y="12" h="12" w="44" gammagroup="Buttons"/>

  <bitmap id="mini.eq.slider.bar"            file="images.lores/eq-slider.png" gammagroup="Buttons"/>
  <bitmap id="mini.eq.slider.button"         file="images.lores/eq-bar.png" x="0" y="0"  h="11" w="11" gammagroup="Buttons"/>
  <bitmap id="mini.eq.slider.button.pressed" file="images.lores/eq-bar.png" x="0" y="11" h="11" w="11" gammagroup="Buttons"/>

  <bitmap id="mini.eq.xfade.button"           file="images.lores/xfadebar.png" x="0"  y="0" w="14" h="9" gammagroup="Buttons"/>
  <bitmap id="mini.eq.xfade.button.pressed"   file="images.lores/xfadebar.png" x="14" y="0" w="14" h="9" gammagroup="Buttons"/>
  
  <bitmap id="mini.eq.button.normal"         file="images.lores/eq-nor.png" x="0" y="0"  h="23" w="12" gammagroup="Buttons"/>
  <bitmap id="mini.eq.button.normal.pressed" file="images.lores/eq-nor.png" x="0" y="23" h="23" w="12" gammagroup="Buttons"/>  
  
  <bitmap id="mini.eq.button.advanced"         file="images.lores/eq-adv.png" x="0" y="0"  h="23" w="12" gammagroup="Buttons"/>
  <bitmap id="mini.eq.button.advanced.pressed" file="images.lores/eq-adv.png" x="0" y="23" h="23" w="12" gammagroup="Buttons"/>
  
</elements>

<container id="eq" name="Equalizer" default_x="0" default_y="116" default_visible="0">

  <!-- ************************* Unshaded Mode definitions ************************* -->

  <groupdef id="eq.normal.title" name="Eq Title">  
    <layer
    id="eq.bg"
    x="4" y="4"
    image="eq.background"
    />    
    <group id="wasabi.frame.layout" x="0" y="0" w="0" h="0" relatw="1" relath="1"/>
    <layer
    id="toggletitle"
    dblClickAction="SWITCH;shade"
    x="24" y="4" w="-72" h="-12" relatw="1" relath="1"
    />
    <button
    id="winshade" tooltip="Windowshade Mode"
    action="SWITCH" param="shade"
    x="-44" relatx="1" y="6"
    image="wasabi.button.shade"
    downImage="wasabi.button.shade.pressed"
    />
  </groupdef>
  
  <groupdef id="eq.normal.buttons" name="Eq Buttons">  
    <button
    id="toggle"
    action="EQ_TOGGLE"
    x="20" y="28"
    image="eq.switch.on.disabled"
    downImage="eq.switch.on.pressed"
    activeImage="eq.switch.on.enabled"
    tooltip="Toggle Equalizer On/Off"
    />
    <button
    id="auto"
    action="EQ_AUTO"
    x="74" y="28"
    image="eq.switch.auto.disabled"
    downImage="eq.switch.auto.pressed"
    activeImage="eq.switch.auto.enabled"
    tooltip="Toggle Equalizer Automatic Processing"
    />
    <button
    id="presets"
    action="MENU" param="presets"
    x="420" y="28"
    image="eq.button.presets"
    downImage="eq.button.presets.pressed"
    tooltip="Manage Equalizer Presets"
    />
    <eqvis 
    id="spline" 
    x="169" y="29" 
    w="221" h="37" 
    colortop=   "255,224,0" 
    colormiddle="255,176,0" 
    colorbottom="255,128,0"
    colorpreamp="255,176,0"
    gamma="192" 
    />
  </groupdef>
  
  <groupdef id="eq.normal.sliders" name="Eq Sliders">
    <layer x="45" y="50" image="eq.slider.bar"/>
    <slider
    id="preamp"
    action="EQ_PREAMP"
    x="38" y="50"
    w="22" h="120"
    orientation="vertical"
    thumb="eq.slider.button"
    downThumb="eq.slider.button.pressed"
    />
  
    <layer x="159" y="50" image="eq.slider.bar"/>
    <slider
    id="eq1"
    action="EQ_BAND" param="1"
    x="152" y="50"
    w="22" h="120"
    orientation="vertical"
    thumb="eq.slider.button"
    downThumb="eq.slider.button.pressed"
    />
  
    <layer x="195" y="50" image="eq.slider.bar"/>
    <slider
    id="eq2"
    action="EQ_BAND" param="2"
    x="188" y="50"
    w="22" h="120"
    orientation="vertical"
    thumb="eq.slider.button"
    downThumb="eq.slider.button.pressed"
    />
  
    <layer x="231" y="50" image="eq.slider.bar"/>
    <slider
    id="eq3"
    action="EQ_BAND" param="3"
    x="224" y="50"
    w="22" h="120"
    orientation="vertical"
    thumb="eq.slider.button"
    downThumb="eq.slider.button.pressed"
    />
  
    <layer x="267" y="50" image="eq.slider.bar"/>
    <slider
    id="eq4"
    action="EQ_BAND" param="4"
    x="260" y="50"
    w="22" h="120"
    orientation="vertical"
    thumb="eq.slider.button"
    downThumb="eq.slider.button.pressed"
    />
  
    <layer x="303" y="50" image="eq.slider.bar"/>
    <slider
    id="eq5"
    action="EQ_BAND" param="5"
    x="296" y="50"
    w="22" h="120"
    orientation="vertical"
    thumb="eq.slider.button"
    downThumb="eq.slider.button.pressed"
    />
  
    <layer x="339" y="50" image="eq.slider.bar"/>
    <slider
    id="eq6"
    action="EQ_BAND" param="6"
    x="332" y="50"
    w="22" h="120"
    orientation="vertical"
    thumb="eq.slider.button"
    downThumb="eq.slider.button.pressed"
    />
  
    <layer x="375" y="50" image="eq.slider.bar"/>
    <slider
    id="eq7"
    action="EQ_BAND" param="7"
    x="368" y="50"
    w="22" h="120"
    orientation="vertical"
    thumb="eq.slider.button"
    downThumb="eq.slider.button.pressed"
    />
  
    <layer x="411" y="50" image="eq.slider.bar"/>
    <slider
    id="eq8"
    action="EQ_BAND" param="8"
    x="404" y="50"
    w="22" h="120"
    orientation="vertical"
    thumb="eq.slider.button"
    downThumb="eq.slider.button.pressed"
    />
  
    <layer x="447" y="50" image="eq.slider.bar"/>
    <slider
    id="eq9"
    action="EQ_BAND" param="9"
    x="440" y="50"
    w="22" h="120"
    orientation="vertical"
    thumb="eq.slider.button"
    downThumb="eq.slider.button.pressed"
    />
  
    <layer x="483" y="50" image="eq.slider.bar"/>
    <slider
    id="eq10"
    action="EQ_BAND" param="10"
    x="476" y="50"
    w="22" h="120"
    orientation="vertical"
    thumb="eq.slider.button"
    downThumb="eq.slider.button.pressed"
    />
  </groupdef>
  
  <layout id="normal" background="window.background" minimum_h="232" maximum_h="232" default_h="232" minimum_w="550" maximum_w="550" default_w="550" width="shade">
  
    <group id="eq.normal.title" x="0" y="0" w="550" h="232"/>
    <group id="eq.normal.buttons" x="6" y="6" w="538" h="220"/>
    <group id="eq.normal.sliders" x="8" y="32" w="538" h="190"/>
    <button id="miniwin"
    action="SWITCH" param="mini"
    x="-64" relatx="1" y="6"
    image="button.maxrestore"
    downImage="button.maxrestore.pressed"
    tooltip="Mini Window Mode"
    />
    <button
    id="advanced" tooltip="Advanced Mode"
    action="SWITCH" param="advanced"
    x="5" y="-31" relaty="1"
    image="eq.button.advanced"
    downImage="eq.button.advanced.pressed"
    />
    <!-- Resizer -->
    <layer
    id="Resizer"
    scale="bottomright"
    x="-18" relatx="1" y="-18" relaty="1"
    image="player.button.resize"
    />
  
  </layout>
  
  <!-- ************************* Unshaded Advanced Mode definitions ************************* -->
  
  <!-- Sliders (Volume/balance) used by unshaded, advanced and normal windowshade mode -->
  <groupdef id="eq.volbal.sliders" name="Player Sliders">  
    <layer id="eq.volume.bg" x="0" y="6" ghost="1" image="player.volume.bg"/>
    <slider
    id="Volume"
    action="VOLUME"
    x="0" y="1"
    w="130" h="18"
    thumb="player.button.volume"
    downThumb="p.player.button.volume"
    tooltip="Volume"
    />
    <layer id="eq.balance.bg" x="320" y="6" ghost="1" image="player.volume.bg"/>
    <slider
    id="ballance"
    action="PAN"
    x="320" y="1"
    w="130" h="18"
    thumb="player.button.balance"
    downThumb="p.player.button.balance"
    tooltip="Balance"
    />
    <layer id="eq.xfade.bg" x="160" y="6" ghost="1" image="player.volume.bg"/>
    <slider
    id="sCrossfade"
    cfgattrib="{F1239F09-8CC6-4081-8519-C2AE99FCB14C};Crossfade time"
    high="20"
    x="160" y="1"
    w="130" h="18"
    thumb="eq.xfade.button"
    downThumb="eq.xfade.button.pressed"
    tooltip="Crossfade Fade Duration"
    />	  
  </groupdef>
  
  <layout id="advanced" background="window.background" minimum_h="267" maximum_h="267" default_h="267" minimum_w="550" maximum_w="550" default_w="550" width="shade">
  
    <group id="eq.normal.title" x="0" y="0" w="550" h="267"/>
    <group id="eq.normal.buttons" x="6" y="6" w="538" h="220"/>
    <group id="eq.normal.sliders" x="8" y="32" w="534" h="190"/>
    <group id="eq.volbal.sliders" x="50" y="235" w="450"/>
    <button id="miniwin"
    action="SWITCH" param="miniadv"
    x="-64" relatx="1" y="6"
    image="button.maxrestore"
    downImage="button.maxrestore.pressed"
    tooltip="Mini Window Mode"
    />
    <button
    id="normal" tooltip="Normal Mode"
    action="SWITCH" param="normal"
    x="5" y="-31" relaty="1"
    image="eq.button.normal"
    downImage="eq.button.normal.pressed"
    />
    <!-- Resizer -->
    <layer
    id="Resizer"
    scale="bottomright"
    x="-18" relatx="1" y="-18" relaty="1"
    image="player.button.resize"
    />
    
  </layout>
  
  <!-- ************************* Normal Windowshade Mode definitions ************************* -->
  
  <groupdef id="eq.shade.title" name="Eq title">  
    <group id="wasabi.frame.notext.layout" x="0" y="0" w="0" h="0" relatw="1" relath="1"/>
    <button
    id="winshade" tooltip="Windowshade Mode"
    action="SWITCH" param="medshade"
    x="-44" relatx="1" y="6"
    image="wasabi.button.shade"
    downImage="wasabi.button.shade.pressed"
    />
    <button
    id="unshade" tooltip="Windowshade Mode"
    action="SWITCH" param="normal"
    x="-64" relatx="1" y="6"
    image="wasabi.button.unshade"
    downImage="wasabi.button.unshade.pressed"
    />
    <layer
    id="toggletitle"
    dblClickAction="SWITCH;medshade"
    x="24" y="4" w="-92" h="-12" relatw="1" relath="1"
    />
  </groupdef>
  
  <groupdef id="eq.shade.buttons" name="Eq Buttons">  
    <button
    id="toggle"
    action="EQ_TOGGLE"
    x="19" y="4"
    image="eq.shade.switch.on.disabled"
    downImage="eq.shade.switch.on.pressed"
    activeImage="eq.shade.switch.on.enabled"
    tooltip="Toggle Equalizer On/Off"
    />
    <button
    id="auto"
    action="EQ_AUTO"
    x="210" y="4"
    image="eq.shade.switch.auto.disabled"
    downImage="eq.shade.switch.auto.pressed"
    activeImage="eq.shade.switch.auto.enabled"
    tooltip="Toggle Equalizer Automatic Processing"
    />
    <button
    id="presets"
    action="MENU" param="presets"
    x="405" y="4"
    image="eq.shade.button.presets"
    downImage="eq.shade.button.presets.pressed"
    tooltip="Manage Equalizer Presets"
    />
  </groupdef>

  <!-- Sliders (Volume/balance) used by unshaded, advanced and normal windowshade mode -->
  <groupdef id="eq.shade.volbal.sliders" name="Player Sliders">  
    <layer id="eq.volume.bg" x="62" y="6" ghost="1" image="player.volume.bg"/>
    <slider
    id="Volume"
    action="VOLUME"
    x="62" y="1"
    w="130" h="18"
    thumb="player.button.volume"
    downThumb="p.player.button.volume"
    tooltip="Volume"
    />
    <layer id="eq.balance.bg" x="258" y="6" ghost="1" image="player.volume.bg"/>
    <slider
    id="ball3ance"
    action="PAN"
    x="258" y="1"
    w="130" h="18"
    thumb="player.button.balance"
    downThumb="p.player.button.balance"
    tooltip="Balance"
    />
  </groupdef>

  
  <layout id="shade" background="window.background" minimum_h="28" maximum_h="28" default_h="28" minimum_w="550" maximum_w="550" default_w="550" droptarget="pldr" width="normal">
  
    <group id="eq.shade.title"    x="0"  y="0" w="0" h="0" relatw="1" relath="1"/>
    <group id="eq.shade.volbal.sliders" x="18" y="4" w="-58" h="20" relatw="1"/>
    <group id="eq.shade.buttons"  x="18" y="4" w="-58" h="20" relatw="1"/>
  
  </layout>
  
  <!-- ************************* Frameless Windowshade Mode definitions ************************* -->
  
  <groupdef id="eq.title.medshade" name="Shaded Winamp title">
    <group id="titlebar.noframe" x="0" y="0" w="0" h="0" relatw="1" relath="1"/> 
    <layer id="toggletitle" dblClickAction="SWITCH;maxshade" x="0" y="0" w="0" h="0" relatw="1" relath="1"/>
    <button
    id="winshade"
    action="SWITCH" param="maxshade"
    x="-20" relatx="1" y="2"
    image="wasabi.button.shade"
    downImage="wasabi.button.shade.pressed"
    tooltip="Windowshade Mode"
    />
    <button
    id="unshade"
    action="SWITCH" param="normal"
    x="-40" relatx="1" y="2"
    image="wasabi.button.unshade"
    downImage="wasabi.button.unshade.pressed"
    tooltip="Windowshade Mode"
    />
  </groupdef>
  
  <!-- Sliders (Volume/balance) for frameless windowshade  -->
  <groupdef id="eq.medshade.sliders" name="Player Sliders">  
    <group id="generic.hslider" x="50" y="4" w="95" h="8"/>
    <slider
    id="Volume"
    action="VOLUME"
    x="50" y="2"
    w="95" h="8"
    tooltip="Volume"
    thumb="eq.shade.volume.button"
    downThumb="eq.shade.volume.button.pressed"
    />
    <group id="generic.hslider" x="216" y="4" w="95" h="8"/>
    <slider
    id="ball4ance"
    action="PAN"
    x="216" y="2"
    w="95" h="8"
    tooltip="balance"
    thumb="eq.shade.balance.button"
    downThumb="eq.shade.balance.button.pressed"
    />
  </groupdef>
  
  <groupdef id="eq.medshade.buttons" name="Eq Buttons">  
    <button
    id="toggle"
    action="EQ_TOGGLE"
    x="10" y="4"
    image="eq.shade.switch.on.disabled"
    downImage="eq.shade.switch.on.pressed"
    activeImage="eq.shade.switch.on.enabled"
    tooltip="Toggle Equalizer On/Off"
    />
    <button
    id="auto"
    action="EQ_AUTO"
    x="166" y="4"
    image="eq.shade.switch.auto.disabled"
    downImage="eq.shade.switch.auto.pressed"
    activeImage="eq.shade.switch.auto.enabled"
    tooltip="Toggle Equalizer Automatic Processing"
    />
    <button
    id="presets"
    action="MENU" param="presets"
    x="327" y="4"
    image="eq.shade.button.presets"
    downImage="eq.shade.button.presets.pressed"
    tooltip="Manage Equalizer Presets"
    />
  </groupdef>
  
  <layout id="medshade" background="window.background" minimum_h="20" maximum_h="20" default_h="20" minimum_w="420" maximum_w="420" default_w="420" droptarget="pldr" width="maxshade">
  
    <group id="eq.title.medshade"   x="0" y="0" w="0" h="0"  relatw="1" relath="1"/>
    <group id="eq.medshade.sliders" x="0" y="4" w="0" h="20" relatw="1"/>
    <group id="eq.medshade.buttons" x="0" y="0" w="0" h="20" relatw="1"/>
      
  </layout>
  
  <!-- ************************* Max Windowshade Mode definitions ************************* -->
  
  <groupdef id="eq.title.maxshade" name="Shaded Winamp title">    
    <group id="titlebar.noframe" x="0" y="0" w="0" h="0" relatw="1" relath="1"/> 
    <layer id="toggletitle" dblClickAction="SWITCH;normal" x="0" y="0" w="0" h="0" relatw="1" relath="1"/>
    <button
    id="winshade"
    action="SWITCH" param="normal"
    x="-20" relatx="1" y="3"
    image="button.unshade.flat"
    tooltip="Windowshade Mode"
    inactivealpha="0"  
    />
    <button
    id="winshade"
    action="SWITCH" param="normal"
    x="-20" relatx="1" y="3"
    image="button.unshade.flat.inactive"
    tooltip="Windowshade Mode"
    activealpha="0"  
    />
  </groupdef>
  
  <!-- Sliders (Volume/balance) for mini windowshade -->
  <groupdef id="eq.maxshade.sliders" name="Player Sliders">  
    <group id="generic.hslider" x="0" y="4" w="80" h="8"/>
    <slider
    id="Volume"
    action="VOLUME"
    x="0" y="2"
    w="80" h="8"
    tooltip="Volume"
    thumb="eq.shade.volume.button"
    downThumb="eq.shade.volume.button.pressed"
    />
    <group id="generic.hslider" x="95" y="4" w="80" h="8"/>
    <slider
    id="ball5ance"
    action="PAN"
    x="95" y="2"
    w="80" h="8"
    tooltip="Balance"
    thumb="eq.shade.balance.button"
    downThumb="eq.shade.balance.button.pressed"
    />
  </groupdef>
  
  <layout id="maxshade" background="window.background" minimum_h="20" maximum_h="20" default_h="20" minimum_w="215" maximum_w="215" default_w="215" droptarget="pldr" width="normal">
  
    <group id="eq.title.maxshade"   x="0"  y="0" w="0" h="0" relatw="1" relath="1"/>
    <group id="eq.maxshade.sliders" x="10" y="4" w="0" h="0" relatw="1" relath="1"/>
  
  </layout>

  <!-- ************************* Mini Mode definitions ************************* -->

  <groupdef id="mini.eq.normal.title" name="Eq Title">  
    <layer
    id="eq.bg"
    x="4" y="14"
    image="mini.eq.background"
    />    
    <group id="wasabi.frame.layout" x="0" y="0" w="0" h="0" relatw="1" relath="1"/>
    <layer
    id="toggletitle"
    dblClickAction="SWITCH;minimaxshade"
    x="24" y="4" w="-72" h="-12" relatw="1" relath="1"
    />
    <button
    id="winshade" tooltip="Windowshade Mode"
    action="SWITCH" param="minimaxshade"
    x="-44" relatx="1" y="6"
    image="wasabi.button.shade"
    downimage="wasabi.button.shade.pressed"
    />
  </groupdef>
  
  <groupdef id="mini.eq.normal.buttons" name="Eq Buttons">  
    <button
    id="toggle"
    action="EQ_TOGGLE"
    x="10" y="16"
    image="mini.eq.switch.on.disabled"
    downimage="mini.eq.switch.on.pressed"
    activeimage="mini.eq.switch.on.enabled"
    tooltip="Toggle Equalizer On/Off"
    />
    <button
    id="auto"
    action="EQ_AUTO"
    x="37" y="16"
    image="mini.eq.switch.auto.disabled"
    downimage="mini.eq.switch.auto.pressed"
    activeimage="mini.eq.switch.auto.enabled"
    tooltip="Toggle Equalizer Automatic Processing"
    />
    <button
    id="presets"
    action="MENU" param="presets"
    x="210" y="16"
    image="mini.eq.button.presets"
    downimage="mini.eq.button.presets.pressed"
    tooltip="Manage Equalizer Presets"
    />
    <eqvis 
    id="spline" 
    x="84" y="14" 
    w="111" h="19" 
    colortop=   "255,224,0" 
    colormiddle="255,176,0" 
    colorbottom="255,128,0"
    colorpreamp="255,176,0"
    gamma="192" 
    />
  </groupdef>
  
  <groupdef id="mini.eq.normal.sliders" name="Eq Sliders">
    <layer x="22" y="25" image="mini.eq.slider.bar"/>
    <slider
    id="preamp"
    action="EQ_PREAMP"
    x="19" y="25"
    w="11" h="60"
    orientation="vertical"
    thumb="mini.eq.slider.button"
    downThumb="mini.eq.slider.button.pressed"
    />
  
    <layer x="79" y="25" image="mini.eq.slider.bar"/>
    <slider
    id="eq1"
    action="EQ_BAND" param="1"
    x="76" y="25"
    w="11" h="60"
    orientation="vertical"
    thumb="mini.eq.slider.button"
    downThumb="mini.eq.slider.button.pressed"
    />
  
    <layer x="97" y="25" image="mini.eq.slider.bar"/>
    <slider
    id="eq2"
    action="EQ_BAND" param="2"
    x="94" y="25"
    w="11" h="60"
    orientation="vertical"
    thumb="mini.eq.slider.button"
    downThumb="mini.eq.slider.button.pressed"
    />
  
    <layer x="115" y="25" image="mini.eq.slider.bar"/>
    <slider
    id="eq3"
    action="EQ_BAND" param="3"
    x="112" y="25"
    w="11" h="60"
    orientation="vertical"
    thumb="mini.eq.slider.button"
    downThumb="mini.eq.slider.button.pressed"
    />
  
    <layer x="133" y="25" image="mini.eq.slider.bar"/>
    <slider
    id="eq4"
    action="EQ_BAND" param="4"
    x="130" y="25"
    w="11" h="60"
    orientation="vertical"
    thumb="mini.eq.slider.button"
    downThumb="mini.eq.slider.button.pressed"
    />
  
    <layer x="151" y="25" image="mini.eq.slider.bar"/>
    <slider
    id="eq5"
    action="EQ_BAND" param="5"
    x="148" y="25"
    w="11" h="60"
    orientation="vertical"
    thumb="mini.eq.slider.button"
    downThumb="mini.eq.slider.button.pressed"
    />
  
    <layer x="169" y="25" image="mini.eq.slider.bar"/>
    <slider
    id="eq6"
    action="EQ_BAND" param="6"
    x="166" y="25"
    w="11" h="60"
    orientation="vertical"
    thumb="mini.eq.slider.button"
    downThumb="mini.eq.slider.button.pressed"
    />
  
    <layer x="187" y="25" image="mini.eq.slider.bar"/>
    <slider
    id="eq7"
    action="EQ_BAND" param="7"
    x="184" y="25"
    w="11" h="60"
    orientation="vertical"
    thumb="mini.eq.slider.button"
    downThumb="mini.eq.slider.button.pressed"
    />
  
    <layer x="205" y="25" image="mini.eq.slider.bar"/>
    <slider
    id="eq8"
    action="EQ_BAND" param="8"
    x="202" y="25"
    w="11" h="60"
    orientation="vertical"
    thumb="mini.eq.slider.button"
    downThumb="mini.eq.slider.button.pressed"
    />
  
    <layer x="223" y="25" image="mini.eq.slider.bar"/>
    <slider
    id="eq9"
    action="EQ_BAND" param="9"
    x="220" y="25"
    w="11" h="60"
    orientation="vertical"
    thumb="mini.eq.slider.button"
    downThumb="mini.eq.slider.button.pressed"
    />
  
    <layer x="241" y="25" image="mini.eq.slider.bar"/>
    <slider
    id="eq10"
    action="EQ_BAND" param="10"
    x="238" y="25"
    w="11" h="60"
    orientation="vertical"
    thumb="mini.eq.slider.button"
    downThumb="mini.eq.slider.button.pressed"
    />
  </groupdef>
  
  <layout id="mini" background="window.background" minimum_h="130" maximum_h="130" default_h="130" minimum_w="275" maximum_w="275" default_w="275" width="normal">
  
    <group id="mini.eq.normal.title"   x="0" y="0"  w="275" h="130"/>
    <group id="mini.eq.normal.buttons" x="5" y="15" w="269" h="110"/>
    <group id="mini.eq.normal.sliders" x="6" y="28" w="269" h="85"/>
    <button id="miniwin"
    action="SWITCH" param="normal"
    x="-64" relatx="1" y="6"
    image="button.maxrestore"
    downImage="button.maxrestore.pressed"
    tooltip="Normal Window Mode"
    />
    <button
    id="advanced" tooltip="Advanced Mode"
    action="SWITCH" param="miniadv"
    x="4" y="-27" relaty="1"
    image="mini.eq.button.advanced"
    downImage="mini.eq.button.advanced.pressed"
    />
    <!-- Resizer -->
    <layer
    id="Resizer"
    scale="bottomright"
    x="-10" relatx="1" y="-10" relaty="1"
    image="mini.player.button.resize"
    />
  
  </layout>
  
  <!-- ************************* Mini Advanced Mode definitions ************************* -->
  
  <!-- Sliders (Volume/balance) used by unshaded, advanced and normal windowshade mode -->
  <groupdef id="mini.eq.volbal.sliders" name="Player Sliders">  
    <layer id="eq.volume.bg" x="0" y="3" ghost="1" image="mini.player.volume.bg"/>
    <slider
    id="Volume"
    action="VOLUME"
    x="0" y="1"
    w="65" h="9"
    thumb="mini.player.button.volume"
    downThumb="mini.p.player.button.volume"
    tooltip="Volume"
    />
    <layer id="eq.balance.bg" x="160" y="3" ghost="1" image="mini.player.volume.bg"/>
    <slider
    id="ball6ance"
    action="PAN"
    x="160" y="1"
    w="65" h="9"
    thumb="mini.player.button.balance"
    downThumb="mini.p.player.button.balance"
    tooltip="Balance"
    />
    <layer id="eq.xfade.bg" x="80" y="3" ghost="1" image="mini.player.volume.bg"/>
    <slider
    id="sCrossfade"
    cfgattrib="{F1239F09-8CC6-4081-8519-C2AE99FCB14C};Crossfade time"
    high="20"
    x="80" y="1"
    w="65" h="9"
    thumb="mini.eq.xfade.button"
    downThumb="mini.eq.xfade.button.pressed"
    tooltip="Crossfade Fade Duration"
    />	  
  </groupdef>
  
  <layout id="miniadv" background="window.background" minimum_h="144" maximum_h="144" default_h="144" minimum_w="275" maximum_w="275" default_w="275" width="normal">
  
    <group id="mini.eq.normal.title"   x="0"  y="0"  w="275" h="144"/>
    <group id="mini.eq.normal.buttons" x="5"  y="15" w="269" h="110"/>
    <group id="mini.eq.normal.sliders" x="6"  y="28" w="267" h="85"/>
    <group id="mini.eq.volbal.sliders" x="28" y="127" w="225"/>
    <button id="miniwin"
    action="SWITCH" param="advanced"
    x="-64" relatx="1" y="6"
    image="button.maxrestore"
    downImage="button.maxrestore.pressed"
    tooltip="Normal Window Mode"
    />
    <button
    id="normal" tooltip="Normal Mode"
    action="SWITCH" param="mini"
    x="4" y="-27" relaty="1"
    image="mini.eq.button.normal"
    downImage="mini.eq.button.normal.pressed"
    />
    <!-- Resizer -->
    <layer
    id="Resizer"
    scale="bottomright"
    x="-10" relatx="1" y="-10" relaty="1"
    image="mini.player.button.resize"
    />
  
  </layout>

  <!-- ************************* Mini Windowshade Mode definitions ************************* -->
  
  <groupdef id="mini.eq.title.maxshade" name="Shaded Winamp title">    
    <group id="titlebar.noframe" x="0" y="0" w="0" h="0" relatw="1" relath="1"/> 
    <layer id="toggletitle" dblClickAction="SWITCH;mini" x="0" y="0" w="0" h="0" relatw="1" relath="1"/>
    <button
    id="winshade"
    action="SWITCH" param="mini"
    x="-20" relatx="1" y="3"
    image="button.unshade.flat"
    tooltip="Windowshade Mode"
    inactivealpha="0"  
    />
    <button
    id="winshade"
    action="SWITCH" param="mini"
    x="-20" relatx="1" y="3"
    image="button.unshade.flat.inactive"
    tooltip="Windowshade Mode"
    activealpha="0"  
    />
  </groupdef>
  
  <layout id="minimaxshade" background="window.background" minimum_h="20" maximum_h="20" default_h="20" minimum_w="215" maximum_w="215" default_w="215" droptarget="pldr" width="mini">
  
    <group id="mini.eq.title.maxshade" x="0"  y="0" w="0" h="0" relatw="1" relath="1"/>
    <group id="eq.maxshade.sliders"    x="10" y="4" w="0" h="0" relatw="1" relath="1"/>
  
  </layout>

</container>