<!-- WinPlain - colors.xml -->

<!-- (re)definiton of Winamp3  system colors -->
 
<elements>

  <!-- Generic Trees -->
  <color id="studio.tree.text"        value="255,0,0"/> <!-- Item text color -->
  <color id="studio.tree.selected"    value="128,0,0"/> <!-- Select item text background color -->
  <color id="studio.tree.hilited"     value="128,0,0"/> <!-- Hilited item text background color -->
  <color id="studio.tree.hiliteddrop" value="128,0,0"/> <!-- Drop marker color -->
    
  <!-- Generic Lists -->
  <color id="wasabi.list.text" value="255,255,255" gammagroup="ListText"/> <!--lists/trees item foreground (also edit text) -->
  <color id="wasabi.list.background" value="0,0,0" gammagroup="ListBackground"/>  <!--lists/trees item background (also bg for edit) -->
  <color id="wasabi.list.text.selected" value="255,255,255" gammagroup="ListTextSelected"/> <!--listview/treeview selection bar text color -->
  <color id="wasabi.list.text.selected.background" value="128,0,0" gammagroup="ListSelBackground"/> <!--listview/treeview selection bar backcolor -->
  <color id="wasabi.list.text.current" value="255,255,255" gammagroup="ListTextCurrent"/> <!-- currently playing item in lists -->
  <color id="wasabi.list.text.selected.inactive" value="255,255,255" gammagroup="ListTextSelected"/> <!-- listview/treeview selection bar textcolor (inactive) -->
  <color id="wasabi.list.text.selected.background.inactive" value="0,0,0" gammagroup="ListSelBackground"/> <!-- listview/treeview selectionbar back color (inactive) -->


  <!-- Generic Lists -->
  <color id="studio.list.text"              value="255,224,64"/> <!-- List item text color -->
  <color id="studio.list.item.selected"     value="128,0,0"/> <!-- Selected item text background color -->
  <color id="studio.list.item.focused"      value="128,0,0"/> <!-- Focused item text background color -->
  <color id="studio.list.column.background" value="208,208,208"/> <!-- Columns background color -->
  <color id="studio.list.column.text"       value="0,0,0"/> <!-- Columns text color -->
  <color id="studio.list.item.selected.fg"  value="255,255,255" /><!-- Selected item text foreground color -->

  <!-- Item Lists -->
  <color id="common.itemlist.outline.current" value="255,224,0"/> <!-- Currently playing outline color -->
  <color id="common.itemlist.outline.focus"   value="255,224,0"/> <!-- Focused item dashed outline color -->
  <color id="common.itemlist.selborder"       value="0,128,0"/> <!-- Focused item dashed outline color -->

  <!-- playlist editor -->
  <color id="pledit.text"           value="192,192,192"/>  <!-- text color in editor -->
  <color id="pledit.text.readonly"  value="255,224,0" />
  <color id="pledit.text.current"   value="0,128,0"/> <!-- current playback file foreground -->
  <color id="pledit.currentoutline" value="0,0,128"/> <!-- current playback file outline color -->
  <color id="pledit.text.disabled"  value="128,128,128" /> <!-- disabled entries -->
  <color id="pledit.dir.plitem"     value="0,128,128" /> <!-- playlist directory item foreground color -->
  <color id="pledit.dir.plitem.current" value="255,255,0" /> <!-- playlist directory item current rectangle marker -->
  <color id="pledit.dir.working"    value="128,0,128" /> <!-- playlist directory working playlist item foreground color -->
  <color id="pledit.dir.workingbg"  value="255,255,255" /> <!-- playlist directory working playlist item background color -->

  <!-- Message box -->
  <color id="studio.msgBox.background" value="128,128,128"/> <!-- Messagebox background color -->
  <color id="studio.textBar.text" value="255,224,0"/> <!-- Text object & message box text color -->
  <color id="studio.textBar.background" value="192,192,192"/> <!-- Text object & message box text background color -->

  <!-- Buttons -->
  <color id="studio.button.text" value="0,0,0"/> <!-- Buttons text color -->
  <color id="studio.button.hiliteText" value="0,0,0"/> <!-- Buttons hilite text color, used by tab windows-->
  <color id="studio.button.dimmedText" value="128,128,128"/> <!-- Buttons dimmed text color, when disabled -->

  <!-- Popup menus -->
  <color id="studio.popup.text"       value="0,0,0"/> 
  <color id="studio.popup.hiliteText" value="255,255,255"/> 
  <color id="studio.popup.dimmedText" value="128,128,128"/> 

  <!-- Popup menus, inverse colors
  <color id="studio.popup.text" value="255,255,255"/>
  <color id="studio.popup.hiliteText" value="0,0,0"/>
  <color id="studio.popup.dimmedText" value="64,64,64"/>
  -->

  <!-- Components -->
  <color id="studio.status.text" value="255,224,0" /> <!-- Component status text color when using TTF -->
  <color id="studio.component.title.foreground" value="255,224,0"/> <!-- Component title bar text color when using TTF -->
  <color id="studio.component.title.border" value="1,1,1"/> <!-- Component title bar text outline when using TTF -->

  <!-- labeled windows -->
  <color id="common.labelwnd.foreground" value="0,0,0"/> <!-- Text foreground color -->
  <color id="common.labelwnd.background" value="128,128,128"/> <!-- Text drop shadow color -->

  <!-- edit wnds -->
  <color id="wasabi.edit.selection" value="128,128,128" /> <!-- Selected text -->
  <color id="wasabi.edit.text" value="255,255,255" /> <!--Text -->
  <color id="wasabi.edit.background" value="64,64,64" /> <!--Text background -->
  
</elements>