 <!-- Gamma sets -->

 <gammaset id="Default">
   <gammagroup id="Backgrounds"   value="0,0,0"/> <!-- 192,192,192 -->
   <gammagroup id="Buttons"       value="0,0,0"/> <!-- 192,192,192 -->
   <gammagroup id="Thinger icons" value="0,0,0"/>
   <gammagroup id="Menus"         value="0,0,0"/>
   <gammagroup id="MenuText"      value="0,0,0"/>
   <gammagroup id="Fonts"         value="0,0,0"/>
   <gammagroup id="TitlebarLeft"  value="-6000,-6000,50"/> <!-- 0,0,128 -->
   <gammagroup id="TitlebarRight" value="-6000,-6000,50"/> <!-- 0,0,128 -->
   <gammagroup id="ITitlebarLeft"  value="50,50,50"/> <!-- 128,128,128 -->
   <gammagroup id="ITitlebarRight" value="50,50,50"/> <!-- 128,128,128 -->
   <gammagroup id="Titlebar Font" value="0,0,0"/>
   <gammagroup id="Button Fonts"  value="0,0,0"/>
   <gammagroup id="Display Fonts" value="0,0,0"/>
   <gammagroup id="Tree Color"    value="0,0,0"/>
   <gammagroup id="Text"          value="0,0,0"/>
   <gammagroup id="Playback Status Symbols" value="0,0,0"/>
   <gammagroup id="Display Backgrounds"     value="0,0,0"/>
   <gammagroup id="Scrollbar Backgrounds"   value="0,0,0"/>
   <gammagroup id="Scrollbar Buttons"       value="0,0,0"/>
 </gammaset>

 <gammaset id="Windows 9x Standard (=2K Classic)">
   <gammagroup id="Backgrounds"   value="0,0,0"/> <!-- 192,192,192 -->
   <gammagroup id="Buttons"       value="0,0,0"/> <!-- 192,192,192 -->
   <gammagroup id="Thinger icons" value="0,0,0"/>
   <gammagroup id="Menus"         value="0,0,0"/>
   <gammagroup id="MenuText"      value="0,0,0"/>
   <gammagroup id="Fonts"         value="0,0,0"/>
   <gammagroup id="TitlebarLeft"  value="-6000,-6000,50"/> <!-- 0,0,128 -->
   <gammagroup id="TitlebarRight" value="-3575,150,2575"/> <!-- 16,132,208 -->
   <gammagroup id="ITitlebarLeft"  value="50,50,50"/>       <!-- 128,128,128 -->
   <gammagroup id="ITitlebarRight" value="1700,1700,1700"/> <!-- 181,181,181 -->
   <gammagroup id="Titlebar Font" value="0,0,0"/>
   <gammagroup id="Button Fonts"  value="0,0,0"/>
   <gammagroup id="Display Fonts" value="0,0,0"/>
   <gammagroup id="Tree Color"    value="0,0,0"/>
   <gammagroup id="Text"          value="0,0,0"/>
   <gammagroup id="Playback Status Symbols" value="0,0,0"/>
   <gammagroup id="Display Backgrounds"     value="0,0,0"/>
   <gammagroup id="Scrollbar Backgrounds"   value="0,0,0"/>
   <gammagroup id="Scrollbar Buttons"       value="0,0,0"/>
 </gammaset>

 <gammaset id="Windows 2K Standard">
   <gammagroup id="Backgrounds"   value="445,355,175"/> <!-- 212,208,200-->
   <gammagroup id="Buttons"       value="445,355,175"/> <!-- 212,208,200-->
   <gammagroup id="Thinger icons" value="445,355,175"/> <!-- 212,208,200-->
   <gammagroup id="Menus"         value="445,355,175"/> <!-- 212,208,200-->
   <gammagroup id="MenuText"      value="0,0,0"/>
   <gammagroup id="Fonts"         value="0,0,0"/>
   <gammagroup id="TitlebarLeft"  value="-3725,-2900,-650"/> <!-- 10,36,106 -->
   <gammagroup id="TitlebarRight" value="1225,2375,3600"/>   <!-- 166,202,240 -->
   <gammagroup id="ITitlebarLeft"  value="50,50,50"/>       <!-- 128,128,128 -->
   <gammagroup id="ITitlebarRight" value="2050,2050,2050"/> <!-- 192,192,192 -->
   <gammagroup id="Titlebar Font" value="0,0,0"/>
   <gammagroup id="Button Fonts"  value="0,0,0"/>
   <gammagroup id="Display Fonts" value="0,0,0"/>
   <gammagroup id="Tree Color"    value="0,0,0"/>
   <gammagroup id="Text"          value="0,0,0"/>
   <gammagroup id="Playback Status Symbols" value="0,0,0"/>
   <gammagroup id="Display Backgrounds"     value="0,0,0"/>
   <gammagroup id="Scrollbar Backgrounds"   value="0,0,0"/>
   <gammagroup id="Scrollbar Buttons"       value="0,0,0"/>
 </gammaset>

 <gammaset id="Windows Desert">
   <gammagroup id="Backgrounds"   value="453,270,-90"/> <!-- 213,204,187 -->
   <gammagroup id="Buttons"       value="453,270,-90"/> <!-- 213,204,187 -->
   <gammagroup id="Thinger icons" value="453,270,-90"/> <!-- 213,204,187 -->
   <gammagroup id="Menus"         value="453,270,-90"/> <!-- 213,204,187 -->
   <gammagroup id="MenuText"      value="0,0,0"/>
   <gammagroup id="Fonts"         value="0,0,0"/>
   <gammagroup id="TitlebarLeft"  value="-6000,50,50"/>   <!-- 0,128,128 -->
   <gammagroup id="TitlebarRight" value="150,1975,1375"/> <!-- 132,189,170 -->
   <gammagroup id="ITitlebarLeft"  value="1150,500,-600"/> <!-- 162,141,104 -->
   <gammagroup id="ITitlebarRight" value="3350,2575,30"/>  <!-- 232,208,128 -->
   <gammagroup id="Titlebar Font" value="0,0,0"/>
   <gammagroup id="Button Fonts"  value="0,0,0"/>
   <gammagroup id="Display Fonts" value="0,0,0"/>
   <gammagroup id="Tree Color"    value="0,0,0"/>
   <gammagroup id="Text"          value="0,0,0"/>
   <gammagroup id="Playback Status Symbols" value="0,0,0"/>
   <gammagroup id="Display Backgrounds"     value="0,0,0"/>
   <gammagroup id="Scrollbar Backgrounds"   value="0,0,0"/>
   <gammagroup id="Scrollbar Buttons"       value="0,0,0"/>
 </gammaset>

 <gammaset id="Windows Egg Plant">
   <gammagroup id="Backgrounds"   value="-1012,-325,-500"/> <!-- 144,176,168 -->
   <gammagroup id="Buttons"       value="-1012,-325,-500"/> <!-- 144,176,168 -->
   <gammagroup id="Thinger icons" value="-1012,-325,-500"/> <!-- 144,176,168 -->
   <gammagroup id="Menus"         value="-1012,-325,-500"/> <!-- 144,176,168 -->
   <gammagroup id="MenuText"      value="0,0,0"/>
   <gammagroup id="Fonts"         value="0,0,0"/>
   <gammagroup id="TitlebarLeft"  value="-1225,50,-200"/> <!-- 88,128,120 -->
   <gammagroup id="TitlebarRight" value="100,-1675,100"/> <!-- 131,75,131 -->
   <gammagroup id="ITitlebarLeft"  value="550,1575,1325"/>  <!-- 144,176,168 -->
   <gammagroup id="ITitlebarRight" value="2425,1975,2625"/> <!-- 203,189,210 -->
   <gammagroup id="Titlebar Font" value="0,0,0"/>
   <gammagroup id="Button Fonts"  value="0,0,0"/>
   <gammagroup id="Display Fonts" value="0,0,0"/>
   <gammagroup id="Tree Color"    value="0,0,0"/>
   <gammagroup id="Text"          value="0,0,0"/>
   <gammagroup id="Playback Status Symbols" value="0,0,0"/>
   <gammagroup id="Display Backgrounds"     value="0,0,0"/>
   <gammagroup id="Scrollbar Backgrounds"   value="0,0,0"/>
   <gammagroup id="Scrollbar Buttons"       value="0,0,0"/>
 </gammaset>

 <gammaset id="Windows Brick">
   <gammagroup id="Backgrounds"   value="50,-5,-570"/> <!-- 194,191,165 -->
   <gammagroup id="Buttons"       value="50,-5,-570"/> <!-- 194,191,165 -->
   <gammagroup id="Thinger icons" value="50,-5,-570"/> <!-- 194,191,165 -->
   <gammagroup id="Menus"         value="50,-5,-570"/> <!-- 194,191,165 -->
   <gammagroup id="MenuText"      value="0,0,0"/>
   <gammagroup id="Fonts"         value="0,0,0"/>
   <gammagroup id="TitlebarLeft"  value="50,-6000,-6000"/>  <!-- 128,0,0 -->
   <gammagroup id="TitlebarRight" value="1550,-360,-2020"/> <!-- 176,116,64 -->
   <gammagroup id="ITitlebarLeft"  value="450,350,-950"/>   <!-- 141,137,97 -->
   <gammagroup id="ITitlebarRight" value="2325,1800,-500"/> <!-- 200,184,112 -->
   <gammagroup id="Titlebar Font" value="0,0,0"/>
   <gammagroup id="Button Fonts"  value="0,0,0"/>
   <gammagroup id="Display Fonts" value="0,0,0"/>
   <gammagroup id="Tree Color"    value="0,0,0"/>
   <gammagroup id="Text"          value="0,0,0"/>
   <gammagroup id="Playback Status Symbols" value="0,0,0"/>
   <gammagroup id="Display Backgrounds"     value="0,0,0"/>
   <gammagroup id="Scrollbar Backgrounds"   value="0,0,0"/>
   <gammagroup id="Scrollbar Buttons"       value="0,0,0"/>
 </gammaset>

 <gammaset id="Windows Maple">
   <gammagroup id="Backgrounds"   value="818,530,-374"/> <!-- 230,216,174 -->
   <gammagroup id="Buttons"       value="818,530,-374"/> <!-- 230,216,174 -->
   <gammagroup id="Thinger icons" value="818,530,-374"/> <!-- 230,216,174 -->
   <gammagroup id="Menus"         value="818,530,-374"/> <!-- 230,216,174 -->
   <gammagroup id="MenuText"      value="0,0,0"/>
   <gammagroup id="Fonts"         value="0,0,0"/>
   <gammagroup id="TitlebarLeft"   value="0,-4096,-4096"/>   <!-- 128,0,0 -->
   <gammagroup id="TitlebarRight"  value="2048,896,-2304"/>  <!-- 192,156,56 -->
   <gammagroup id="ITitlebarLeft"  value="2304,1280,-1792"/> <!-- 198,166,70 -->
   <gammagroup id="ITitlebarRight" value="3104,2336,288"/>   <!-- 224,200,136 -->
   <gammagroup id="Titlebar Font" value="0,0,0"/>
   <gammagroup id="Button Fonts"  value="0,0,0"/>
   <gammagroup id="Display Fonts" value="0,0,0"/>
   <gammagroup id="Tree Color"    value="0,0,0"/>
   <gammagroup id="Text"          value="0,0,0"/>
   <gammagroup id="Playback Status Symbols" value="0,0,0"/>
   <gammagroup id="Display Backgrounds"     value="0,0,0"/>
   <gammagroup id="Scrollbar Backgrounds"   value="0,0,0"/>
   <gammagroup id="Scrollbar Buttons"       value="0,0,0"/>
 </gammaset>

 <gammaset id="Windows Spruce">
   <gammagroup id="Backgrounds"    value="-638,176,-484"/> <!-- 162,200,169 -->
   <gammagroup id="Buttons"        value="-638,176,-484"/> <!-- 162,200,169 -->
   <gammagroup id="Thinger icons"  value="-638,176,-484"/> <!-- 162,200,169 -->
   <gammagroup id="Menus"          value="-638,176,-484"/> <!-- 162,200,169 -->
   <gammagroup id="MenuText"       value="0,0,0"/>
   <gammagroup id="Fonts"          value="0,0,0"/>
   <gammagroup id="TitlebarLeft"   value="-1216,768,-864"/>   <!-- 89,151,100 -->
   <gammagroup id="TitlebarRight"  value="800,2336,3360"/>  <!-- 152,200,232 -->
   <gammagroup id="ITitlebarLeft"  value="32,32,32"/>       <!-- 128,128,128 -->
   <gammagroup id="ITitlebarRight" value="1312,2464,1568"/> <!-- 168,204,176 -->
   <gammagroup id="Titlebar Font"  value="0,0,0"/>
   <gammagroup id="Button Fonts"   value="0,0,0"/>
   <gammagroup id="Display Fonts"  value="0,0,0"/>
   <gammagroup id="Tree Color"     value="0,0,0"/>
   <gammagroup id="Text"           value="0,0,0"/>
   <gammagroup id="Playback Status Symbols" value="0,0,0"/>
   <gammagroup id="Display Backgrounds"     value="0,0,0"/>
   <gammagroup id="Scrollbar Backgrounds"   value="0,0,0"/>
   <gammagroup id="Scrollbar Buttons"       value="0,0,0"/>
 </gammaset>

 <gammaset id="Windows Lilac">
   <gammagroup id="Backgrounds"    value="-374,-506,550"/> <!-- 174,168,217 -->
   <gammagroup id="Buttons"        value="-374,-506,550"/> <!-- 174,168,217 -->
   <gammagroup id="Thinger icons"  value="-374,-506,550"/> <!-- 174,168,217 -->
   <gammagroup id="Menus"          value="-374,-506,550"/> <!-- 174,168,217 -->
   <gammagroup id="MenuText"       value="0,0,0"/>
   <gammagroup id="Fonts"          value="0,0,0"/>
   <gammagroup id="TitlebarLeft"   value="-1184,-1568,1600"/> <!-- 90,78,177 -->
   <gammagroup id="TitlebarRight"  value="1792,512,2432"/>    <!-- 182,143,203 -->
   <gammagroup id="ITitlebarLeft"  value="64,64,64"/>         <!-- 128,128,128 -->
   <gammagroup id="ITitlebarRight" value="1824,1696,2592"/>   <!-- 184,180,208 -->
   <gammagroup id="Titlebar Font"  value="0,0,0"/>
   <gammagroup id="Button Fonts"   value="0,0,0"/>
   <gammagroup id="Display Fonts"  value="0,0,0"/>
   <gammagroup id="Tree Color"     value="0,0,0"/>
   <gammagroup id="Text"           value="0,0,0"/>
   <gammagroup id="Playback Status Symbols" value="0,0,0"/>
   <gammagroup id="Display Backgrounds"     value="0,0,0"/>
   <gammagroup id="Scrollbar Backgrounds"   value="0,0,0"/>
   <gammagroup id="Scrollbar Buttons"       value="0,0,0"/>
 </gammaset>

 <gammaset id="Windows Gray">
   <gammagroup id="Backgrounds"    value="-1320,-836,-308"/> <!-- 131,153,177 -->
   <gammagroup id="Buttons"        value="-1320,-836,-308"/> <!-- 131,153,177 -->
   <gammagroup id="Thinger icons"  value="-1320,-836,-308"/> <!-- 131,153,177 -->
   <gammagroup id="Menus"          value="-1320,-836,-308"/> <!-- 131,153,177 -->
   <gammagroup id="MenuText"       value="0,0,0"/>
   <gammagroup id="Fonts"          value="0,0,0"/>
   <gammagroup id="TitlebarLeft"   value="-1536,-832,-64"/> <!-- 79,101,125 -->
   <gammagroup id="TitlebarRight"  value="32,1696,2592"/>   <!-- 128,180,208 -->
   <gammagroup id="ITitlebarLeft"  value="64,64,64"/>       <!-- 128,128,128 -->
   <gammagroup id="ITitlebarRight" value="1568,1952,2592"/> <!-- 176,188,208 -->
   <gammagroup id="Titlebar Font"  value="0,0,0"/>
   <gammagroup id="Button Fonts"   value="0,0,0"/>
   <gammagroup id="Display Fonts"  value="0,0,0"/>
   <gammagroup id="Tree Color"     value="0,0,0"/>
   <gammagroup id="Text"           value="0,0,0"/>
   <gammagroup id="Playback Status Symbols" value="0,0,0"/>
   <gammagroup id="Display Backgrounds"     value="0,0,0"/>
   <gammagroup id="Scrollbar Backgrounds"   value="0,0,0"/>
   <gammagroup id="Scrollbar Buttons"       value="0,0,0"/>
 </gammaset>

 <gammaset id="Windows Mint">
   <gammagroup id="Backgrounds"    value="0,0,0"/> <!-- 192,192,192 -->
   <gammagroup id="Buttons"        value="0,0,0"/> <!-- 192,192,192 -->
   <gammagroup id="Thinger icons"  value="0,0,0"/>
   <gammagroup id="Menus"          value="0,0,0"/>
   <gammagroup id="MenuText"       value="0,0,0"/>
   <gammagroup id="Fonts"          value="0,0,0"/>
   <gammagroup id="TitlebarLeft"   value="-4064,64,64"/>     <!-- 0,128,128 -->
   <gammagroup id="TitlebarRight"  value="-4064,2464,2848"/> <!-- 0,204,216 -->
   <gammagroup id="ITitlebarLeft"  value="64,64,64"/>        <!-- 128,128,128 -->
   <gammagroup id="ITitlebarRight" value="800,2336,1824"/>   <!-- 152,200,184 -->
   <gammagroup id="Titlebar Font"  value="0,0,0"/>
   <gammagroup id="Button Fonts"   value="0,0,0"/>
   <gammagroup id="Display Fonts"  value="0,0,0"/>
   <gammagroup id="Tree Color"     value="0,0,0"/>
   <gammagroup id="Text"           value="0,0,0"/>
   <gammagroup id="Playback Status Symbols" value="0,0,0"/>
   <gammagroup id="Display Backgrounds"     value="0,0,0"/>
   <gammagroup id="Scrollbar Backgrounds"   value="0,0,0"/>
   <gammagroup id="Scrollbar Buttons"       value="0,0,0"/>
 </gammaset>

 <gammaset id="Windows Plum">
   <gammagroup id="Backgrounds"    value="-506,-858,-1034"/> <!-- 168,152,144 -->
   <gammagroup id="Buttons"        value="-506,-858,-1034"/> <!-- 168,152,144 -->
   <gammagroup id="Thinger icons"  value="-506,-858,-1034"/> <!-- 168,152,144 -->
   <gammagroup id="Menus"          value="-506,-858,-1034"/> <!-- 168,152,144 -->
   <gammagroup id="MenuText"       value="0,0,0"/>
   <gammagroup id="Fonts"          value="0,0,0"/>
   <gammagroup id="TitlebarLeft"   value="-1728,-1984,-960"/> <!-- 72,64,96 -->
   <gammagroup id="TitlebarRight"  value="1056,160,1824"/>    <!-- 160,132,184 -->
   <gammagroup id="ITitlebarLeft"  value="-192,-960,-1216"/>  <!-- 120,96,88 -->
   <gammagroup id="ITitlebarRight" value="1312,800,-224"/>    <!-- 168,152,120 -->
   <gammagroup id="Titlebar Font"  value="0,0,0"/>
   <gammagroup id="Button Fonts"   value="0,0,0"/>
   <gammagroup id="Display Fonts"  value="0,0,0"/>
   <gammagroup id="Tree Color"     value="0,0,0"/>
   <gammagroup id="Text"           value="0,0,0"/>
   <gammagroup id="Playback Status Symbols" value="0,0,0"/>
   <gammagroup id="Display Backgrounds"     value="0,0,0"/>
   <gammagroup id="Scrollbar Backgrounds"   value="0,0,0"/>
   <gammagroup id="Scrollbar Buttons"       value="0,0,0"/>
 </gammaset>

 <gammaset id="Windows Roses">
   <gammagroup id="Backgrounds"    value="330,-352,-176"/> <!-- 207,175,183 -->
   <gammagroup id="Buttons"        value="330,-352,-176"/> <!-- 207,175,183 -->
   <gammagroup id="Thinger icons"  value="330,-352,-176"/> <!-- 207,175,183 -->
   <gammagroup id="Menus"          value="330,-352,-176"/> <!-- 207,175,183 -->
   <gammagroup id="MenuText"       value="0,0,0"/>
   <gammagroup id="Fonts"          value="0,0,0"/>
   <gammagroup id="TitlebarLeft"   value="1056,-960,-448"/> <!-- 159,96,112 -->
   <gammagroup id="TitlebarRight"  value="2848,2464,2592"/> <!-- 216,204,208 -->
   <gammagroup id="ITitlebarLeft"  value="1088,1088,1216"/> <!-- 160,160,164 -->
   <gammagroup id="ITitlebarRight" value="2592,2720,2592"/> <!-- 208,212,208 -->
   <gammagroup id="Titlebar Font"  value="0,0,0"/>
   <gammagroup id="Button Fonts"   value="0,0,0"/>
   <gammagroup id="Display Fonts"  value="0,0,0"/>
   <gammagroup id="Tree Color"     value="0,0,0"/>
   <gammagroup id="Text"           value="0,0,0"/>
   <gammagroup id="Playback Status Symbols" value="0,0,0"/>
   <gammagroup id="Display Backgrounds"     value="0,0,0"/>
   <gammagroup id="Scrollbar Backgrounds"   value="0,0,0"/>
   <gammagroup id="Scrollbar Buttons"       value="0,0,0"/>
 </gammaset>

 <gammaset id="Windows Red,White,Blue">
   <gammagroup id="Backgrounds"    value="0,0,0"/> <!-- 192,192,192 -->
   <gammagroup id="Buttons"        value="0,0,0"/> <!-- 192,192,192 -->
   <gammagroup id="Thinger icons"  value="0,0,0"/>
   <gammagroup id="Menus"          value="0,0,0"/>
   <gammagroup id="MenuText"       value="0,0,0"/>
   <gammagroup id="Fonts"          value="0,0,0"/>
   <gammagroup id="TitlebarLeft"   value="64,-4064,-4064"/>   <!-- 128,0,0 -->
   <gammagroup id="TitlebarRight"  value="-4064,-3553,1312"/> <!-- 0,16,168 -->
   <gammagroup id="ITitlebarLeft"  value="64,64,64"/>         <!-- 128,128,128 -->
   <gammagroup id="ITitlebarRight" value="1888,2016,2368"/>   <!-- 186,190,201 -->
   <gammagroup id="Titlebar Font"  value="0,0,0"/>
   <gammagroup id="Button Fonts"   value="0,0,0"/>
   <gammagroup id="Display Fonts"  value="0,0,0"/>
   <gammagroup id="Tree Color"     value="0,0,0"/>
   <gammagroup id="Text"           value="0,0,0"/>
   <gammagroup id="Playback Status Symbols" value="0,0,0"/>
   <gammagroup id="Display Backgrounds"     value="0,0,0"/>
   <gammagroup id="Scrollbar Backgrounds"   value="0,0,0"/>
   <gammagroup id="Scrollbar Buttons"       value="0,0,0"/>
 </gammaset>

 <gammaset id="Windows Slate">
   <gammagroup id="Backgrounds"    value="-748,-132,176"/> <!-- 157,185,200 -->
   <gammagroup id="Buttons"        value="-748,-132,176"/> <!-- 157,185,200 -->
   <gammagroup id="Thinger icons"  value="-748,-132,176"/> <!-- 157,185,200 -->
   <gammagroup id="Menus"          value="-748,-132,176"/> <!-- 157,185,200 -->
   <gammagroup id="MenuText"       value="0,0,0"/>
   <gammagroup id="Fonts"          value="0,0,0"/>
   <gammagroup id="TitlebarLeft"   value="-1312,64,800"/>   <!-- 85,128,151 -->
   <gammagroup id="TitlebarRight"  value="288,1824,2848"/>  <!-- 136,184,216 -->
   <gammagroup id="ITitlebarLeft"  value="64,64,64"/>       <!-- 128,128,128 -->
   <gammagroup id="ITitlebarRight" value="1056,1952,2336"/> <!-- 160,188,200 -->
   <gammagroup id="Titlebar Font"  value="0,0,0"/>
   <gammagroup id="Button Fonts"   value="0,0,0"/>
   <gammagroup id="Display Fonts"  value="0,0,0"/>
   <gammagroup id="Tree Color"     value="0,0,0"/>
   <gammagroup id="Text"           value="0,0,0"/>
   <gammagroup id="Playback Status Symbols" value="0,0,0"/>
   <gammagroup id="Display Backgrounds"     value="0,0,0"/>
   <gammagroup id="Scrollbar Backgrounds"   value="0,0,0"/>
   <gammagroup id="Scrollbar Buttons"       value="0,0,0"/>
 </gammaset>

 <gammaset id="Windows Sea-Green">
   <gammagroup id="Backgrounds"    value="-1210,0,-154"/> <!-- 136,192,184 -->
   <gammagroup id="Buttons"        value="-1210,0,-154"/> <!-- 136,192,184 -->
   <gammagroup id="Thinger icons"  value="-1210,0,-154"/> <!-- 136,192,184 -->
   <gammagroup id="Menus"          value="-1210,0,-154"/> <!-- 136,192,184 -->
   <gammagroup id="MenuText"       value="0,0,0"/>
   <gammagroup id="Fonts"          value="0,0,0"/>
   <gammagroup id="TitlebarLeft"   value="-4064,-4064,64"/>  <!-- 0,0,128 -->
   <gammagroup id="TitlebarRight"  value="-3296,1696,2080"/> <!-- 24,180,192 -->
   <gammagroup id="ITitlebarLeft"  value="-1728,576,320"/>   <!-- 72,144,136 -->
   <gammagroup id="ITitlebarRight" value="-224,2464,2848"/>  <!-- 120,204,216 -->
   <gammagroup id="Titlebar Font"  value="0,0,0"/>
   <gammagroup id="Button Fonts"   value="0,0,0"/>
   <gammagroup id="Display Fonts"  value="0,0,0"/>
   <gammagroup id="Tree Color"     value="0,0,0"/>
   <gammagroup id="Text"           value="0,0,0"/>
   <gammagroup id="Playback Status Symbols" value="0,0,0"/>
   <gammagroup id="Display Backgrounds"     value="0,0,0"/>
   <gammagroup id="Scrollbar Backgrounds"   value="0,0,0"/>
   <gammagroup id="Scrollbar Buttons"       value="0,0,0"/>
 </gammaset>

 <gammaset id="Windows Storm">
   <gammagroup id="Backgrounds"    value="0,0,0"/> <!-- 192,192,192 -->
   <gammagroup id="Buttons"        value="0,0,0"/> <!-- 192,192,192 -->
   <gammagroup id="Thinger icons"  value="0,0,0"/>
   <gammagroup id="Menus"          value="0,0,0"/>
   <gammagroup id="MenuText"       value="0,0,0"/>
   <gammagroup id="Fonts"          value="0,0,0"/>
   <gammagroup id="TitlebarLeft"   value="64,-4064,64"/>    <!-- 128,0,128 -->
   <gammagroup id="TitlebarRight"  value="-2272,416,1568"/> <!-- 56,140,176 -->
   <gammagroup id="ITitlebarLeft"  value="64,64,64"/>       <!-- 128,128,128 -->
   <gammagroup id="ITitlebarRight" value="1312,1440,1312"/> <!-- 168,172,168 -->
   <gammagroup id="Titlebar Font"  value="0,0,0"/>
   <gammagroup id="Button Fonts"   value="0,0,0"/>
   <gammagroup id="Display Fonts"  value="0,0,0"/>
   <gammagroup id="Tree Color"     value="0,0,0"/>
   <gammagroup id="Text"           value="0,0,0"/>
   <gammagroup id="Playback Status Symbols" value="0,0,0"/>
   <gammagroup id="Display Backgrounds"     value="0,0,0"/>
   <gammagroup id="Scrollbar Backgrounds"   value="0,0,0"/>
   <gammagroup id="Scrollbar Buttons"       value="0,0,0"/>
 </gammaset>

 <gammaset id="Windows Wheat">
   <gammagroup id="Backgrounds"    value="660,660,-682"/> <!-- 222,222,160 -->
   <gammagroup id="Buttons"        value="660,660,-682"/> <!-- 222,222,160 -->
   <gammagroup id="Thinger icons"  value="660,660,-682"/> <!-- 222,222,160 -->
   <gammagroup id="Menus"          value="660,660,-682"/> <!-- 222,222,160 -->
   <gammagroup id="MenuText"       value="0,0,0"/>
   <gammagroup id="Fonts"          value="0,0,0"/>
   <gammagroup id="TitlebarLeft"   value="64,64,-4064"/>     <!-- 128,128,0 -->
   <gammagroup id="TitlebarRight"  value="2336,1568,-1760"/> <!-- 200,176,72 -->
   <gammagroup id="ITitlebarLeft"  value="1984,1984,-1952"/> <!-- 188,188,65 -->
   <gammagroup id="ITitlebarRight" value="1824,1824,32"/>    <!-- 184,184,128 -->
   <gammagroup id="Titlebar Font"  value="0,0,0"/>
   <gammagroup id="Button Fonts"   value="0,0,0"/>
   <gammagroup id="Display Fonts"  value="0,0,0"/>
   <gammagroup id="Tree Color"     value="0,0,0"/>
   <gammagroup id="Text"           value="0,0,0"/>
   <gammagroup id="Playback Status Symbols" value="0,0,0"/>
   <gammagroup id="Display Backgrounds"     value="0,0,0"/>
   <gammagroup id="Scrollbar Backgrounds"   value="0,0,0"/>
   <gammagroup id="Scrollbar Buttons"       value="0,0,0"/>
 </gammaset>

 <gammaset id="Windows Black/White">
   <gammagroup id="Backgrounds"    value="0,0,0"/> <!-- 192,192,192 -->
   <gammagroup id="Buttons"        value="0,0,0"/> <!-- 192,192,192 -->
   <gammagroup id="Thinger icons"  value="0,0,0"/> <!-- 192,192,192 -->
   <gammagroup id="Menus"          value="0,0,0"/> <!-- 192,192,192 -->
   <gammagroup id="MenuText"       value="0,0,0"/>
   <gammagroup id="Fonts"          value="0,0,0"/>
   <gammagroup id="TitlebarLeft"   value="-4064,-4064,-4064"/>  <!-- 0,0,0 -->
   <gammagroup id="TitlebarRight"  value="2048,2048,2048"/>     <!-- 191,191,191 -->
   <gammagroup id="ITitlebarLeft"  value="0,0,0"/>              <!-- 127,127,127 -->
   <gammagroup id="ITitlebarRight" value="4096,4096,4096"/>     <!-- 255,255,255 -->
   <gammagroup id="Titlebar Font"  value="0,0,0"/>
   <gammagroup id="Button Fonts"   value="0,0,0"/>
   <gammagroup id="Display Fonts"  value="0,0,0"/>
   <gammagroup id="Tree Color"     value="0,0,0"/>
   <gammagroup id="Text"           value="0,0,0"/>
   <gammagroup id="Playback Status Symbols" value="0,0,0"/>
   <gammagroup id="Display Backgrounds"     value="0,0,0"/>
   <gammagroup id="Scrollbar Backgrounds"   value="0,0,0"/>
   <gammagroup id="Scrollbar Buttons"       value="0,0,0"/>
 </gammaset>

 <gammaset id="Strong Red/Blue">
   <gammagroup id="TitlebarLeft"  value="4000,-4000,-4000"/> <!-- 255,0,0 -->
   <gammagroup id="TitlebarRight" value="-4000,-4000,4000"/> <!-- 0,0,255 -->
   <gammagroup id="ITitlebarLeft"  value="4000,-700,-700"/> <!-- -->
   <gammagroup id="ITitlebarRight" value="-700,-700,4000"/> <!-- -->
</gammaset>

 <gammaset id="Strong Red/Green">
   <gammagroup id="TitlebarLeft"  value="4000,-4000,-4000"/> <!-- 255,0,0 -->
   <gammagroup id="TitlebarRight" value="-4000,4000,-4000"/> <!-- 0,255,0 -->
   <gammagroup id="ITitlebarLeft"  value="4000,-700,-700"/> <!-- -->
   <gammagroup id="ITitlebarRight" value="-700,4000,-7000"/> <!-- -->
</gammaset>

<gammaset id="Strong Blue/Green">
   <gammagroup id="TitlebarLeft"  value="-4000,-4000,4000"/> <!-- 0,0,255 -->
   <gammagroup id="TitlebarRight" value="-4000,4000,-4000"/> <!-- 0,255,0 -->
   <gammagroup id="ITitlebarLeft"  value="-700,-700,4000"/> <!-- -->
   <gammagroup id="ITitlebarRight" value="-700,4000,-700"/> <!-- -->
</gammaset>

 <gammaset id="Strong Blue/Red">
   <gammagroup id="TitlebarLeft"  value="-4000,-4000,4000"/> <!-- 0,0,255 -->
   <gammagroup id="TitlebarRight" value="4000,-4000,-4000"/> <!-- 255,0,0 -->
   <gammagroup id="ITitlebarLeft"  value="-700,-700,4000"/> <!-- -->
   <gammagroup id="ITitlebarRight" value="4000,-700,-700"/> <!-- -->
</gammaset>

 <gammaset id="Strong Green/Red">
   <gammagroup id="TitlebarLeft"  value="-4000,4000,-4000"/> <!-- 0,255,0 -->
   <gammagroup id="TitlebarRight" value="4000,-4000,-4000"/> <!-- 255,0,0 -->
   <gammagroup id="ITitlebarLeft"  value="-700,4000,-7000"/> <!-- -->
   <gammagroup id="ITitlebarRight" value="4000,-700,-700"/> <!-- -->
</gammaset>

<gammaset id="Strong Green/Blue">
   <gammagroup id="TitlebarLeft"  value="-4000,4000,-4000"/> <!-- 0,255,0 -->
   <gammagroup id="TitlebarRight" value="-4000,-4000,4000"/> <!-- 0,0,255 -->
   <gammagroup id="ITitlebarLeft"  value="-700,4000,-700"/> <!-- -->
   <gammagroup id="ITitlebarRight" value="-700,-700,4000"/> <!-- -->
</gammaset>

 <gammaset id="Black/White Highlight">
   <gammagroup id="Backgrounds"    value="1056,1056,1056"/> <!-- 255,255,255 -->
   <gammagroup id="Buttons"        value="1056,1056,1056"/> <!-- 255,255,255 -->
   <gammagroup id="Thinger icons"  value="1386,1386,1386"/> <!-- 255,255,255 -->
   <gammagroup id="Menus"          value="1386,1386,1386"/> <!-- 255,255,255 -->
   <gammagroup id="MenuText"       value="1386,1386,1386"/>
   <gammagroup id="Fonts"          value="0,0,0"/>
   <gammagroup id="TitlebarLeft"   value="-4064,-4064,-4064"/>  <!-- 0,0,0 -->
   <gammagroup id="TitlebarRight"  value="-4064,-4064,-4064"/>  <!-- 0,0,0 -->
   <gammagroup id="ITitlebarLeft"  value="0,0,0"/>              <!-- 127,127,127 -->
   <gammagroup id="ITitlebarRight" value="0,0,0"/>              <!-- 127,127,127 -->
   <gammagroup id="Titlebar Font"  value="0,0,0"/>
   <gammagroup id="Button Fonts"   value="0,0,0"/>
   <gammagroup id="Display Fonts"  value="0,0,0"/>
   <gammagroup id="Tree Color"     value="0,0,0"/>
   <gammagroup id="Text"           value="0,0,0"/>
   <gammagroup id="Playback Status Symbols" value="0,0,0"/>
   <gammagroup id="Display Backgrounds"     value="0,0,0"/>
   <gammagroup id="Scrollbar Backgrounds"   value="0,0,0"/>
   <gammagroup id="Scrollbar Buttons"       value="0,0,0"/>
 </gammaset>

<gammaset id="Slightly blue">
   <gammagroup id="Backgrounds"   value="-400,-400,100"/>
   <gammagroup id="Buttons"       value="400,200,0"/>
   <gammagroup id="Thinger icons" value="2016,4072,2016"/>
   <gammagroup id="Menus"         value="1000,1000,1000"/>
   <gammagroup id="Fonts"         value="-3072,3072,-3072"/>
   <gammagroup id="TitlebarLeft"  value="2048,1024,-1024"/>
   <gammagroup id="TitlebarRight" value="2048,1024,-1024"/>
   <gammagroup id="ITitlebarLeft"  value="0,0,0"/> <!-- -->
   <gammagroup id="ITitlebarRight" value="0,0,0"/> <!-- -->
   <gammagroup id="Titlebar Font" value="2000,0,0"/>
   <gammagroup id="Button Fonts"  value="2000,0,0" boost="1"/>
   <gammagroup id="Display Fonts" value="2000,-2000,-2000"/>
   <gammagroup id="Tree Color"    value="1000,2000,1000"/>
   <gammagroup id="Text"          value="2000,0,0"/>
   <gammagroup id="Playback Status Symbols" value="1000,3500,1000" boost="1"/>
   <gammagroup id="Display Backgrounds"     value="0,0,0"/>
   <gammagroup id="Scrollbar Backgrounds"   value="2000,0,0"/>
   <gammagroup id="Scrollbar Buttons"       value="400,200,0"/>
 </gammaset>

 <gammaset id="Rust">
   <gammagroup id="Backgrounds"   value="-500,-1000,-1700"/>
   <gammagroup id="Buttons"       value="-100,-400,-700"/>
   <gammagroup id="Thinger icons" value="0,-1000,-2200"/>
   <gammagroup id="Menus"         value="-200,-1000,-2000"/>
   <gammagroup id="Fonts"         value="-3072,3072,-3072"/>
   <gammagroup id="TitlebarLeft"  value="-500,-1000,-2000"/>
   <gammagroup id="TitlebarRight" value="-500,-1000,-2000"/>
   <gammagroup id="ITitlebarLeft"  value="0,0,0"/> <!-- -->
   <gammagroup id="ITitlebarRight" value="0,0,0"/> <!-- -->
   <gammagroup id="Titlebar Font" value="2000,0,0"/>
   <gammagroup id="Button Fonts"  value="2000,0,0" boost="1"/>
   <gammagroup id="Display Fonts" value="2000,-2000,-2000"/>
   <gammagroup id="Tree Color"    value="-200,-1000,-2000"/>
   <gammagroup id="Text"          value="2000,0,0"/>
   <gammagroup id="Playback Status Symbols" value="0,-2000,-3500" boost="1"/>
   <gammagroup id="Display Backgrounds"     value="-2000,-3500,-4000" boost="1"/>
   <gammagroup id="Scrollbar Backgrounds"   value="2000,0,0"/>
   <gammagroup id="Scrollbar Buttons"       value="400,200,0"/>
 </gammaset>

 <gammaset id="Blue">
   <gammagroup id="Backgrounds"   value="0,300,1700"/>
   <gammagroup id="Buttons"       value="0,0,0"/>
   <gammagroup id="Thinger icons" value="2000,2000,0"/>
   <gammagroup id="Menus"         value="0,300,1700"/>
   <gammagroup id="Fonts"         value="-3072,3072,-3072"/>
   <gammagroup id="TitlebarLeft"  value="2048,1024,-1024"/>
   <gammagroup id="TitlebarRight" value="2048,1024,-1024"/>
 </gammaset>

 <gammaset id="Red">
   <gammagroup id="Backgrounds"   value="1700,300,0"/>
   <gammagroup id="Buttons"       value="0,0,0"/>
   <gammagroup id="Thinger icons" value="1700,300,0"/>
   <gammagroup id="Menus"         value="1700,300,0"/>
   <gammagroup id="Fonts"         value="-3072,3072,-3072"/>
   <gammagroup id="TitlebarLeft"  value="2048,1024,-1024"/>
   <gammagroup id="TitlebarRight" value="2048,1024,-1024"/>
   <gammagroup id="ITitlebarLeft"  value="0,0,0"/> <!-- -->
   <gammagroup id="ITitlebarRight" value="0,0,0"/> <!-- -->
 </gammaset>

 <gammaset id="Green">
   <gammagroup id="Backgrounds"   value="300,1700,0"/>
   <gammagroup id="Buttons"       value="0,0,0"/>
   <gammagroup id="Thinger icons" value="300,1700,0"/>
   <gammagroup id="Menus"         value="300,1700,0"/>
   <gammagroup id="Fonts"         value="-3072,3072,-3072"/>
   <gammagroup id="TitlebarLeft"  value="2048,1024,-1024"/>
   <gammagroup id="TitlebarRight" value="2048,1024,-1024"/>
   <gammagroup id="ITitlebarLeft"  value="0,0,0"/> <!-- -->
   <gammagroup id="ITitlebarRight" value="0,0,0"/> <!-- -->
 </gammaset>

 <gammaset id="Winamp 2.x style">
   <gammagroup id="Backgrounds"   value="-2606,-2407,-1762"/>
   <gammagroup id="Buttons"       value="400,400,400"/>
   <gammagroup id="Thinger icons" value="-4095,620,-4095"/>
   <gammagroup id="Menus"         value="0,0,0"/>
   <gammagroup id="Fonts"         value="-3072,3072,-3072"/>
   <gammagroup id="TitlebarLeft"  value="2048,2048,-1024"/>
   <gammagroup id="TitlebarRight" value="2048,2048,-1024"/>
   <gammagroup id="ITitlebarLeft"  value="0,0,0"/> <!-- -->
   <gammagroup id="ITitlebarRight" value="0,0,0"/> <!-- -->
 </gammaset>

 <gammaset id="Winamp 2.x red style">
   <gammagroup id="Backgrounds"   value="-2606,-2407,-1762"/>
   <gammagroup id="Buttons"       value="900,400,0"/>
   <gammagroup id="Thinger icons" value="-4095,620,-4095"/>
   <gammagroup id="Menus"         value="0,0,0"/>
   <gammagroup id="Fonts"         value="-3072,3072,-3072"/>
   <gammagroup id="TitlebarLeft"  value="2048,1024,-1024"/>
   <gammagroup id="TitlebarRight" value="2048,1024,-1024"/>
   <gammagroup id="ITitlebarLeft"  value="0,0,0"/> <!-- -->
   <gammagroup id="ITitlebarRight" value="0,0,0"/> <!-- -->
 </gammaset>

 <gammaset id="Winamp 3 Default">
   <gammagroup id="Backgrounds" value="-1386,-1386,-1012"/>
   <gammagroup id="Buttons" value="200,000,-200"/>
   <gammagroup id="Thinger icons" value="2016,4072,2016"/>
   <gammagroup id="Menus" value="1000,1000,1000"/>
   <gammagroup id="Fonts" value="-3072,3072,-3072"/>
   <gammagroup id="TitlebarLeft"   value="4048,3024,-2024"/>
   <gammagroup id="TitlebarRight"  value="4048,3024,-2024"/>
   <gammagroup id="ITitlebarLeft"  value="2048,1024,-2024"/>
   <gammagroup id="ITitlebarRight" value="2048,1024,-2024"/>
 </gammaset>
