<!-- WinPlain - colors.xml -->

<!-- (re)definiton of Winamp3  system colors -->
 
<elements>

  <!-- Generic Trees -->
  <color id="studio.tree.text"        value="0,0,0"/> <!-- Item text color -->
  <color id="studio.tree.selected"    value="192,192,192"/> <!-- Select item text background color -->
  <color id="studio.tree.hilited"     value="192,192,192"/> <!-- Hilited item text background color -->
  <color id="studio.tree.hiliteddrop" value="192,192,192"/> <!-- Drop marker color -->
    
  <!-- Generic Lists -->
  <color id="studio.list.text"              value="0,0,0"/> <!-- List item text color -->
  <color id="studio.list.item.selected"     value="128,128,128"/> <!-- Selected item text background color -->
  <color id="studio.list.item.focused"      value="128,128,128"/> <!-- Focused item text background color -->
  <color id="studio.list.column.background" value="208,208,208"/> <!-- Columns background color -->
  <color id="studio.list.column.text"       value="0,0,0"/> <!-- Columns text color -->
  <color id="studio.list.item.selected.fg"  value="255,255,255" /><!-- Selected item text foreground color -->

  <!-- Item Lists -->
  <color id="common.itemlist.outline.current" value="0,0,0"/> <!-- Currently playing outline color -->
  <color id="common.itemlist.outline.focus"   value="0,0,0"/> <!-- Focused item dashed outline color -->
  <color id="common.itemlist.selborder"       value="0,0,0"/> <!-- Focused item dashed outline color -->

  <!-- playlist editor -->
  <color id="pledit.text"           value="0,0,0"/>  <!-- text color in editor -->
  <color id="pledit.text.readonly"  value="0,0,0" />
  <color id="pledit.text.current"   value="0,0,0"/> <!-- current playback file foreground -->
  <color id="pledit.currentoutline" value="0,0,0"/> <!-- current playback file outline color -->
  <color id="pledit.text.disabled"  value="128,128,128" /> <!-- disabled entries -->
  <color id="pledit.dir.plitem"     value="0,0,0" /> <!-- playlist directory item foreground color -->
  <color id="pledit.dir.plitem.current" value="0,0,0" /> <!-- playlist directory item current rectangle marker -->
  <color id="pledit.dir.working"    value="128,128,128" /> <!-- playlist directory working playlist item foreground color -->
  <color id="pledit.dir.workingbg"  value="255,255,255" /> <!-- playlist directory working playlist item background color -->

  <!-- Message box -->
  <color id="studio.msgBox.background" value="128,128,128"/> <!-- Messagebox background color -->
  <color id="studio.textBar.text" value="0,0,0"/> <!-- Text object & message box text color -->
  <color id="studio.textBar.background" value="192,192,192"/> <!-- Text object & message box text background color -->

  <!-- Buttons -->
  <color id="studio.button.text" value="0,0,0"/> <!-- Buttons text color -->
  <color id="studio.button.hiliteText" value="0,0,0"/> <!-- Buttons hilite text color, used by tab windows-->
  <color id="studio.button.dimmedText" value="128,128,128"/> <!-- Buttons dimmed text color, when disabled -->

  <!-- Popup menus -->
  <color id="studio.popup.text"       value="0,0,0"/> <!-- Menu items text color -->
  <color id="studio.popup.hiliteText" value="255,255,255"/> <!-- Hilited item text color -->
  <color id="studio.popup.dimmedText" value="128,128,128"/> <!-- Disabled item text color -->

  <!-- Components -->
  <color id="studio.status.text" value="0,0,0" /> <!-- Component status text color when using TTF -->
  <color id="studio.component.title.foreground" value="0,0,0"/> <!-- Component title bar text color when using TTF -->
  <color id="studio.component.title.border" value="1,1,1"/> <!-- Component title bar text outline when using TTF -->

  <!-- labeled windows -->
  <color id="common.labelwnd.foreground" value="0,0,0"/> <!-- Text foreground color -->
  <color id="common.labelwnd.background" value="128,128,128"/> <!-- Text drop shadow color -->

  <!-- edit wnds -->
  <color id="wasabi.edit.selection" value="128,128,128" /> <!-- Selected text -->
  <color id="wasabi.edit.text" value="255,255,255" /> <!--Text -->
  <color id="wasabi.edit.background" value="64,64,64" /> <!--Text background -->
  
</elements>