<!-- WinPlain - ctlist.xml file -->

<!-- Color Theme List -->

<elements>

    <bitmap id="player.button.switch"   file="images.lores/switch-button.png" gammagroup="Buttons" x="0" y="0"  w="35" h="15"/>
    <bitmap id="p.player.button.switch" file="images.lores/switch-button.png" gammagroup="Buttons" x="0" y="15" w="35" h="15"/>

</elements>

<container id="ctlist" name="Colour Themes" default_x="0" default_y="0" default_visible="0">

  <groupdef id="main.ctlist">
    <group id="blackbox.empty" x="0" y="0" w="0" h="-16" relatw="1" relath="1"/>
    <ColorThemes:List id="main.colorthemes.list" x="4" y="4" w="-8" h="-24" relatw="1" relath="1" sysregion="1"/>
    <Button id="Switch"
    x="0" y="-14" relaty="1"
    action="colorthemes_switch"
    image="player.button.switch"
    downimage="p.player.button.switch"
    action_target="main.colorthemes.list"
    tooltip="Switch to selected ColorTheme"
    />
  </groupdef>

  <layout id="normal" background="window.background" default_h="150" default_w="275" minimum_h="110" minimum_w="140">

    <group id="wasabi.frame.layout" x="0" y="0" w="0" h="0" relatw="1" relath="1"/>
    <!-- CTList -->
    <group id="main.ctlist" x="6" y="28" w="-12" h="-32" relatw="1" relath="1" sysregion="1"/>
    <layer id="Resizer" resize="bottomright" x="-18" relatx="1" y="-18" relaty="1" image="player.button.resize"/>
    
  </layout>

</container>