<!-- WinPlain - elements.xml file -->

<!-- Generic wasabi/studio elements (re)definition -->

<elements>

  <!-- Fonts -->
  <bitmapfont id="player.digits"              file="images/timefont.png"   charwidth="18" charheight="26" hspacing="3" vspacing="1" gammagroup="Font"/>
  <!-- 
  <bitmapfont id="studio.component.title"     file="images/bigfont.png"    charwidth="10" charheight="12" hspacing="0" vspacing="0" gammagroup="Titlebar Font"/>
  -->
  <truetypefont id="studio.component.title"   file="micross.ttf" gammagroup="Titlebar Font"/>
  <bitmapfont id="wasabi.font.default"        file="images/bigfont.png"    charwidth="10" charheight="12" hspacing="0" vspacing="0" gammagroup="Display Fonts"/>
  <bitmapfont id="studio.component.statusbar" file="images/mediumfont.png" charwidth="7"  charheight="8"  hspacing="0" vspacing="0" gammagroup="Display Fonts"/>

  <!-- Backgrounds -->
  <bitmap id="titlebar.bg.left"        file="images/xtitlebar_left.png"  gammagroup="TitlebarLeft"/>
  <bitmap id="titlebar.bg.right"       file="images/xtitlebar_right.png" gammagroup="TitlebarRight"/>
  <bitmap id="ititlebar.bg.left"       file="images/xtitlebar_left.png"  gammagroup="ITitlebarLeft"/>
  <bitmap id="ititlebar.bg.right"      file="images/xtitlebar_right.png" gammagroup="ITitlebarRight"/>
  <bitmap id="window.background"       file="images/gray-bg.png"  gammagroup="Backgrounds"/>
  <bitmap id="blackbox.background"     file="images/blackbox.png" gammagroup="Backgrounds" x="4" y="4" h="16" w="16"/>
  <!-- set to wasabi.frame.basetexture in windows.xml 
  <bitmap id="component.BaseTexture"   file="images/white-bg.png" gammagroup="Backgrounds"/>
  <bitmap id="studio.BaseTexture"      file="images/white-bg.png" gammagroup="Backgrounds"/>
  -->
  <bitmap id="white.bg" file="images/white-bg.png" gammagroup="Backgrounds"/>

  <!-- List and Tree Backgrounds for black on white scheme 
  <bitmap id="studio.list.background" file="images/white-bg.png" gammagroup="Backgrounds"/>
  <bitmap id="studio.tree.background" file="images/white-bg.png" gammagroup="Backgrounds"/>
  -->

  <!-- Studio Scroll Bars Vertical -->
  <bitmap id="studio.scrollbar.vertical.background" file="images/gray-bg.png" x="0" y="0" h="13" w="13" />
  
  <bitmap id="studio.scrollbar.vertical.left"         file="images/v-scrollbar.png" x="0"  y="0" h="13" w="13" gammagroup="Buttons"/>
  <bitmap id="studio.scrollbar.vertical.left.hilite"  file="images/v-scrollbar.png" x="13" y="0" h="13" w="13" gammagroup="Buttons"/>
  <bitmap id="studio.scrollbar.vertical.left.pressed" file="images/v-scrollbar.png" x="26" y="0" h="13" w="13" gammagroup="Buttons"/>
  
  <bitmap id="studio.scrollbar.vertical.right"         file="images/v-scrollbar.png" x="0"  y="64" h="13" w="13" gammagroup="Buttons"/>
  <bitmap id="studio.scrollbar.vertical.right.hilite"  file="images/v-scrollbar.png" x="13" y="64" h="13" w="13" gammagroup="Buttons"/>
  <bitmap id="studio.scrollbar.vertical.right.pressed" file="images/v-scrollbar.png" x="26" y="64" h="13" w="13" gammagroup="Buttons"/>
  
  <bitmap id="studio.scrollbar.vertical.button"         file="images/v-scrollbar.png" x="0"  y="13" h="51" w="13" gammagroup="Buttons"/>
  <bitmap id="studio.scrollbar.vertical.button.hilite"  file="images/v-scrollbar.png" x="13" y="13" h="51" w="13" gammagroup="Buttons"/>
  <bitmap id="studio.scrollbar.vertical.button.pressed" file="images/v-scrollbar.png" x="26" y="13" h="51" w="13" gammagroup="Buttons"/>

  <!-- Studio Scroll Bars Horizontal -->
  <bitmap id="studio.scrollbar.horizontal.background" file="images/gray-bg.png" x="0" y="0" h="13" w="13" />

  <bitmap id="studio.scrollbar.horizontal.left"         file="images/h-scrollbar.png" x="0" y="0"  h="13" w="13" gammagroup="Buttons"/>
  <bitmap id="studio.scrollbar.horizontal.left.hilite"  file="images/h-scrollbar.png" x="0" y="13" h="13" w="13" gammagroup="Buttons"/>
  <bitmap id="studio.scrollbar.horizontal.left.pressed" file="images/h-scrollbar.png" x="0" y="26" h="13" w="13" gammagroup="Buttons"/>

  <bitmap id="studio.scrollbar.horizontal.right"         file="images/h-scrollbar.png" x="64" y="0"  h="13" w="13" gammagroup="Buttons"/>
  <bitmap id="studio.scrollbar.horizontal.right.hilite"  file="images/h-scrollbar.png" x="64" y="13" h="13" w="13" gammagroup="Buttons"/>
  <bitmap id="studio.scrollbar.horizontal.right.pressed" file="images/h-scrollbar.png" x="64" y="26" h="13" w="13" gammagroup="Buttons"/>

  <bitmap id="studio.scrollbar.horizontal.button"         file="images/h-scrollbar.png" x="13" y="0"  h="13" w="51" gammagroup="Buttons"/>
  <bitmap id="studio.scrollbar.horizontal.button.hilite"  file="images/h-scrollbar.png" x="13" y="13" h="13" w="51" gammagroup="Buttons"/>
  <bitmap id="studio.scrollbar.horizontal.button.pressed" file="images/h-scrollbar.png" x="13" y="26" h="13" w="51" gammagroup="Buttons"/>

  <!--Generic Window Elements-->

  <!-- Window Control Buttons -->
  <bitmap id="wasabi.button.exit"               file="images/close.png" gammagroup="Buttons" x="0"  y="0" w="18" h="16" />
  <bitmap id="wasabi.button.exit.pressed"       file="images/close.png" gammagroup="Buttons" x="18" y="0" w="18" h="16" />
  <bitmap id="wasabi.button.close"              file="images/close.png" gammagroup="Buttons" x="0"  y="0" w="18" h="16" />
  <bitmap id="wasabi.button.close.pressed"      file="images/close.png" gammagroup="Buttons" x="18" y="0" w="18" h="16" />
  <bitmap id="wasabi.button.sysmenu"            file="images/control.png" gammagroup="Buttons" x="0" y="0" w="18" h="16"/>
  <bitmap id="wasabi.button.sysmenu.pressed"    file="images/control.png" gammagroup="Buttons" x="18" y="0" w="18" h="16"/>
  <bitmap id="wasabi.button.appmenu"            file="images/winamp-icon-mini.png" gammagroup="Buttons" x="0" y="0" w="18" h="16"/>
  <bitmap id="wasabi.button.appmenu.pressed"    file="images/winamp-icon-mini.png" gammagroup="Buttons" x="0" y="0" w="18" h="16"/>
  <bitmap id="wasabi.button.minimize"           file="images/minimize.png" gammagroup="Buttons" x="0" y="0" w="18" h="16"/>
  <bitmap id="wasabi.button.minimize.pressed"   file="images/minimize.png" gammagroup="Buttons" x="18" y="0" w="18" h="16"/>
  <bitmap id="wasabi.button.shade"              file="images/shade.png" gammagroup="Buttons" x="0" y="0" w="18" h="16"/>
  <bitmap id="wasabi.button.shade.pressed"      file="images/shade.png" gammagroup="Buttons" x="18" y="0" w="18" h="16"/>
  <bitmap id="wasabi.button.unshade"            file="images/unshade.png" gammagroup="Buttons" x="0" y="0" w="18" h="16"/>
  <bitmap id="wasabi.button.unshade.pressed"    file="images/unshade.png" gammagroup="Buttons" x="18" y="0" w="18" h="16"/>
  <bitmap id="wasabi.button.exit"               file="images/close.png" gammagroup="Buttons" x="0" y="0" w="18" h="16"/>
  <bitmap id="wasabi.button.exit.pressed"       file="images/close.png" gammagroup="Buttons" x="18" y="0" w="18" h="16"/>
  <bitmap id="wasabi.button.close.flat"         file="images/flat-close.png" gammagroup="Buttons" x="0"  y="0" w="11" h="11" />
  <bitmap id="wasabi.button.close.flat.pressed" file="images/flat-close.png" gammagroup="Buttons" x="11" y="0" w="11" h="11" />
  <bitmap id="button.unshade.flat"              file="images/flat-unshade.png" gammagroup="Buttons" x="0"  y="0" w="15" h="14" />
  <bitmap id="button.unshade.flat.inactive"     file="images/flat-unshade.png" gammagroup="Buttons" x="15" y="0" w="15" h="14" />
  
  <!-- Resizer Icon -->
  <bitmap id="player.button.resize" file="images/resize.png" gammagroup="Backgrounds"/>

  <!-- not used since titlebar redefinition in windows.xml substitutes a single titlebar
  <bitmap id="wasabi.titlebar.right.active"    file="images/titlebarbg.png"/>
  <bitmap id="wasabi.titlebar.center.active"   file="images/titlebarbg.png"/>
  <bitmap id="wasabi.titlebar.left.active"     file="images/titlebarbg.png"/>
  <bitmap id="wasabi.titlebar.right.inactive"  file="images/inactive-titlebarbg.png"/>
  <bitmap id="wasabi.titlebar.center.inactive" file="images/inactive-titlebarbg.png"/>
  <bitmap id="wasabi.titlebar.left.inactive"   file="images/inactive-titlebarbg.png"/>
  -->

  <!-- labelwnd titles -->
  <bitmap id="studio.label.middle"     file="images/gray-bg.png" />
  <bitmap id="studio.label.upperleft"  file="images/button.png" x="0"  y="0"  w="2"  h="2" />
  <bitmap id="studio.label.upperright" file="images/button.png" x="10" y="0"  w="2"  h="2" />
  <bitmap id="studio.label.lowerleft"  file="images/button.png" x="0"  y="10" w="2"  h="2" /> 
  <bitmap id="studio.label.lowerright" file="images/button.png" x="10" y="10" w="2"  h="2" />
  <bitmap id="studio.label.top"        file="images/button.png" x="2"  y="0"  w="8"  h="2" />
  <bitmap id="studio.label.bottom"     file="images/button.png" x="2"  y="10" w="8"  h="2" />
  <bitmap id="studio.label.left"       file="images/button.png" x="0"  y="2"  w="2"  h="8" />
  <bitmap id="studio.label.right"      file="images/button.png" x="10" y="2"  w="2"  h="8" />

  <bitmap id="wasabi.label.middle"       file="images/gray-bg.png" />
  <bitmap id="wasabi.label.top.left"     file="images/button.png" x="0"  y="0"  w="2"  h="2" />
  <bitmap id="wasabi.label.top.right"    file="images/button.png" x="10" y="0"  w="2"  h="2" />
  <bitmap id="wasabi.label.bottom.left"  file="images/button.png" x="0"  y="10" w="2"  h="2" /> 
  <bitmap id="wasabi.label.bottom.right" file="images/button.png" x="10" y="10" w="2"  h="2" />
  <bitmap id="wasabi.label.top"          file="images/button.png" x="2"  y="0"  w="8"  h="2" />
  <bitmap id="wasabi.label.bottom"       file="images/button.png" x="2"  y="10" w="8"  h="2" />
  <bitmap id="wasabi.label.left"         file="images/button.png" x="0"  y="2"  w="2"  h="8" />
  <bitmap id="wasabi.label.right"        file="images/button.png" x="10" y="2"  w="2"  h="8" />

  <!-- Generic Buttons -->
  <bitmap id="studio.button.middle"     file="images/gray-bg.png" gammagroup="Buttons"/>
  <bitmap id="studio.button.upperleft"  file="images/button.png" x="0"  y="0"  w="2"  h="2" gammagroup="Buttons"/>
  <bitmap id="studio.button.upperright" file="images/button.png" x="10" y="0"  w="2"  h="2" gammagroup="Buttons"/>
  <bitmap id="studio.button.lowerleft"  file="images/button.png" x="0"  y="10" w="2"  h="2" gammagroup="Buttons"/> 
  <bitmap id="studio.button.lowerright" file="images/button.png" x="10" y="10" w="2"  h="2" gammagroup="Buttons"/>
  <bitmap id="studio.button.top"        file="images/button.png" x="2"  y="0"  w="8"  h="2" gammagroup="Buttons"/>
  <bitmap id="studio.button.bottom"     file="images/button.png" x="2"  y="10" w="8"  h="2" gammagroup="Buttons"/>
  <bitmap id="studio.button.left"       file="images/button.png" x="0"  y="2"  w="2"  h="8" gammagroup="Buttons"/>
  <bitmap id="studio.button.right"      file="images/button.png" x="10" y="2"  w="2"  h="8" gammagroup="Buttons"/>

  <bitmap id="studio.button.pressed.middle"     file="images/gray-bg.png" />
  <bitmap id="studio.button.pressed.upperleft"  file="images/button.png" x="0"  y="12"  w="2"  h="2" gammagroup="Buttons"/>
  <bitmap id="studio.button.pressed.upperright" file="images/button.png" x="10" y="12"  w="2"  h="2" gammagroup="Buttons"/>
  <bitmap id="studio.button.pressed.lowerleft"  file="images/button.png" x="0"  y="22"  w="2"  h="2" gammagroup="Buttons"/> 
  <bitmap id="studio.button.pressed.lowerright" file="images/button.png" x="10" y="22"  w="2"  h="2" gammagroup="Buttons"/>
  <bitmap id="studio.button.pressed.top"        file="images/button.png" x="2"  y="12"  w="8"  h="2" gammagroup="Buttons"/>
  <bitmap id="studio.button.pressed.bottom"     file="images/button.png" x="2"  y="22"  w="8"  h="2" gammagroup="Buttons"/>
  <bitmap id="studio.button.pressed.left"       file="images/button.png" x="0"  y="14"  w="2"  h="8" gammagroup="Buttons"/>
  <bitmap id="studio.button.pressed.right"      file="images/button.png" x="10" y="14"  w="2"  h="8" gammagroup="Buttons"/>

  <!-- Checkbox -->
  <bitmap id="wasabi.button.checkbox"         file="images/checkbox.png" x="0" y="13" w="13" h="13" gammagroup="Backgrounds"/>
  <bitmap id="wasabi.button.checkbox.pressed" file="images/checkbox.png" x="0" y="0"  w="13" h="13" gammagroup="Backgrounds"/>
  <bitmap id="wasabi.button.checkbox.inside"  file="images/checkbox-inside.png"/>

  <!-- Radio button -->
  <bitmap id="wasabi.button.radio.background" file="images/radio-bg.png" gammagroup="Backgrounds"/>
  <bitmap id="wasabi.button.radio.inside"     file="images/radio-inside.png"/>
  <!--
  <bitmap id="wasabi.button.radio.background.display" file=""/>
  -->
  <bitmap id="wasabi.button.radio"         file="images/radio-selection.png" x="0" y="6" h="6" w="6"/>
  <bitmap id="wasabi.button.radio.pressed" file="images/radio-selection.png" x="0" y="0" h="6" w="6"/>

  <!-- Generic arrow buttons -->
  <bitmap id="wasabi.button.label.arrow.up"    file="images/arrows.png" x="0" y="0" h="4" w="7"/>
  <bitmap id="wasabi.button.label.arrow.down"  file="images/arrows.png" x="0" y="3" h="4" w="7"/>
  <bitmap id="wasabi.button.label.arrow.left"  file="images/arrows.png" x="0" y="0" h="7" w="4"/>
  <bitmap id="wasabi.button.label.arrow.right" file="images/arrows.png" x="3" y="0" h="7" w="4"/>

  <!-- Generic Sliders -->
  <bitmap id="wasabi.slider.horizontal.left"   file="images/hslider.png" x="0"  y="0" h="8" w="8"  gammagroup="Sliders Backgrounds"/>
  <bitmap id="wasabi.slider.horizontal.middle" file="images/hslider.png" x="8"  y="0" h="8" w="10" gammagroup="Sliders Backgrounds"/>
  <bitmap id="wasabi.slider.horizontal.right"  file="images/hslider.png" x="18" y="0" h="8" w="8"  gammagroup="Sliders Backgrounds"/>
  <bitmap id="wasabi.slider.horizontal.button"         file="images/slider-button.png" x="0"  y="0" h="13" w="15" gammagroup="Buttons"/>
  <bitmap id="wasabi.slider.horizontal.button.pressed" file="images/slider-button.png" x="15" y="0" h="13" w="15" gammagroup="Buttons"/>

  <bitmap id="wasabi.slider.vertical.top"    file="images/vslider.png"     x="0" y="0"  h="8"  w="8" gammagroup="Sliders Backgrounds"/>
  <bitmap id="wasabi.slider.vertical.middle" file="images/vslider.png"     x="0" y="8"  h="10" w="8" gammagroup="Sliders Backgrounds"/>
  <bitmap id="wasabi.slider.vertical.bottom" file="images/vslider.png" x="0" y="18" h="8"  w="8" gammagroup="Sliders Backgrounds"/>
  <bitmap id="wasabi.slider.vertical.button"         file="images/slider-button.png" x="0"  y="0" h="13" w="15" gammagroup="Buttons"/>
  <bitmap id="wasabi.slider.vertical.button.pressed" file="images/slider-button.png" x="15" y="0" h="13" w="15" gammagroup="Buttons"/>

  <!-- Tabsheet buttons -->
  <bitmap id="wasabi.tabsheet.button.topleft"        file="images/tabsheet.png" x="0"  y="0"  w="10" h="10" gammagroup="Backgrounds"/>
  <bitmap id="wasabi.tabsheet.button.top"            file="images/tabsheet.png" x="10" y="0"  w="46" h="10" gammagroup="Backgrounds" />
  <bitmap id="wasabi.tabsheet.button.topright"       file="images/tabsheet.png" x="56" y="0"  w="10" h="10" gammagroup="Backgrounds"/>
  <bitmap id="wasabi.tabsheet.button.left"           file="images/tabsheet.png" x="0"  y="10" w="10" h="15" gammagroup="Backgrounds"/>
  <bitmap id="wasabi.tabsheet.button.right"          file="images/tabsheet.png" x="56" y="10" w="10" h="15" gammagroup="Backgrounds"/>
  <bitmap id="wasabi.tabsheet.button.bottom"         file="images/tabsheet.png" x="0"  y="26" w="66" h="2"  gammagroup="Backgrounds"/>
  <bitmap id="wasabi.tabsheet.button.shade.topleft"  file="images/tabsheet.png" x="0"  y="29" w="10" h="10" gammagroup="Backgrounds"/>
  <bitmap id="wasabi.tabsheet.button.shade.top"      file="images/tabsheet.png" x="10" y="29" w="46" h="10" gammagroup="Backgrounds"/>
  <bitmap id="wasabi.tabsheet.button.shade.topright" file="images/tabsheet.png" x="56" y="29" w="10" h="10" gammagroup="Backgrounds"/>
  <bitmap id="wasabi.tabsheet.button.shade.left"     file="images/tabsheet.png" x="0"  y="39" w="10" h="11" gammagroup="Backgrounds"/>
  <bitmap id="wasabi.tabsheet.button.shade.middle"   file="images/tabsheet.png" x="10" y="39" w="46" h="11" gammagroup="Backgrounds"/>
  <bitmap id="wasabi.tabsheet.button.shade.right"    file="images/tabsheet.png" x="56" y="39" w="10" h="11" gammagroup="Backgrounds"/>

  <!-- Dropdown list frame -->
  <bitmap id="wasabi.dropdownlist.list.left"         file="images/flatbox.png" x="0"  y="2"  w="2" h="8"/>
  <bitmap id="wasabi.dropdownlist.list.right"        file="images/flatbox.png" x="10" y="2"  w="2" h="8"/>
  <bitmap id="wasabi.dropdownlist.list.top"          file="images/flatbox.png" x="2"  y="0"  w="8" h="2"/>
  <bitmap id="wasabi.dropdownlist.list.bottom"       file="images/flatbox.png" x="2"  y="10" w="8" h="2"/>
  <bitmap id="wasabi.dropdownlist.list.top.left"     file="images/flatbox.png" x="0"  y="0"  w="2" h="2"/>
  <bitmap id="wasabi.dropdownlist.list.top.right"    file="images/flatbox.png" x="10" y="0"  w="2" h="2"/>
  <bitmap id="wasabi.dropdownlist.list.bottom.left"  file="images/flatbox.png" x="0"  y="10" w="2" h="2"/>
  <bitmap id="wasabi.dropdownlist.list.bottom.right" file="images/flatbox.png" x="10" y="10" w="2" h="2"/>
  <bitmap id="wasabi.dropdownlist.list.center"       file="images/flatbox.png" x="2"  y="2"  w="8" h="8" gammagroup="Display Backgrounds"/>

  <!-- Popup Menu Borders for white-on-black color scheme 
  <bitmap id="studio.popup.background"       file="images/black-bg.png" gammagroup="Menus"/>
  <bitmap id="studio.button.checkmark"       file="images/menu-checked.png"/>
  <bitmap id="studio.popup.selection.left"   file="images/red-bg.png" x="0" y="0" w="5"  h="10" gammagroup="Menus"/>
  <bitmap id="studio.popup.selection.center" file="images/red-bg.png" x="0" y="0" w="20" h="10" gammagroup="Menus"/>
  <bitmap id="studio.popup.selection.right"  file="images/red-bg.png" x="0" y="0" w="5"  h="10" gammagroup="Menus"/>
  <bitmap id="studio.popup.submenuIcon"      file="images/menu-sub.png"/>
  <bitmap id="studio.popup.seperator"        file="images/menu-separator.png" gammagroup="Menus"/>
  <bitmap id="wasabi.popup.menu.background"       file="images/black-bg.png" gammagroup="Menus"/>
  <bitmap id="wasabi.popup.menu.check"            file="images/menu-checked.png"/>
  <bitmap id="wasabi.popup.menu.selection.left"   file="images/red-bg.png" x="0" y="0" w="5"  h="10" gammagroup="Menus"/>
  <bitmap id="wasabi.popup.menu.selection.center" file="images/red-bg.png" x="0" y="0" w="20" h="10" gammagroup="Menus"/>
  <bitmap id="wasabi.popup.menu.selection.right"  file="images/red-bg.png" x="0" y="0" w="5"  h="10" gammagroup="Menus"/>
  <bitmap id="wasabi.popup.menu.seperator"        file="images/menu-separator.png" gammagroup="Menus"/>
  <bitmap id="wasabi.popup.menu.submenu"          file="images/menu-sub.png"/>
  -->

  <!-- Borders -->
  <bitmap id="studio.border.upperleft"  file="images/windowframes.png" x="0"  y="0"  w="4" h="4" />
  <bitmap id="studio.border.upperright" file="images/windowframes.png" x="32" y="0"  w="4" h="4" />
  <bitmap id="studio.border.lowerleft"  file="images/windowframes.png" x="0"  y="33" w="4" h="4" /> 
  <bitmap id="studio.border.lowerright" file="images/windowframes.png" x="32" y="33" w="4" h="4" />

  <bitmap id="studio.border.top"    file="images/windowframes.png" x="4"  y="0"  w="16" h="4"  />
  <bitmap id="studio.border.bottom" file="images/windowframes.png" x="4"  y="33" w="16" h="4"  />
  <bitmap id="studio.border.left"   file="images/windowframes.png" x="0"  y="4"  w="4"  h="16" />
  <bitmap id="studio.border.right"  file="images/windowframes.png" x="32" y="4"  w="4"  h="16" />

  <!-- Resizable Blackbox Borders -->
  <bitmap id="blackbox.border.top.left"     file="images/blackbox.png" x="0"  y="0" w="4"  h="4" gammagroup="Backgrounds"/>
  <bitmap id="blackbox.border.top.right"    file="images/blackbox.png" x="20" y="0" w="4"  h="4" gammagroup="Backgrounds"/>
  <bitmap id="blackbox.border.bottom.left"  file="images/blackbox.png" x="0"  y="20" w="4" h="4" gammagroup="Backgrounds"/> 
  <bitmap id="blackbox.border.bottom.right" file="images/blackbox.png" x="20" y="20" w="4" h="4" gammagroup="Backgrounds"/>

  <bitmap id="blackbox.border.top"    file="images/blackbox.png" x="4"  y="0"  w="16" h="4"  gammagroup="Backgrounds"/>
  <bitmap id="blackbox.border.bottom" file="images/blackbox.png" x="4"  y="20" w="16" h="4"  gammagroup="Backgrounds"/>
  <bitmap id="blackbox.border.left"   file="images/blackbox.png" x="0"  y="4"  w="4"  h="16" gammagroup="Backgrounds"/>
  <bitmap id="blackbox.border.right"  file="images/blackbox.png" x="20" y="4"  w="4"  h="16" gammagroup="Backgrounds"/>

  <!-- Resizable Blackbox Thin Borders -->
  <bitmap id="thin.blackbox.border.top.left"     file="images/thin-blackbox.png" x="0"  y="0" w="2"  h="2" gammagroup="Backgrounds"/>
  <bitmap id="thin.blackbox.border.top.right"    file="images/thin-blackbox.png" x="10" y="0" w="2"  h="2" gammagroup="Backgrounds"/>
  <bitmap id="thin.blackbox.border.bottom.left"  file="images/thin-blackbox.png" x="0"  y="10" w="2" h="2" gammagroup="Backgrounds"/> 
  <bitmap id="thin.blackbox.border.bottom.right" file="images/thin-blackbox.png" x="10" y="10" w="2" h="2" gammagroup="Backgrounds"/>

  <bitmap id="thin.blackbox.border.top"    file="images/thin-blackbox.png" x="2"  y="0"  w="8" h="2" gammagroup="Backgrounds"/>
  <bitmap id="thin.blackbox.border.bottom" file="images/thin-blackbox.png" x="2"  y="10" w="8" h="2" gammagroup="Backgrounds"/>
  <bitmap id="thin.blackbox.border.left"   file="images/thin-blackbox.png" x="0"  y="2"  w="2" h="8" gammagroup="Backgrounds"/>
  <bitmap id="thin.blackbox.border.right"  file="images/thin-blackbox.png" x="10" y="2"  w="2" h="8" gammagroup="Backgrounds"/>
  
  <!-- Generic Alpha Slider -->  
  <bitmap id="alpha.slider.horizontal.left"   file="images/alpha-hslider.png" x="0"  y="0" w="2"  h="4"/>
  <bitmap id="alpha.slider.horizontal.middle" file="images/alpha-hslider.png" x="2"  y="0" w="20" h="4"/>
  <bitmap id="alpha.slider.horizontal.right"  file="images/alpha-hslider.png" x="24" y="0" w="2"  h="4"/>    

</elements>

<!-- Generic empty Blackbox frame -->
<groupdef id="blackbox.empty">
  <layer id="bordertopleft"     x="0"  y="0"  image="blackbox.border.top.left"/> 
  <layer id="bordertopright"    x="-4" y="0"  relatx="1" image="blackbox.border.top.right"/>
  <layer id="borderbottomleft"  x="0"  y="-4" relaty="1" image="blackbox.border.bottom.left" /> 
  <layer id="borderbottomright" x="-4" y="-4" relatx="1" relaty="1" image="blackbox.border.bottom.right"/>
  <layer id="bordertop"    x="4"  y="0"  w="-8" relatw="1" image="blackbox.border.top"/>
  <layer id="borderbottom" x="4"  y="-4" w="-8" relaty="1" relatw="1" image="blackbox.border.bottom"/>
  <layer id="borderleft"   x="0"  y="4"  h="-8" relath="1" image="blackbox.border.left" />
  <layer id="borderright"  x="-4" y="4"  h="-8" relatx="1" relath="1" image="blackbox.border.right" />
</groupdef>

<!-- Generic filled Blackbox frame -->
<groupdef id="blackbox.filled" background="blackbox.background">
  <group id="blackbox.empty" x="0" y="0" w="0" h="0" relatw="1" relath="1"/>
</groupdef>

<!-- Generic empty Blackbox thin frame -->
<groupdef id="thin.blackbox.empty">
  <layer id="bordertopleft"     x="0"  y="0"  image="thin.blackbox.border.top.left"/> 
  <layer id="bordertopright"    x="-2" y="0"  relatx="1" image="thin.blackbox.border.top.right"/>
  <layer id="borderbottomleft"  x="0"  y="-2" relaty="1" image="thin.blackbox.border.bottom.left" /> 
  <layer id="borderbottomright" x="-2" y="-2" relatx="1" relaty="1" image="thin.blackbox.border.bottom.right"/>
  <layer id="bordertop"    x="2"  y="0"  w="-4" relatw="1" image="thin.blackbox.border.top"/>
  <layer id="borderbottom" x="2"  y="-2" w="-4" relaty="1" relatw="1" image="thin.blackbox.border.bottom"/>
  <layer id="borderleft"   x="0"  y="2"  h="-4" relath="1" image="thin.blackbox.border.left" />
  <layer id="borderright"  x="-2" y="2"  h="-4" relatx="1" relath="1" image="thin.blackbox.border.right" />
</groupdef>

<!-- Generic filled Blackbox thin frame -->
<groupdef id="thin.blackbox.filled" background="blackbox.background">
  <group id="thin.blackbox.empty" x="0" y="0" w="0" h="0" relatw="1" relath="1"/>
</groupdef>

<!-- Checkbox area redefinition -->
<groupdef id="wasabi.checkbox.group" h="18" autowidthsource="checkbox.text">
  <group
  id="wasabi.objectframe.group"
  x="0" y="0"
  w="13" h="13"
  />
  <layer
  id="checkbox.inside"
  x="0" y="0"
  image="wasabi.button.checkbox.inside"
  />
  <ToggleButton
  id="checkbox.toggle"
  x="0" y="0" 
  image="wasabi.button.checkbox"
  activeImage="wasabi.button.checkbox.pressed"
  rectrgn="1"
  />

  <Wasabi:Text 
  id="checkbox.text"
  default="ERROR"
  x="14" y="0"
  w="-14" h="14"
  relatw="1" wrap="1"
  />
</groupdef>

<!-- Radio Buttons area redefinition -->
<groupdef id="wasabi.radiobutton.group" h="18" autowidthsource="checkbox.text">
  <layer 
  id="radio.background"
  image="wasabi.button.radio.background"
  x="0" y="0"
  />
  <layer 
  id="radio.inside"
  image="wasabi.button.radio.inside"
  x="0" y="0"
  />
  <!-- not used
  <layer 
  id="radio.background.display"
  image="wasabi.button.radio.background.display"
  x="2" y="2"
  />
  -->
  <togglebutton
  id="checkbox.toggle"
  x="3" y="3" 
  image="wasabi.button.radio"
  activeImage="wasabi.button.radio.pressed"
  rectrgn="1"
  />
  <Wasabi:Text 
  id="checkbox.text"
  default="ERROR"
  x="13" y="0"
  w="-12" h="14"
  relatw="1" wrap="1"
  />
</groupdef>

<!-- Combo-box redefinition -->
<groupdef id="wasabi.combobox.main.group" inherit_group="wasabi.objectframe.group" embed_xui="combobox.edit">
  <Edit
  id="combobox.edit"
  x="0" y="0"
  w="-18" h="-2"
  relatw="1" relath="1"
  />
  <Wasabi:button
  id="combobox.button"
  x="-16" y="0"
  w="16" h="-2"
  relatx="1" relath="1"
  image="wasabi.button.label.arrow.down"
  center_image="1"
  />
</groupdef>

<groupdef id="wasabi.combobox.list.group" minimum_h="64" background="wasabi.dropdownlist.list.center">
  <grid
  id="combobox.grid"
  x="0" y="0"
  w="0" h="0"
  relatw="1" relath="1"
  topleft="wasabi.dropdownlist.list.top.left"
  top="wasabi.dropdownlist.list.top"
  topright="wasabi.dropdownlist.list.top.right"
  left="wasabi.dropdownlist.list.left"
  middle="wasabi.dropdownlist.list.center"
  right="wasabi.dropdownlist.list.right"
  bottomleft="wasabi.dropdownlist.list.bottom.left"
  bottom="wasabi.dropdownlist.list.bottom"
  bottomright="wasabi.dropdownlist.list.bottom.right"
  sysregion="1"
  />
  <list id="combobox.list" x="2" y="2" w="-4" h="-4" relatw="1" relath="1" />
  <layer x="0" y="-2" relaty="1" w="0" relatw="1" h="2" resize="bottom" />
</groupdef>

<!-- Dropwdown list redefinition -->
<groupdef id="wasabi.dropdownlist.main.group" inherit_group="wasabi.objectframe.group">
  <!--
  <Wasabi:Text 
  id="dropdownlist.text"
  x="3" y="3"
  w="-23" h="-6"
  relatw="1" relath="1"
  color="green"
  />
  -->
  <Wasabi:button
  id="dropdownlist.button"
  x="-18" y="1"
  w="17" h="-2"
  relatx="1" relath="1"
  image="wasabi.button.label.arrow.down"
  center_image="1"
   />
</groupdef>

<groupdef id="wasabi.dropdownlist.list.group" minimum_h="64" background="wasabi.dropdownlist.list.center">
  <grid
  id="dropdownlist.grid"
  x="0" y="0"
  w="0" h="0"
  relatw="1" relath="1"
  topleft="wasabi.dropdownlist.list.top.left"
  top="wasabi.dropdownlist.list.top"
  topright="wasabi.dropdownlist.list.top.right"
  left="wasabi.dropdownlist.list.left"
  middle="wasabi.dropdownlist.list.center"
  right="wasabi.dropdownlist.list.right"
  bottomleft="wasabi.dropdownlist.list.bottom.left"
  bottom="wasabi.dropdownlist.list.bottom"
  bottomright="wasabi.dropdownlist.list.bottom.right"
  sysregion="1"
  />
  <list id="dropdownlist.list" x="2" y="2" w="-4" h="-4" relatw="1" relath="1" />
  <layer x="0" y="-2" relaty="1" w="0" relatw="1" h="2" resize="bottom" />
</groupdef>

<!-- redfine inactive tabsheet for correct text color -->
<groupdef id="wasabi.tabsheet.button.unselected.group" h="25" autowidthsource="text">
  <Layer x="0" y="0" w="0" h="0" relatw="1" relath="1" renderbasetexture="1" />
  <Grid x="0" y="3" w="0" h="-3" relatw="1" relath="1"
  topleft =  "wasabi.tabsheet.button.shade.topleft"
  top =      "wasabi.tabsheet.button.shade.top"
  topright = "wasabi.tabsheet.button.shade.topright"
  left =     "wasabi.tabsheet.button.shade.left"
  middle =   "wasabi.tabsheet.button.shade.middle"
  right =    "wasabi.tabsheet.button.shade.right"
  />
  <Grid x="0" y="3" w="0" h="-3" relatw="1" relath="1"
  topleft =  "wasabi.tabsheet.button.topleft"
  top =      "wasabi.tabsheet.button.top"
  topright = "wasabi.tabsheet.button.topright"
  left =     "wasabi.tabsheet.button.left"
  right =    "wasabi.tabsheet.button.right"
  />
  <Layer x="0" y="-2" relaty="1" w="0" relatw="1" h="2" image="wasabi.tabsheet.button.bottom" />
  <text
  id="text" ticker="1"
  default="Inactive Tab" 
  x="5" y="9"
  w="-13" relatw="1" h="14"
  font="tahoma" fontsize="13"
  color="0,0,0"
  />
  <Layer id="mousetrap" x="0" y="0" w="0" h="0" relatw="1" relath="1" />
</groupdef>

<!-- Default Text Style -->
<groupdef id="wasabi.text.group" xuitag="Wasabi:Text" embed_xui="wasabi.text" h="12">
  <text
  x="0" y="0"
  w="0" h="0"
  relatw="1" relath="1"
  id="wasabi.text" font="Tahoma"
  color="black" fontsize="13"
  display="ERROR" wrap="1" valign="top"
  />
</groupdef>

<!-- Default Title Text Style -->
<groupdef id="wasabi.titlebox.center.group" h="13" autowidthsource="titlebox.text" >
  <text
  id="titlebox.text" 
  default="ERROR"
  x="0" y="-1"
  w="0" relatw="1" h="0" relath="1"
  font="Tahoma" fontsize="13"
  color="black" 
  />
</groupdef>

<!-- Statusbar redifintion: height relative to statusframe, color changed -->
<groupdef id="wasabi.statusbar" default_h="12">
  <group id="wasabi.objectframe.group" x="0" y="0" w="0" h="0" relatw="1" relath="1" />
  <!-- nonmodal progress bar -->
  <rect id="wasabi.statusbar.progress.outline" x="-95" relatx="1" y="2" w="92" h="-4" relath="1" filled="0" color="255,255,255" visible="0" />
  <rect id="wasabi.statusbar.progress.inside" x="-96" relatx="1" y="3" w="1" h="-6" relath="1" filled="1" color="0,0,128" visible="0" />
  <!-- text line -->
  <text id="wasabi.statusbar.text" x="6" y="1" w="-12" relatw="1" h="-1" relath="1" font="studio.component.statusbar" />
</groupdef>

<!-- Generic alpha-blended horizontal slider -->
<groupdef id="generic.hslider">
  <layer id="alpha.slider.horizontal.left"   x="0"  y="0" image="alpha.slider.horizontal.left"/>
  <layer id="alpha.slider.horizontal.middle" x="2"  y="0" w="-4" relatw="1" image="alpha.slider.horizontal.middle"/>
  <layer id="alpha.slider.horizontal.right"  x="-2" y="0" relatx="1" image="alpha.slider.horizontal.right"/>
</groupdef>
