<!-- WinPlain - player.xml file -->

<!-- Main Player Window -->

<elements>

  <!-- Player Backgrounds -->
    <bitmap id="player.lcd.background" file="images/lcd-bg.png" gammagroup="Backgrounds"/>
    <bitmap id="player.lcd.edge" file="images/lcd-edge.png" gammagroup="Backgrounds"/>
    <!-- Additional alpha-blended background bitmap for player -->
    <bitmap id="AlphaBG" file="images/alpha-bg.png" gammagroup="Backgrounds"/>
    
  <!-- Player Buttons -->
    <bitmap id="button.play"     file="images/playbuttons.png" gammagroup="Buttons" x="0"   y="0" w="46" h="44"/>
    <bitmap id="button.pause"    file="images/playbuttons.png" gammagroup="Buttons" x="46"  y="0" w="46" h="44"/>
    <bitmap id="button.stop"     file="images/playbuttons.png" gammagroup="Buttons" x="92"  y="0" w="46" h="44"/>
    <bitmap id="button.eject"    file="images/playbuttons.png" gammagroup="Buttons" x="138" y="0" w="46" h="44"/>
    <bitmap id="button.previous" file="images/playbuttons.png" gammagroup="Buttons" x="184" y="0" w="46" h="44"/>
    <bitmap id="button.5back"    file="images/seekbuttons.png" gammagroup="Buttons" x="0"   y="0" w="23" h="22"/>
    <bitmap id="button.5forward" file="images/seekbuttons.png" gammagroup="Buttons" x="23"  y="0" w="23" h="22"/>
    <bitmap id="button.next"     file="images/playbuttons.png" gammagroup="Buttons" x="322" y="0" w="46" h="44"/>
  
    <bitmap id="p.button.play"     file="images/playbuttons.png" gammagroup="Buttons" x="0"   y="44" w="46" h="44"/>
    <bitmap id="p.button.pause"    file="images/playbuttons.png" gammagroup="Buttons" x="46"  y="44" w="46" h="44"/>
    <bitmap id="p.button.stop"     file="images/playbuttons.png" gammagroup="Buttons" x="92"  y="44" w="46" h="44"/>
    <bitmap id="p.button.eject"    file="images/playbuttons.png" gammagroup="Buttons" x="138" y="44" w="46" h="44"/>
    <bitmap id="p.button.previous" file="images/playbuttons.png" gammagroup="Buttons" x="184" y="44" w="46" h="44"/>
    <bitmap id="p.button.5back"    file="images/seekbuttons.png" gammagroup="Buttons" x="0"   y="22" w="23" h="22"/>
    <bitmap id="p.button.5forward" file="images/seekbuttons.png" gammagroup="Buttons" x="23"  y="22" w="23" h="22"/>
    <bitmap id="p.button.next"     file="images/playbuttons.png" gammagroup="Buttons" x="322" y="44" w="46" h="44"/>

  <!-- Player Volume & Balance sliders -->
    <bitmap id="player.volume.bg"        file="images/volbarbg.png" gammagroup="Backgrounds"/>
    <bitmap id="player.seeker.bg"        file="images/posbarbg.png" gammagroup="Backgrounds"/>
    <bitmap id="player.button.volume"   file="images/volbar.png" gammagroup="Buttons" x="0"  y="0" w="28" h="18"/>
    <bitmap id="p.player.button.volume" file="images/volbar.png" gammagroup="Buttons" x="28" y="0" w="28" h="18"/>
    <bitmap id="player.button.balance"   file="images/balbar.png" gammagroup="Buttons" x="0"  y="0" w="28" h="18"/>
    <bitmap id="p.player.button.balance" file="images/balbar.png" gammagroup="Buttons" x="28" y="0" w="28" h="18"/>
    <bitmap id="player.button.seek"     file="images/posbar.png" gammagroup="Buttons" x="0"  y="0" w="58" h="20"/>
    <bitmap id="p.player.button.seek"   file="images/posbar.png" gammagroup="Buttons" x="58" y="0" w="58" h="20"/>

  <!-- Player Status Icons -->
    <bitmap id="player.status.play"  file="images/playpausestop.png" x="0"  y="0" h="18" w="18"/>
    <bitmap id="player.status.pause" file="images/playpausestop.png" x="18" y="0" h="18" w="18"/>
    <bitmap id="player.status.stop"  file="images/playpausestop.png" x="36" y="0" h="18" w="18"/>

  <!-- Player Window Buttons -->
    <bitmap id="d.player.switch.thinger" file="images/th-button.png" gammagroup="Buttons" x="0" y="0"  w="40" h="26"/>
    <bitmap id="p.player.switch.thinger" file="images/th-button.png" gammagroup="Buttons" x="0" y="26" w="40" h="26"/>
    <bitmap id="player.switch.thinger"   file="images/th-button.png" gammagroup="Buttons" x="0" y="52" w="40" h="26"/>
  
    <bitmap id="d.player.switch.eq"      file="images/eq-button.png" gammagroup="Buttons" x="0" y="0"  w="40" h="26"/>
    <bitmap id="p.player.switch.eq"      file="images/eq-button.png" gammagroup="Buttons" x="0" y="26" w="40" h="26"/>
    <bitmap id="player.switch.eq"        file="images/eq-button.png" gammagroup="Buttons" x="0" y="52" w="40" h="26"/>
  
    <bitmap id="d.player.switch.pl"      file="images/pl-button.png" gammagroup="Buttons" x="0" y="0"  w="40" h="26"/>
    <bitmap id="p.player.switch.pl"      file="images/pl-button.png" gammagroup="Buttons" x="0" y="26" w="40" h="26"/>
    <bitmap id="player.switch.pl"        file="images/pl-button.png" gammagroup="Buttons" x="0" y="52" w="40" h="26"/>
  
    <bitmap id="d.player.switch.ml"      file="images/ml-button.png" gammagroup="Buttons" x="0" y="0"  w="40" h="26"/>
    <bitmap id="p.player.switch.ml"      file="images/ml-button.png" gammagroup="Buttons" x="0" y="26" w="40" h="26"/>
    <bitmap id="player.switch.ml"        file="images/ml-button.png" gammagroup="Buttons" x="0" y="52" w="40" h="26"/>

    <bitmap id="d.player.colortheme"     file="images/ct-button.png" gammagroup="Buttons" x="0" y="0"   w="28" h="26"/>
    <bitmap id="p.player.colortheme"     file="images/ct-button.png" gammagroup="Buttons" x="0" y="26"  w="28" h="26"/>
    <bitmap id="player.colortheme"       file="images/ct-button.png" gammagroup="Buttons" x="0" y="52"  w="28" h="26"/>

  <!-- Player Status Toggles -->
    <bitmap id="d.player.toggler.crossfade" file="images/xfade-button.png" gammagroup="Buttons" x="0" y="0"  w="69" h="28"/>
    <bitmap id="p.player.toggler.crossfade" file="images/xfade-button.png" gammagroup="Buttons" x="0" y="30" w="69" h="28"/>
    <bitmap id="player.toggler.crossfade"   file="images/xfade-button.png" gammagroup="Buttons" x="0" y="60" w="69" h="28"/>
  
    <bitmap id="d.player.toggler.shuffle" file="images/shuffle-button.png" gammagroup="Buttons" x="0" y="0"  w="84" h="28"/>
    <bitmap id="p.player.toggler.shuffle" file="images/shuffle-button.png" gammagroup="Buttons" x="0" y="30" w="84" h="28"/>
    <bitmap id="player.toggler.shuffle"   file="images/shuffle-button.png" gammagroup="Buttons" x="0" y="60" w="84" h="28"/>
  
    <bitmap id="d.player.toggler.repeat" file="images/rpt-button.png" gammagroup="Buttons" x="0" y="0"  w="44" h="28"/>
    <bitmap id="p.player.toggler.repeat" file="images/rpt-button.png" gammagroup="Buttons" x="0" y="30" w="44" h="28"/>
    <bitmap id="player.toggler.repeat"   file="images/rpt-button.png" gammagroup="Buttons" x="0" y="60" w="44" h="28"/>

  <!-- WinAmp Icon -->
    <bitmap id="player.button.winamp" file="images/winamp-icon.png" gammagroup="ackgrounds"/>
    <bitmap id="player.button.winamp.bg" file="images/winamp-icon-bg.png" gammagroup="ackgrounds"/>

  <!-- WindowShade Player Status Icons -->
    <bitmap id="player.shade.status.play"  file="images/playpausestop-shade.png" x="0"  y="0" h="14" w="14"/>
    <bitmap id="player.shade.status.pause" file="images/playpausestop-shade.png" x="14" y="0" h="14" w="14"/>
    <bitmap id="player.shade.status.stop"  file="images/playpausestop-shade.png" x="28" y="0" h="14" w="14"/>
    
    <bitmap id="player.maxshade.status.play"  file="images/playpausestop-maxshade.png" x="0"  y="0" h="9" w="9"/>
    <bitmap id="player.maxshade.status.pause" file="images/playpausestop-maxshade.png" x="9"  y="0" h="9" w="9"/>
    <bitmap id="player.maxshade.status.stop"  file="images/playpausestop-maxshade.png" x="18" y="0" h="9" w="9"/>
  
    <bitmap id="shade.playgroup.bg" file="images/mini-playbar.png"/>
    <bitmap id="maxshade.playgroup.bg" file="images/playbar-maxshade.png"/>
    <bitmap id="player.shade.background" file="images/shade-bg.png"/>
  
    <bitmap id="player.shade.button.seek"   file="images/shade-seekbutton.png" x="0"  y="0" w="15" h="8"/>
    <bitmap id="p.player.shade.button.seek" file="images/shade-seekbutton.png" x="15" y="0" w="15" h="8"/>

  <!-- Mini Player Window Elements -->

  <!-- Fonts -->
    <bitmapfont id="mini.player.digits" file="images.lores/timefont.png" charwidth="9" charheight="13" hspacing="1" vspacing="1" gammagroup="Font"/>
    <bitmapfont id="mini.songfont"      file="images.lores/biggerfont.png"  charwidth="6" charheight="7"  hspacing="0" vspacing="0" gammagroup="Font"/>

  <!-- Player Backgrounds -->
    <bitmap id="mini.player.lcd.background" file="images.lores/lcd-bg.png" gammagroup="Backgrounds"/>
    <bitmap id="mini.player.lcd.edge" file="images.lores/lcd-edge.png" gammagroup="Backgrounds"/>
    <!-- Additional alpha-blended background bitmap for player
    <bitmap id="mini.AlphaBG" file="images.lores/alpha-bg.png" gammagroup="Backgrounds"/>
    -->
  <!-- Player Buttons -->
    <bitmap id="mini.button.play"     file="images.lores/playbuttons.png" gammagroup="Buttons" x="0"   y="0" w="23" h="22"/>
    <bitmap id="mini.button.pause"    file="images.lores/playbuttons.png" gammagroup="Buttons" x="23"  y="0" w="23" h="22"/>
    <bitmap id="mini.button.stop"     file="images.lores/playbuttons.png" gammagroup="Buttons" x="46"  y="0" w="23" h="22"/>
    <bitmap id="mini.button.eject"    file="images.lores/playbuttons.png" gammagroup="Buttons" x="69"  y="0" w="23" h="22"/>
    <bitmap id="mini.button.previous" file="images.lores/playbuttons.png" gammagroup="Buttons" x="92"  y="0" w="23" h="22"/>
    <bitmap id="mini.button.5back"    file="images.lores/seekbuttons.png" gammagroup="Buttons" x="0"   y="0" w="12" h="11"/>
    <bitmap id="mini.button.5forward" file="images.lores/seekbuttons.png" gammagroup="Buttons" x="12"  y="0" w="12" h="11"/>
    <bitmap id="mini.button.next"     file="images.lores/playbuttons.png" gammagroup="Buttons" x="161" y="0" w="23" h="22"/>
  
    <bitmap id="mini.p.button.play"     file="images.lores/playbuttons.png" gammagroup="Buttons" x="0"   y="22" w="23" h="22"/>
    <bitmap id="mini.p.button.pause"    file="images.lores/playbuttons.png" gammagroup="Buttons" x="23"  y="22" w="23" h="22"/>
    <bitmap id="mini.p.button.stop"     file="images.lores/playbuttons.png" gammagroup="Buttons" x="46"  y="22" w="23" h="22"/>
    <bitmap id="mini.p.button.eject"    file="images.lores/playbuttons.png" gammagroup="Buttons" x="69"  y="22" w="23" h="22"/>
    <bitmap id="mini.p.button.previous" file="images.lores/playbuttons.png" gammagroup="Buttons" x="92"  y="22" w="23" h="22"/>
    <bitmap id="mini.p.button.5back"    file="images.lores/seekbuttons.png" gammagroup="Buttons" x="0"   y="11" w="12" h="11"/>
    <bitmap id="mini.p.button.5forward" file="images.lores/seekbuttons.png" gammagroup="Buttons" x="12"  y="11" w="12" h="11"/>
    <bitmap id="mini.p.button.next"     file="images.lores/playbuttons.png" gammagroup="Buttons" x="161" y="22" w="23" h="22"/>

  <!-- Player Volume & Balance sliders -->
    <bitmap id="mini.player.volume.bg"        file="images.lores/volbarbg.png"   gammagroup="Backgrounds"/>
    <bitmap id="mini.player.seeker.bg"        file="images.lores/posbarbg.png"   gammagroup="Backgrounds"/>
    <bitmap id="mini.player.button.volume"   file="images.lores/volbar.png" gammagroup="Buttons"  x="0"  y="0" w="14" h="9"/>
    <bitmap id="mini.p.player.button.volume" file="images.lores/volbar.png" gammagroup="Buttons"  x="14" y="0" w="14" h="9"/>
    <bitmap id="mini.player.button.balance"   file="images.lores/balbar.png" gammagroup="Buttons" x="0"  y="0" w="14" h="9"/>
    <bitmap id="mini.p.player.button.balance" file="images.lores/balbar.png" gammagroup="Buttons" x="14" y="0" w="14" h="9"/>
    <bitmap id="mini.player.button.seek"     file="images.lores/posbar.png" gammagroup="Buttons"  x="0"  y="0" w="29" h="10"/>
    <bitmap id="mini.p.player.button.seek"   file="images.lores/posbar.png" gammagroup="Buttons"  x="29" y="0" w="29" h="10"/>

  <!-- Player Status Icons -->
    <bitmap id="mini.player.status.play"  file="images.lores/playpausestop.png" x="0"  y="0" h="9" w="9"/>
    <bitmap id="mini.player.status.pause" file="images.lores/playpausestop.png" x="9"  y="0" h="9" w="9"/>
    <bitmap id="mini.player.status.stop"  file="images.lores/playpausestop.png" x="18" y="0" h="9" w="9"/>

  <!-- Player Window Buttons -->
    <bitmap id="mini.d.player.switch.thinger" file="images.lores/th-button.png" gammagroup="Buttons" x="0" y="0"  w="20" h="13"/>
    <bitmap id="mini.p.player.switch.thinger" file="images.lores/th-button.png" gammagroup="Buttons" x="0" y="13" w="20" h="13"/>
    <bitmap id="mini.player.switch.thinger"   file="images.lores/th-button.png" gammagroup="Buttons" x="0" y="26" w="20" h="13"/>
  
    <bitmap id="mini.d.player.switch.eq"      file="images.lores/eq-button.png" gammagroup="Buttons" x="0" y="0"  w="20" h="13"/>
    <bitmap id="mini.p.player.switch.eq"      file="images.lores/eq-button.png" gammagroup="Buttons" x="0" y="13" w="20" h="13"/>
    <bitmap id="mini.player.switch.eq"        file="images.lores/eq-button.png" gammagroup="Buttons" x="0" y="26" w="20" h="13"/>
  
    <bitmap id="mini.d.player.switch.pl"      file="images.lores/pl-button.png" gammagroup="Buttons" x="0" y="0"  w="20" h="13"/>
    <bitmap id="mini.p.player.switch.pl"      file="images.lores/pl-button.png" gammagroup="Buttons" x="0" y="13" w="20" h="13"/>
    <bitmap id="mini.player.switch.pl"        file="images.lores/pl-button.png" gammagroup="Buttons" x="0" y="26" w="20" h="13"/>
  
    <bitmap id="mini.d.player.switch.ml"      file="images.lores/ml-button.png" gammagroup="Buttons" x="0" y="0"  w="20" h="13"/>
    <bitmap id="mini.p.player.switch.ml"      file="images.lores/ml-button.png" gammagroup="Buttons" x="0" y="13" w="20" h="13"/>
    <bitmap id="mini.player.switch.ml"        file="images.lores/ml-button.png" gammagroup="Buttons" x="0" y="26" w="20" h="13"/>

    <bitmap id="mini.d.player.colortheme"     file="images.lores/ct-button.png" gammagroup="Buttons" x="0" y="0"   w="14" h="13"/>
    <bitmap id="mini.p.player.colortheme"     file="images.lores/ct-button.png" gammagroup="Buttons" x="0" y="13"  w="14" h="13"/>
    <bitmap id="mini.player.colortheme"       file="images.lores/ct-button.png" gammagroup="Buttons" x="0" y="26"  w="14" h="13"/>

  <!-- Player Status Toggles -->
    <bitmap id="mini.d.player.toggler.crossfade" file="images.lores/xfade-button.png" gammagroup="Buttons" x="0" y="0"  w="35" h="14"/>
    <bitmap id="mini.p.player.toggler.crossfade" file="images.lores/xfade-button.png" gammagroup="Buttons" x="0" y="15" w="35" h="14"/>
    <bitmap id="mini.player.toggler.crossfade"   file="images.lores/xfade-button.png" gammagroup="Buttons" x="0" y="30" w="35" h="14"/>
  
    <bitmap id="mini.d.player.toggler.shuffle" file="images.lores/shuffle-button.png" gammagroup="Buttons" x="0" y="0"  w="42" h="14"/>
    <bitmap id="mini.p.player.toggler.shuffle" file="images.lores/shuffle-button.png" gammagroup="Buttons" x="0" y="15" w="42" h="14"/>
    <bitmap id="mini.player.toggler.shuffle"   file="images.lores/shuffle-button.png" gammagroup="Buttons" x="0" y="30" w="42" h="14"/>
  
    <bitmap id="mini.d.player.toggler.repeat" file="images.lores/rpt-button.png" gammagroup="Buttons" x="0" y="0"  w="22" h="14"/>
    <bitmap id="mini.p.player.toggler.repeat" file="images.lores/rpt-button.png" gammagroup="Buttons" x="0" y="15" w="22" h="14"/>
    <bitmap id="mini.player.toggler.repeat"   file="images.lores/rpt-button.png" gammagroup="Buttons" x="0" y="30" w="22" h="14"/>

  <!-- WinAmp Icon -->
    <bitmap id="mini.player.button.winamp" file="images.lores/winamp-icon.png" gammagroup="ackgrounds"/>
    <bitmap id="mini.player.button.winamp.bg" file="images.lores/winamp-icon-bg.png" gammagroup="ackgrounds"/>

  <!-- Mini Resizer Icon -->
  <bitmap id="mini.player.button.resize" file="images.lores/resize.png" gammagroup="Backgrounds"/>

  <!-- Mini-Maxi Switch Icon -->
    <bitmap id="button.maxrestore"          file="images/max-restore.png" gammagroup="Buttons" x="0"  y="0" w="18" h="16"/>
    <bitmap id="button.maxrestore.pressed" file="images/max-restore.png" gammagroup="Buttons" x="18" y="0" w="18" h="16"/>

</elements>

<container id="main" name="WINAMP" default_x="0" default_y="0" default_visible="1">

  <!-- ************************* Unshaded Mode definitions ************************* -->

  <!-- Title Bar components shared by unshaded and normal windowshade mode -->
  <groupdef id="player.title.both" name="Winamp generic title">
    <!--
    <group id="wasabi.titlebar" x="6" y="5"  w="-12" h="22" relatw="1"/>
    -->
    <hideobject target="control"/>
    <button
    id="SystemMenu"
    action="SYSMENU"
    x="6" y="6"
    image="wasabi.button.appmenu"
    tooltip="System Menu"
    />
    <button
    id="ControlMenu"
    action="CONTROLMENU"
    x="-84" relatx="1" y="6"
    image="wasabi.button.sysmenu"
    downImage="wasabi.button.sysmenu.pressed"
    tooltip="Control Menu"
    />
    <button
    id="Minimize"
    action="MINIMIZE"
    x="-64" relatx="1" y="6"
    image="wasabi.button.minimize"
    downImage="wasabi.button.minimize.pressed"
    tooltip="Minimize Winamp"
    />
    <button
    id="Close"
    action="CLOSE"
    x="-24" relatx="1" y="6"
    image="wasabi.button.exit"
    downImage="wasabi.button.exit.pressed"
    tooltip="Exit Winamp"
    />
  </groupdef>
  
  <!-- Title Bar components for unshaded mode -->
  <groupdef id="player.title.normal" name="Normal Winamp title">  
    <group id="wasabi.titledframe" x="0" y="0" w="0" h="0" relatw="1" relath="1"/>
    <group id="player.title.both" x="0" y="0" w="0" h="0" relatw="1" relath="1"/>
    <layer
    id="toggletitle"
    dblClickAction="SWITCH;shade"
    x="24" y="4" w="-110" h="20" relatw="1"
    />
    <button id="shadewin"
    action="SWITCH" param="shade"
    x="-44" relatx="1" y="6"
    image="wasabi.button.shade"
    downImage="wasabi.button.shade.pressed"
    tooltip="Windowshade Mode"
    />
    <button id="miniwin"
    action="SWITCH" param="mini"
    x="-104" relatx="1" y="6"
    image="button.maxrestore"
    downImage="button.maxrestore.pressed"
    tooltip="Mini Window Mode"
    />
  </groupdef>
  
  <!-- Song File Information and Visualization Group Definition -->
  <groupdef id="player.normal.info" name="Winamp">
    <!-- LCD display background-->
    <layer id="backgroundleft"  x="4"   y="4"  w="162" h="84" image="blackbox.background"/> 
    <layer id="backgroundright" x="166" y="4"  w="-4" h="60" relatw="1" image="blackbox.background"/> 
    <layer id="lcd.bg" x="0" y="0" image="player.lcd.background"/>
    <layer id="bordertopleft"   x="0"   y="0"  image="blackbox.border.top.left"/> 
    <layer id="bordertopright"  x="-4"  y="0"  relatx="1" image="blackbox.border.top.right"/>
    <layer id="borderbottleft"  x="0"   y="88" image="blackbox.border.bottom.left" /> 
    <layer id="borderbottright" x="-4"  y="64" relatx="1" image="blackbox.border.bottom.right"/>
    <layer id="bordertop"       x="4"   y="0"  w="-8" relatw="1" image="blackbox.border.top"/>
    <layer id="borderbottom1"   x="4"   y="88" w="162" image="blackbox.border.bottom"/>
    <layer id="borderbottom2"   x="170" y="64" w="-174" relatw="1" image="blackbox.border.bottom"/>
    <layer id="borderbotedge1"  x="166" y="64" image="player.lcd.edge"/> 
    <layer id="borderbotedge2"  x="166" y="88" image="blackbox.border.bottom.right"/>
    <layer id="borderleft"      x="0"   y="4"  h="84" image="blackbox.border.left" />
    <layer id="borderright1"    x="166" y="68" h="20" image="blackbox.border.right" />
    <layer id="borderright2"    x="-4"  y="4"  h="60" relatx="1" image="blackbox.border.right" />
    <!-- Song Playing Time-->
    <text
    id="timer"
    display="time"
    x="42" y="11"
    w="125" h="31"
    font="player.digits" fontsize="21" align="right"
    />
    <!-- Song File Name-->
    <text
    id="songticker" ticker="1"
    display="songname" default="" showlen="1"
    x="174" y="11"
    w="-182" relatw="1" h="12"
    font="wasabi.font.default" fontsize="13"
    />
    <!-- Song File Information-->
    <text
    id="infoline" ticker="1"
    display="songinfo" default=""
    x="174" y="43"
    w="-182" relatw="1" h="12"
    font="wasabi.font.default" fontsize="12" ghost="1"
    />
    <!-- Playing Status-->
    <status
    id="status"
    x="10" y="17"
    w="18" h="18"
    stopBitmap="player.status.stop"
    playBitmap="player.status.play"
    pauseBitmap="player.status.pause"
    />
    <!-- Visualization -->
    <vis
    id="vis"    
    x="10" y="46"
    w="150" h="30"
    colorband16="255,128,0" 
    colorband15="255,136,0" 
    colorband14="255,145,0"  
    colorband13="255,153,0"  
    colorband12="255,162,0"  
    colorband11="255,170,0"  
    colorband10="255,179,0"  
    colorband9= "255,187,0" 
    colorband8= "255,196,0"  
    colorband7= "255,204,0"  
    colorband6= "255,213,0"  
    colorband5= "255,221,0"  
    colorband4= "255,230,0" 
    colorband3= "255,238,0" 
    colorband2= "255,247,0"  
    colorband1= "255,255,0"  
    colorbandpeak="255,196,0" 
    colorosc1="255,224,0" 
    colorosc2="255,200,0"  
    colorosc3="255,176,0"  
    colorosc4="255,152,0"  
    colorosc5="255,128,0" 
    />
  </groupdef>
  
  <!-- Playback Buttons Group Definition -->
  <groupdef id="player.normal.playbuttons" name="Player buttons">
    <button 
    id="Previous"
    action="PREV" 
    x="0" y="0" 
    image="button.previous" 
    DownImage="p.button.previous" 
    tooltip="Previous"
    />
    <button
      id="Play"
    action="PLAY"
    x="46" y="0"
    image="button.play"
    DownImage="p.button.play"
    tooltip="Play"
    />
    <button
    id="Pause"
    action="PAUSE"
    x="92" y="0"
    image="button.pause"
    DownImage="p.button.pause"
    tooltip="Pause"
    />
    <button
    id="Stop"
    action="STOP"
    x="138" y="0"
    image="button.stop"
    DownImage="p.button.stop"
    tooltip="Stop"
    />
    <button
    id="Next"
    action="NEXT"
    x="184" y="0"
    image="button.next"
    DownImage="p.button.next"
    tooltip="Next"
    />
    <button
    id="Eject"
    action="EJECT"
    x="230" y="0"
    image="button.eject"
    DownImage="p.button.eject"
    tooltip="Eject"
    />
  </groupdef>
  
  <!-- Slider (Seeker) -->
  <groupdef id="player.seekerslider" name="Seeker Slider">
    <layer id="player.seeker.bg" x="0" y="6" w="0" relatw="1" ghost="1" image="player.seeker.bg"/>
    <slider
    id="Seeker"
    action="SEEK"
    x="0" y="0"
    w="0" relatw="1" h="20"
    thumb="player.button.seek"
    downThumb="p.player.button.seek"
    tooltip="Seeker"
    />
  </groupdef>

  <!-- SeekButtons/Sliders (Seeker/balance) -->
  <groupdef id="player.seek_balance" name="Seeker Balance">
    <!-- Fast forward/Rewind Buttons -->
    <button
    id="5Back"
    action="REWIND_5S"
    x="0" y="0"
    image="button.5back"
    DownImage="p.button.5back"
    tooltip="Rewind 5 seconds"
    />
    <button
    id="5Forward"
    action="FFWD_5S"
    x="25" y="0"
    image="button.5forward"
    DownImage="p.button.5forward"
    tooltip="Fast forward 5 seconds"
    />
    <layer id="player.balance.bg" x="71" y="5" ghost="1" image="player.volume.bg"/>
    <slider
    id="balance"
    action="PAN"
    x="71" y="0"
    w="130" h="18"
    thumb="player.button.balance"
    downThumb="p.player.button.balance"
    tooltip="Balance"
    />
  </groupdef>
  
  <!-- Window Buttons (Volume/Thinger/Equalizer/Playlist/Media Lib) -->
  <groupdef id="player.vol_windowbuttons" name="Window Switching Buttons">
    <layer id="player.volume.bg" x="0" y="9" ghost="1" image="player.volume.bg"/>
    <slider
    id="volume"
    action="VOLUME"
    x="0" y="4"
    w="130" h="18"
    thumb="player.button.volume"
    downThumb="p.player.button.volume"
    tooltip="Volume"
    />
    <button
    id="Thinger"
    action="TOGGLE" param="thinger"
    x="-196" y="0" relatx="1"
    image="d.player.switch.thinger"
    downImage="p.player.switch.thinger"
    activeImage="player.switch.thinger"
    tooltip="Thinger"
    />
    <button
    id="eq"
    action="TOGGLE" param="eq"
    x="-154" y="0" relatx="1"
    image="d.player.switch.eq"
    downImage="p.player.switch.eq"
    activeImage="player.switch.eq"
    tooltip="Equalizer"
    />
    <button
    id="ml"
    action="TOGGLE" param="ml"
    x="-112" y="0" relatx="1"
    image="d.player.switch.ml"
    downImage="p.player.switch.ml"
    activeImage="player.switch.ml"
    tooltip="Media Library"
    />
    <button
    id="pl"
    action="TOGGLE" param="pledit"
    x="-70" y="0" relatx="1"
    image="d.player.switch.pl"
    downImage="p.player.switch.pl"
    activeImage="player.switch.pl"
    tooltip="Playlist Editor"
    />
    <button
    id="ListColorThemes"
    action="TOGGLE" param="ctlist"
    x="-28" y="0" relatx="1"
    image="d.player.colortheme"
    downImage="p.player.colortheme"
    activeImage="player.colortheme"
    tooltip="Show Colour Theme List"
    />
  </groupdef>

  <!-- Misc Buttons (Crossfade/Shuffle/Repeat) -->
  <groupdef id="player.playmode_buttons" name="Play Mode Buttons">
    <togglebutton
    id="Crossfade"
    x="0" y="6"
    image="d.player.toggler.crossfade"
    downImage="p.player.toggler.crossfade"
    activeImage="player.toggler.crossfade"
    tooltip="Toggle Crossfading Between Tracks"
    cfgattrib="{FC3EAF78-C66E-4ED2-A0AA-1494DFCC13FF};Enable crossfading"
    />
    <togglebutton
    id="Shuffle"
    x="71" y="6"
    image="d.player.toggler.shuffle"
    downImage="p.player.toggler.shuffle"
    activeImage="player.toggler.shuffle"
    tooltip="Toggle Playlist Shuffling"
    cfgattrib="{45F3F7C1-A6F3-4EE6-A15E-125E92FC3F8D};Shuffle"
    />
    <togglebutton
    id="Repeat"
    x="157" y="6"
    image="d.player.toggler.repeat"
    downImage="p.player.toggler.repeat"
    activeImage="player.toggler.repeat"
    tooltip="Toggle Playlist Repeating"
    cfgattrib="{45F3F7C1-A6F3-4EE6-A15E-125E92FC3F8D};Repeat"
    cfgval="2"
    />
  </groupdef>

 
  <layout id="normal" background="window.background" minimum_h="232" maximum_h="232" minimum_w="550" maximum_w="1100" default_w="550" default_h="232" droptarget="pldr" width="shade">
  
    <!-- Additional alpha-blended background layer for player 
    <layer id="AlphaBG" x="4" y="24" w="-8" h="-24" relatw="1" relath="1" image="AlphaBG"/>
    -->
    <group id="player.title.normal"       x="0"   y="0"   w="0" h="0" relatw="1" relath="1"/>
    <group id="player.normal.info"        x="15"  y="34"  w="-30" h="0" relatw="1" relath="1"/>
    <group id="player.vol_windowbuttons"  x="197" y="106" w="-212" relatw="1"/>
    <group id="player.seekerslider"       x="15"  y="140" w="-30" relatw="1" h="40" />
    <group id="player.seek_balance"       x="-253" y="168" relatx="1"/>
    <group id="player.playmode_buttons"   x="-253" y="186" relatx="1"/>
    <group id="player.normal.playbuttons" x="14"  y="176" />

    <!-- Resizer -->
    <layer
    id="Resizer"
    scale="bottomright"
    x="-18" relatx="1" y="-18" relaty="1"
    image="player.button.resize"
    />
    <!-- Winamp Logo -->
    <layer
    id="WinAmpBG"
    x="-43" relatx="1" y="-43" relaty="1"
    image="player.button.winamp.bg"
    />
    <button
    id="AboutBox"
    action="ABOUT"
    x="-42" relatx="1" y="-42" relaty="1"
    image="player.button.winamp"
    tooltip="About WinAmp..."
    />
    <script id="main" file="scripts/main.maki" />
    
  </layout>
  
  <!-- ************************* Normal Windowshade Mode definitions ************************* -->

  <!-- Title Bar components for normal windowshade mode -->
  <groupdef id="player.title.shade" name="Shaded Winamp title">
    <group id="wasabi.titledframe.notext" x="0" y="0" w="0" h="0" relatw="1" relath="1"/>
    <group id="player.title.both" x="0" y="0" w="0" h="0" relatw="1" relath="1"/>
    <layer
    id="toggletitle"
    dblClickAction="SWITCH;medshade"
    x="24" y="4" w="-110" h="20" relatw="1"
    />
    <button
    id="winshade"
    action="SWITCH" param="medshade"
    x="-44" relatx="1" y="6"
    image="wasabi.button.shade"
    downImage="wasabi.button.shade.pressed"
    tooltip="Windowshade Mode"
    />
    <button
    id="unshade"
    action="SWITCH" param="normal"
    x="-104" relatx="1" y="6"
    image="wasabi.button.unshade"
    downImage="wasabi.button.unshade.pressed"
    tooltip="Undo Windowshade Mode"
    />
  </groupdef>
  
  <!-- Song Information and Visualization Group Definition -->
  <groupdef id="player.shade.info" name="Winamp Song Info">
    <!-- LCD display background-->
    <layer
    id="lcd.shade.bg"
    x="0" y="1"
    image="player.shade.background"
    />
    <!-- Playing Status -->
    <status
    id="status.shade"
    x="7" y="3"
    w="14" h="14"
    stopBitmap="player.shade.status.stop"
    playBitmap="player.shade.status.play"
    pauseBitmap="player.shade.status.pause"
    />
    <button
    id="toggleplaypause"
    action="PAUSE"
    x="7" y="3" 
    w="14" h="14"
    />
  
    <!-- Song Playing Time-->
    <text
    id="timer"
    display="time"
    x="115" y="1"
    w="50" h="18"
    font="studio.component.statusbar" fontsize="13" align="right"
    />
    <!-- Song File Name
    <text id="songticker" ticker="1" display="songname" default="" showlen="1" x="202" y="11" w="305" h="12" font="wasabi.font.default" fontsize="13"  />
    -->
    <!-- Song File Information
    <text id="infoline" ticker="1" display="songinfo" default="" x="198" y="43" w="305" h="12" font="wasabi.font.default" fontsize="12" ghost="1"  />
    -->
  
    <!-- Visualization -->
    <vis
    id="vis"    
    x="37" y="2"
    w="70" h="16"
    colorband16="255,128,0" 
    colorband15="255,136,0" 
    colorband14="255,145,0"  
    colorband13="255,153,0"  
    colorband12="255,162,0"  
    colorband11="255,170,0"  
    colorband10="255,179,0"  
    colorband9= "255,187,0" 
    colorband8= "255,196,0"  
    colorband7= "255,204,0"  
    colorband6= "255,213,0"  
    colorband5= "255,221,0"  
    colorband4= "255,230,0" 
    colorband3= "255,238,0" 
    colorband2= "255,247,0"  
    colorband1= "255,255,0"  
    colorbandpeak="255,196,0" 
    colorosc1="255,224,0" 
    colorosc2="255,200,0"  
    colorosc3="255,176,0"  
    colorosc4="255,152,0"  
    colorosc5="255,128,0" 
    />
  </groupdef>
  
  <!-- Playback Seekbar Group Definition -->
  <groupdef id="player.shade.seekbar" name="Player Seekbar">  
    <group id="generic.hslider" x="0" y="2" w="0" relatw="1"/>
    <slider
    id="Seeker"
    action="SEEK"
    x="0" y="0"
    w="0" h="8" relatw="1"
    thumb="player.shade.button.seek"
    downThumb="p.player.shade.button.seek"
    tooltip="Seeker"
    />
  </groupdef>
  
  <!-- Playback Buttons Group Definition -->
  <groupdef id="player.shade.playbuttons" name="Player buttons">
    <layer
    id="shade.playgroup.bg"
    x="0" y="0"
    image="shade.playgroup.bg"
    />
    <button 
    id="Previous"
    action="PREV" 
    x="0" y="0" 
    w="10" h="13"
    tooltip="Previous"
    />
    <button
    id="Play"
    action="PLAY"
    x="18" y="0"
    w="8" h="13"
    tooltip="Play"
    />
    <button
    id="Pause"
    action="PAUSE"
    x="36" y="0"
    w="11" h="13"
    tooltip="Pause"
    />
    <button
    id="Stop"
    action="STOP"
    x="54" y="0"
    w="13" h="13"
    tooltip="Stop"
    />
    <button
    id="Next"
    action="NEXT"
    x="72" y="0"
    w="10" h="13"
    tooltip="Next"
    />
    <button
    id="Eject"
    action="EJECT"
    x="90" y="0"
    w="13" h="13"
    tooltip="Eject"
    />
  </groupdef>
  
  <layout id="shade" background="window.background" minimum_h="28" maximum_h="28" default_h="28" minimum_w="475" default_w="550" droptarget="pldr" width="maxshade">
  
    <group id="player.title.shade"       x="0"   y="0"  w="0" h="0" relatw="1" relath="1"/>
    <group id="player.shade.info"        x="33"  y="4"  w="0" h="0" relatw="1" relath="1"/>
    <group id="player.shade.playbuttons" x="216" y="8"  w="0" h="0" relatw="1" relath="1"/>
    <group id="player.shade.seekbar"     x="332" y="10" w="-449" h="8" relatw="1"/>
  
  </layout>
  
  <!-- ************************* Frameless Windowshade Mode definitions ************************* -->
  
  <groupdef id="player.title.medshade" name="Shaded Winamp title">    
    <group id="titlebar.noframe" x="0" y="0" w="0" h="0" relatw="1" relath="1"/> 
    <layer id="toggletitle" dblClickAction="SWITCH;maxshade" x="0" y="0" w="0" h="0" relatw="1" relath="1"/>
    <button
    id="unshade"
    action="SWITCH" param="normal"
    x="-40" relatx="1" y="2"
    image="wasabi.button.unshade"
    downImage="wasabi.button.unshade.pressed"
    tooltip="Undo Windowshade Mode"
    />
    <button
    id="winshade"
    action="SWITCH" param="maxshade"
    x="-20" relatx="1" y="2"
    image="wasabi.button.shade"
    downImage="wasabi.button.shade.pressed"
    tooltip="Windowshade Mode"
    />
  </groupdef>
  
  <layout id="medshade" background="window.background" minimum_h="20" maximum_h="20" default_h="20" minimum_w="420" default_w="420" droptarget="pldr" width="maxshade">
  
    <group id="player.title.medshade"    x="0"   y="0" w="0" h="0" relatw="1" relath="1"/>
    <group id="player.shade.info"        x="1"   y="0" w="0" h="0" relatw="1" relath="1"/>
    <group id="player.shade.playbuttons" x="183" y="4" w="0" h="0" relatw="1" relath="1"/>
    <group id="player.shade.seekbar"     x="300" y="6" w="-348" h="8" relatw="1"/>
  
  </layout>
  
  <!-- ************************* Mini Windowshade Mode definitions ************************* -->
  
  <groupdef id="player.title.maxshade" name="Shaded Winamp title">
    <group id="titlebar.noframe" x="0" y="0" w="0" h="0" relatw="1" relath="1"/> 
    <layer id="toggletitle" dblClickAction="SWITCH;normal" x="0" y="0" w="0" h="0" relatw="1" relath="1"/>
    <button
    id="winshade"
    action="SWITCH" param="normal"
    x="-20" relatx="1" y="3"
    image="button.unshade.flat"
    tooltip="Windowshade Mode"
    inactivealpha="0"  
    />
    <button
    id="winshade"
    action="SWITCH" param="normal"
    x="-20" relatx="1" y="3"
    image="button.unshade.flat.inactive"
    tooltip="Windowshade Mode"
    activealpha="0"  
    />
  </groupdef>
  
  <groupdef id="player.maxshade.info">
    <!-- Playing Status -->
    <status
    id="status.shade"
    x="7" y="3"
    w="14" h="14"
    stopBitmap="player.shade.status.stop"
    playBitmap="player.shade.status.play"
    pauseBitmap="player.shade.status.pause"
    />
    <button
    id="toggleplaypause"
    action="PAUSE"
    x="7" y="5" 
    w="9" h="9"
    />
      <!-- Song Playing Time-->
    <text
    id="timer"
    display="time"
    x="20" y="1"
    w="50" h="18"
    font="studio.component.statusbar" fontsize="13" align="right"
    />  
    
  </groupdef>
  
  <layout id="maxshade" background="window.background" minimum_h="20" maximum_h="20" default_h="20" minimum_w="215" maximum_w="215" default_w="215" droptarget="pldr" width="normal">
  
    <group id="player.title.maxshade"    x="0"  y="0" w="0" h="0" relatw="1" relath="1"/>
    <group id="player.maxshade.info"     x="1"  y="0" w="0" h="0" relatw="1" relath="1"/>
    <group id="player.shade.playbuttons" x="83" y="4" w="0" h="0" relatw="1" relath="1"/>
  
  </layout>

  <!-- ************************* Mini Mode definitions ************************* -->

  <!-- Title Bar components for unshaded mode -->
  <groupdef id="mini.player.title.normal" name="Normal Winamp title">  
    <group id="wasabi.titledframe" x="0" y="0" w="0" h="0" relatw="1" relath="1"/>
    <group id="player.title.both" x="0" y="0" w="0" h="0" relatw="1" relath="1"/>
    <layer
    id="toggletitle"
    dblClickAction="SWITCH;minimaxshade"
    x="24" y="4" w="-110" h="20" relatw="1"
    />
    <button id="shadewin"
    action="SWITCH" param="minimaxshade"
    x="-44" relatx="1" y="6"
    image="wasabi.button.shade"
    downImage="wasabi.button.shade.pressed"
    tooltip="Windowshade Mode"
    />
  </groupdef>
  
  <!-- Song File Information and Visualization Group Definition -->
  <groupdef id="mini.player.normal.info" name="Winamp">
    <!-- LCD display background
    <layer id="lcd.bg" x="0" y="0" image="mini.player.lcd.background"/>
    -->
    <!-- LCD display background-->
    <layer id="backgroundleft"  x="2"  y="2"  w="81" h="42" image="blackbox.background"/> 
    <layer id="backgroundright" x="83" y="2"  w="-2" h="30" relatw="1" image="blackbox.background"/> 
    <layer id="lcd.bg" x="0" y="0" image="mini.player.lcd.background"/>
    <layer id="bordertopleft"   x="0"  y="0"  image="thin.blackbox.border.top.left"/> 
    <layer id="bordertopright"  x="-2" y="0"  relatx="1" image="thin.blackbox.border.top.right"/>
    <layer id="borderbottleft"  x="0"  y="44" image="thin.blackbox.border.bottom.left" /> 
    <layer id="borderbottright" x="-2" y="32" relatx="1" image="thin.blackbox.border.bottom.right"/>
    <layer id="bordertop"       x="2"  y="0"  w="-4" relatw="1" image="thin.blackbox.border.top"/>
    <layer id="borderbottom1"   x="2"  y="44" w="81" image="thin.blackbox.border.bottom"/>
    <layer id="borderbottom2"   x="85" y="32" w="-87" relatw="1" image="thin.blackbox.border.bottom"/>
    <layer id="borderbotedge1"  x="83" y="32" image="mini.player.lcd.edge"/> 
    <layer id="borderbotedge2"  x="83" y="44" image="thin.blackbox.border.bottom.right"/>
    <layer id="borderleft"      x="0"  y="2"  h="42" image="thin.blackbox.border.left" />
    <layer id="borderright1"    x="83" y="34" h="10" image="thin.blackbox.border.right" />
    <layer id="borderright2"    x="-2" y="2"  h="30" relatx="1" image="thin.blackbox.border.right" />
    <!-- Song Playing Time-->
    <text
    id="timer"
    display="time"
    x="20" y="5"
    w="62" h="15"
    font="mini.player.digits" fontsize="11" align="right"
    />
    <!-- Song File Name-->
    <text
    id="songticker" ticker="1"
    display="songname" default="" showlen="1"
    x="88" y="5"
    w="-91" h="7" relatw="1"
    font="mini.songfont" fontsize="13"
    />
    <!-- Song File Information-->
    <text
    id="infoline" ticker="1"
    display="songinfo" default=""
    x="88" y="21"
    w="-91" h="7" relatw="1"
    font="mini.songfont" fontsize="12" ghost="1"
    />
    <!-- Playing Status-->
    <status
    id="status"
    x="4" y="8"
    w="9" h="9"
    stopBitmap="mini.player.status.stop"
    playBitmap="mini.player.status.play"
    pauseBitmap="mini.player.status.pause"
    />
    <!-- Visualization -->
    <vis
    id="vis"    
    x="4" y="23"
    w="75" h="15"
    colorband16="255,128,0" 
    colorband15="255,136,0" 
    colorband14="255,145,0"  
    colorband13="255,153,0"  
    colorband12="255,162,0"  
    colorband11="255,170,0"  
    colorband10="255,179,0"  
    colorband9= "255,187,0" 
    colorband8= "255,196,0"  
    colorband7= "255,204,0"  
    colorband6= "255,213,0"  
    colorband5= "255,221,0"  
    colorband4= "255,230,0" 
    colorband3= "255,238,0" 
    colorband2= "255,247,0"  
    colorband1= "255,255,0"  
    colorbandpeak="255,196,0" 
    colorosc1="255,224,0" 
    colorosc2="255,200,0"  
    colorosc3="255,176,0"  
    colorosc4="255,152,0"  
    colorosc5="255,128,0" 
    />
  </groupdef>
  
  <!-- Playback Buttons Group Definition -->
  <groupdef id="mini.player.normal.playbuttons" name="Player buttons">
    <button 
    id="Previous"
    action="PREV" 
    x="0" y="0" 
    image="mini.button.previous" 
    DownImage="mini.p.button.previous" 
    tooltip="Previous"
    />
    <button
      id="Play"
    action="PLAY"
    x="23" y="0"
    image="mini.button.play"
    DownImage="mini.p.button.play"
    tooltip="Play"
    />
    <button
    id="Pause"
    action="PAUSE"
    x="46" y="0"
    image="mini.button.pause"
    DownImage="mini.p.button.pause"
    tooltip="Pause"
    />
    <button
    id="Stop"
    action="STOP"
    x="69" y="0"
    image="mini.button.stop"
    DownImage="mini.p.button.stop"
    tooltip="Stop"
    />
    <button
    id="Next"
    action="NEXT"
    x="92" y="0"
    image="mini.button.next"
    DownImage="mini.p.button.next"
    tooltip="Next"
    />
    <button
    id="Eject"
    action="EJECT"
    x="115" y="0"
    image="mini.button.eject"
    DownImage="mini.p.button.eject"
    tooltip="Eject"
    />
  </groupdef>
  
  <!-- Sliders (Seeker/balance) -->
  <groupdef id="mini.player.sliders" name="Player Sliders">
    <layer id="player.seeker.bg" x="0" y="19" ghost="1" image="mini.player.seeker.bg"/>
    <slider
    id="Seeker"
    action="SEEK"
    x="0" y="16"
    w="260" h="10"
    thumb="mini.player.button.seek"
    downThumb="mini.p.player.button.seek"
    tooltip="Seeker"
    />
    <layer id="player.balance.bg" x="173" y="33" ghost="1" image="mini.player.volume.bg"/>
    <slider
    id="balance"
    action="PAN"
    x="173" y="31"
    w="65" h="9"
    thumb="mini.player.button.balance"
    downThumb="mini.p.player.button.balance"
    tooltip="Balance"
    />
  </groupdef>
  
  <!-- Window Buttons (Volume/Thinger/Equalizer/Playlist/Media Lib) -->
  <groupdef id="mini.player.window.buttons" name="Window Switching Buttons">
    <layer id="player.volume.bg" x="29" y="4" ghost="1" image="mini.player.volume.bg"/>
    <slider
    id="volume"
    action="VOLUME"
    x="29" y="2"
    w="65" h="9"
    thumb="mini.player.button.volume"
    downThumb="mini.p.player.button.volume"
    tooltip="Volume"
    />
    <button
    id="Thinger"
    action="TOGGLE" param="thinger"
    x="100" y="0"
    image="mini.d.player.switch.thinger"
    downImage="mini.p.player.switch.thinger"
    activeImage="mini.player.switch.thinger"
    tooltip="Thinger"
    />
    <button
    id="eq"
    action="TOGGLE" param="eq"
    x="121" y="0"
    image="mini.d.player.switch.eq"
    downImage="mini.p.player.switch.eq"
    activeImage="mini.player.switch.eq"
    tooltip="Equalizer"
    />
    <button
    id="ml"
    action="TOGGLE" param="ml"
    x="142" y="0"
    image="mini.d.player.switch.ml"
    downImage="mini.p.player.switch.ml"
    activeImage="mini.player.switch.ml"
    tooltip="Media Library"
    />
    <button
    id="pl"
    action="TOGGLE" param="pledit"
    x="163" y="0"
    image="mini.d.player.switch.pl"
    downImage="mini.p.player.switch.pl"
    activeImage="mini.player.switch.pl"
    tooltip="Playlist Editor"
    />
    <button
    id="ListColorThemes"
    action="TOGGLE" param="ctlist"
    x="184" y="0"
    image="mini.d.player.colortheme"
    downImage="mini.p.player.colortheme"
    activeImage="mini.player.colortheme"
    tooltip="Show Colour Theme List"
    />
  </groupdef>
  
  <!-- Misc Buttons (Crossfade/Shuffle/Repeat) -->
  <groupdef id="mini.player.misc.buttons" name="Misc Buttons">
    <togglebutton
    id="Crossfade"
    x="0" y="3"
    image="mini.d.player.toggler.crossfade"
    downImage="mini.p.player.toggler.crossfade"
    activeImage="mini.player.toggler.crossfade"
    tooltip="Toggle Crossfading Between Tracks"
    cfgattrib="{FC3EAF78-C66E-4ED2-A0AA-1494DFCC13FF};Enable crossfading"
    />
    <togglebutton
    id="Shuffle"
    x="36" y="3"
    image="mini.d.player.toggler.shuffle"
    downImage="mini.p.player.toggler.shuffle"
    activeImage="mini.player.toggler.shuffle"
    tooltip="Toggle Playlist Shuffling"
    cfgattrib="{45F3F7C1-A6F3-4EE6-A15E-125E92FC3F8D};Shuffle"
    />
    <togglebutton
    id="Repeat"
    x="79" y="3"
    image="mini.d.player.toggler.repeat"
    downImage="mini.p.player.toggler.repeat"
    activeImage="mini.player.toggler.repeat"
    tooltip="Toggle Playlist Repeating"
    cfgattrib="{45F3F7C1-A6F3-4EE6-A15E-125E92FC3F8D};Repeat"
    cfgval="2"
    />
  </groupdef>
  
  <layout id="mini" background="window.background" minimum_h="123" maximum_h="123" default_h="123" minimum_w="275" maximum_w="550" default_w="275" droptarget="pldr" width="minimaxshade">
  
    <!-- Additional alpha-blended background layer for player
    <layer id="AlphaBG" x="4" y="4" w="-8" h="-8" relatw="1" relath="1" image="AlphaBG"/>
    -->
    <group id="mini.player.title.normal"       x="0"   y="0"  w="0" h="0" relatw="1" relath="1"/>
    <group id="mini.player.normal.info"        x="8"   y="27" w="-16" h="0" relatw="1" relath="1"/>
    <group id="mini.player.sliders"            x="8"   y="63" w="260" h="50" />
    <group id="mini.player.normal.playbuttons" x="7"   y="97" />
    <group id="mini.player.misc.buttons"       x="145" y="102" />
    <group id="mini.player.window.buttons"     x="70"  y="63" />

    <button id="miniwin"
    action="SWITCH" param="default"
    x="-104" relatx="1" y="6"
    image="button.maxrestore"
    downImage="button.maxrestore.pressed"
    tooltip="Normal Window Mode"
    />
    <!-- Fast forward/Rewind Buttons -->
    <button
    id="5Back"
    action="REWIND_5S"
    x="145" y="94"
    image="mini.button.5back"
    DownImage="mini.p.button.5back"
    tooltip="Rewind 5 seconds"
    />
    <button
    id="5Forward"
    action="FFWD_5S"
    x="158" y="94"
    image="mini.button.5forward"
    DownImage="mini.p.button.5forward"
    tooltip="Fast forward 5 seconds"
    />
    <!-- Resizer -->
    <layer
    id="Resizer"
    scale="bottomright"
    x="-10" relatx="1" y="-10" relaty="1"
    image="mini.player.button.resize"
    />
    <!-- Winamp Logo -->
    <layer
    id="WinAmpBG"
    x="-23" relatx="1" y="-23" relaty="1"
    image="mini.player.button.winamp.bg"
    />
    <button
    id="AboutBox"
    action="ABOUT"
    x="-22" relatx="1" y="-22" relaty="1"
    image="mini.player.button.winamp"
    tooltip="About WinAmp..."
    />

    <script id="main" file="scripts/main.maki" />
    
  </layout>

  <!-- ****************** Mini Shade definitions (=normal maxshade) ***************** -->

  <groupdef id="mini.player.title.maxshade" name="Shaded Winamp title">
    <group id="titlebar.noframe" x="0" y="0" w="0" h="0" relatw="1" relath="1"/> 
    <layer id="toggletitle" dblClickAction="SWITCH;mini" x="0" y="0" w="0" h="0" relatw="1" relath="1"/>
    <button
    id="winshade"
    action="SWITCH" param="mini"
    x="-20" relatx="1" y="3"
    image="button.unshade.flat"
    tooltip="Windowshade Mode"
    inactivealpha="0"  
    />
    <button
    id="winshade"
    action="SWITCH" param="mini"
    x="-20" relatx="1" y="3"
    image="button.unshade.flat.inactive"
    tooltip="Windowshade Mode"
    activealpha="0"  
    />
  </groupdef>

  <layout id="minimaxshade" background="window.background" minimum_h="20" maximum_h="20" default_h="20" minimum_w="215" maximum_w="215" default_w="215" droptarget="pldr" width="mini">
  
    <group id="mini.player.title.maxshade" x="0"  y="0" w="0" h="0" relatw="1" relath="1"/>
    <group id="player.maxshade.info"       x="1"  y="0" w="0" h="0" relatw="1" relath="1"/>
    <group id="player.shade.playbuttons"   x="83" y="4" w="0" h="0" relatw="1" relath="1"/>
  
  </layout>


</container>