<!-- WinPlain - plist.xml file -->

<!-- Playlist Windows -->

<elements>

  <bitmap id="pledit.dropind" file="images/drop-indicator.png" /> <!-- Drop indicator -->
  
</elements>

<container id="pledit" name="Playlist Editor" component="guid:{45F3F7C1-A6F3-4ee6-A15E-125E92FC3F8D}" default_x="0" default_y="232" default_visible="1">

  <!-- ************************* Unshaded Mode definitions ************************* -->

  <groupdef id="pledit.content.group" background="window.background">
    <component
    x="0" y="0" w="0" relatw="1" h="0" relath="1"
    noshowcmdbar="1"
    autoopen="1"
    autoclose="1"
    param="guid:{45F3F7C1-A6F3-4ee6-A15E-125E92FC3F8D}"
    />
  </groupdef>
  
  <layout id="normal" background="window.background" minimum_h="150" minimum_w="175" default_h="232" default_w="550" width="minshade">
    
    <Wasabi:StandardFrame:Status 
    x="0" y="0" w="0" h="0" relatw="1" relath="1" 
    content="pledit.content.group" 
    padtitleright="18" 
    shade="shade"
    />
    <layer
    id="toggletitle"
    dblClickAction="SWITCH;minshade"
    x="24" y="4" w="-70" h="20" relatw="1"
    />
    <button
    id="winshade" tooltip="Windowshade Mode"
    action="SWITCH" param="minshade"
    x="-44" relatx="1" y="6"
    image="wasabi.button.shade"
    downImage="wasabi.button.shade.pressed"
    />
  
  </layout>
  
  <!-- ************************* Alternate unshaded Mode definitions ************************* -->
  
  <groupdef id="pledit.minshade.title">
    <group id="wasabi.frame.layout" x="0" y="0" w="0" h="0" relatw="1" relath="1"/>
    <group id="titlebar.noframe"                          x="4" y="24" w="-8" h="-28" relatw="1" relath="1"/> 
    <layer id="toggletitle" dblClickAction="SWITCH;shade" x="4" y="24" w="-8" h="-28" relatw="1" relath="1"/>
    <button
    id="winshade" tooltip="Windowshade Mode"
    action="SWITCH" param="shade"
    x="-24" relatx="1" y="24"
    image="wasabi.button.shade"
    downImage="wasabi.button.shade.pressed"
    />  
    <button
    id="unshade" tooltip="Windowshade Mode"
    action="SWITCH" param="normal"
    x="-24" relatx="1" y="42"
    image="wasabi.button.unshade"
    downImage="wasabi.button.unshade.pressed"
    />  
  </groupdef>
  
  <groupdef id="pledit.minshade.content.group" background="window.background">  
    <component
    x="0" y="0" w="0" relatw="1" h="0" relath="1"
    noshowcmdbar="1"
    autoopen="1"
    autoclose="1"
    param="guid:{45F3F7C1-A6F3-4ee6-A15E-125E92FC3F8D}"
    />
  </groupdef>
  
  <layout id="minshade" background="window.background" minimum_h="68" default_h="116" minimum_w="250" default_w="550" width="shade">
  
    <group id="pledit.minshade.title" x="0" y="0" w="0" h="0" relatw="1" relath="1"/>
    <group id="pledit.minshade.content.group" x="27" y="6" w="-56" h="-12" relatw="1" relath="1"/>
  
  </layout>
  
  <!-- ************************* Normal Windowshade Mode definitions ************************* -->  
  
  <groupdef id="pledit.shade.title">  
    <group id="wasabi.frame.notext.layout" x="0" y="0" w="0" h="0" relatw="1" relath="1"/>
    <layer
    id="toggletitle"
    dblClickAction="SWITCH;medshade"
    x="26" y="6" w="-72" h="-12" relatw="1" relath="1"
    />
    <button
    id="winshade" tooltip="Windowshade Mode"
    action="SWITCH" param="medshade"
    x="-44" relatx="1" y="6"
    image="wasabi.button.shade"
    downImage="wasabi.button.shade.pressed"
    />
    <button
    id="unshade" tooltip="Windowshade Mode"
    action="SWITCH" param="normal"
    x="-64" relatx="1" y="6"
    image="wasabi.button.unshade"
    downImage="wasabi.button.unshade.pressed"
    />
  </groupdef>
  
  <groupdef id="pledit.shade.content.songdisplay">
    <text
    id="shadesongname" ticker="0"
    x="3" y="0" w="-52" h="8" relatw="1"
    display="songname" default="" showlen="0"
    nograb="1"
    font="studio.component.statusbar" fontsize="13" align="left"
    color="255,224,0"
    move="1"
    />
    <text 
    x="-48" y="0" relatx="1" h="8" w="48"
    display="songlength" 
    nograb="1"
    font="studio.component.statusbar" fontsize="13" align="right"
    color="255,224,0"
    move="1"
    />
  </groupdef>
  
  <layout id="shade" background="window.background" minimum_h="28" maximum_h="28" default_h="28" minimum_w="250" default_w="550" width="medshade">
  
    <group id="pledit.shade.title" x="0" y="0" w="0" h="0" relatw="1" relath="1"/>
    <group id="pledit.shade.content.songdisplay" x="26" y="10" w="-100" h="-12" relatw="1" relath="1"/>
    <layer 
    id="toggletitle"
    dblClickAction="SWITCH;medshade" 
    x="0" y="0" w="-67" h="0" relatw="1" relath="1"
    />

    
  </layout>
  
  <!-- ************************* Frameless Windowshade Mode definitions ************************* -->
  
  <groupdef id="pledit.medshade.title">  
    <group id="titlebar.noframe" x="0" y="0" w="0" h="0" relatw="1" relath="1"/> 
    <layer id="toggletitle" dblClickAction="SWITCH;maxshade" x="0" y="0" w="0" h="0" relatw="1" relath="1"/>
    <button
    id="winshade"
    action="SWITCH" param="maxshade"
    x="-20" relatx="1" y="2"
    image="wasabi.button.shade"
    downImage="wasabi.button.shade.pressed"
    tooltip="Windowshade Mode"
    />
    <button
    id="unshade" tooltip="Windowshade Mode"
    action="SWITCH" param="normal"
    x="-40" relatx="1" y="2"
    image="wasabi.button.unshade"
    downImage="wasabi.button.unshade.pressed"
    />  
  </groupdef>
  
  <layout id="medshade" background="window.background" minimum_h="20" maximum_h="20" default_h="20" minimum_w="420" maximum_w="420" default_w="420" width="maxshade">
  
    <group id="pledit.medshade.title" x="0" y="0" w="0" h="0" relatw="1" relath="1"/>
    <group id="pledit.shade.content.songdisplay" x="5" y="6" w="-55" h="0" relatw="1" relath="1"/>
    <layer 
    id="toggletitle"
    dblClickAction="SWITCH;maxshade" 
    x="0" y="0" w="-45" h="0" relatw="1" relath="1"
    />
    
  </layout>
  
  <!-- ************************* Mini Windowshade Mode definitions ************************* -->
  
  <groupdef id="pledit.maxshade.title">  
    <group id="titlebar.noframe" x="0" y="0" w="0" h="0" relatw="1" relath="1"/> 
    <layer id="toggletitle" dblClickAction="SWITCH;normal" x="0" y="0" w="0" h="0" relatw="1" relath="1"/>
    <button
    id="winshade"
    action="SWITCH" param="normal"
    x="-20" relatx="1" y="2"
    image="button.unshade.flat"
    tooltip="Windowshade Mode"
    />
  </groupdef>
  
  <groupdef id="pledit.maxshade.content.songdisplay">  
    <text
    id="shadesongname" ticker="0"
    x="3" y="0" w="0" h="8" relatw="1"
    display="songname" default="" showlen="0"
    dblClickAction="SWITCH;normal" 
    nograb="1"
    font="studio.component.statusbar" fontsize="13" align="left"
    color="255,224,0"
    move="1"
    />
  </groupdef>
  
  <layout id="maxshade" background="window.background" minimum_h="20" maximum_h="20" default_h="20" minimum_w="215" maximum_w="215" default_w="215" width="normal">
  
    <group id="pledit.maxshade.title" x="0" y="0" w="0" h="0" relatw="1" relath="1"/>
    <group id="pledit.maxshade.content.songdisplay" x="5" y="6" w="-30" h="0" relatw="1" relath="1"/>
  
  </layout>

</container>