<!-- WinPlain - thinger.xml file -->

<!-- Thinger bar -->

<elements>

  <bitmap id="thinger.button.right"   file="images/moveright.png" gammagroup="Buttons" x="0" y="0"  w="19" h="36"/>
  <bitmap id="p.thinger.button.right" file="images/moveright.png" gammagroup="Buttons" x="0" y="36" w="19" h="36"/>

  <bitmap id="thinger.button.left"   file="images/moveleft.png" gammagroup="Buttons" x="0" y="0"  w="19" h="36"/>
  <bitmap id="p.thinger.button.left" file="images/moveleft.png" gammagroup="Buttons" x="0" y="36" w="19" h="36"/>

  <bitmap id="mini.thinger.button.right"   file="images.lores/moveright.png" gammagroup="Buttons" x="0" y="0"  w="9" h="18"/>
  <bitmap id="mini.p.thinger.button.right" file="images.lores/moveright.png" gammagroup="Buttons" x="0" y="18" w="9" h="18"/>

  <bitmap id="mini.thinger.button.left"   file="images.lores/moveleft.png" gammagroup="Buttons" x="0" y="0"  w="9" h="18"/>
  <bitmap id="mini.p.thinger.button.left" file="images.lores/moveleft.png" gammagroup="Buttons" x="0" y="18" w="9" h="18"/>

</elements>

<container id="thinger" name="Thinger" default_x="0" default_y="0" default_visible="1">

  <groupdef id="thinger.content.group" background="window.background">
     <button
     id="ScrollLeft"
     action="CB_PREV"
     x="0" y="1"
     image="thinger.button.left"
     tooltip="Scroll Left"
     borders="1"
     center_image="1"
     />
     <button
     id="ScrollRight"
     action="CB_NEXT"
     x="-19" relatx="1" y="1"
     image="thinger.button.right"
     tooltip="Scroll Right"
     borders="1"
     center_image="1"       
     />
     <componentbucket
     id="Component list"
     x="19" y="1"
     w="-38" relatw="1" h="34"
     />
  </groupdef>

  <layout id="normal" background="window.background" default_h="93" default_w="334" maximum_h="93" minimum_h="93" minimum_w="106">

    <group id="wasabi.frame.layout"             x="0" y="0"  w="0" relatw="1" h="0" relath="1"/>
    <group id="blackbox.empty"                  x="5" y="26" w="-11" relatw="1" h="44" />
    <group id="thinger.content.group"           x="8" y="29" w="-18" h="37" relatw="1"/>
    <group id="thin.blackbox.filled"            x="5" y="72" w="-31" relatw="1" h="17"/>
    <text id="cbtext" display="componentbucket" x="9" y="74" w="-39" relatw="1" h="13" font="studio.component.statusbar"/>
    <layer id="Resizer" resize="bottomright" x="-18" relatx="1" y="-18" relaty="1" image="player.button.resize"/>
    <!--
    <layer id="ResizerL" resize="left" x="0" y="4" w="4" h="-18" relath="1"/>
    <layer id="ResizerR" resize="right" x="-4" relatx="1" y="4" w="4" h="-18" relath="1"/>
    -->
    <button id="miniwin"
    action="SWITCH" param="mini"
    x="-44" relatx="1" y="6"
    image="button.maxrestore"
    downImage="button.maxrestore.pressed"
    tooltip="Mini Window Mode"
    />
    
  </layout>

  <groupdef id="mini.thinger.content.group" background="window.background">
     <button
     id="ScrollLeft"
     action="CB_PREV"
     x="0" y="1"
     image="mini.thinger.button.left"
     tooltip="Scroll Left"
     borders="1"
     center_image="1"
     />
     <button
     id="ScrollRight"
     action="CB_NEXT"
     x="-9" relatx="1" y="1"
     image="mini.thinger.button.right"
     tooltip="Scroll Right"
     borders="1"
     center_image="1"       
     />
     <componentbucket
     id="Component list"
     x="9" y="1"
     w="-18" relatw="1" h="17"
     />
  </groupdef>

  <layout id="mini" background="window.background" default_h="70" maximum_h="70" minimum_h="70" default_w="180" minimum_w="80">

    <group id="wasabi.frame.layout"             x="0" y="0"  w="0" relatw="1" h="0" relath="1"/>
    <group id="blackbox.empty"                  x="4" y="26" w="-8" relatw="1" h="27" />
    <group id="mini.thinger.content.group"      x="7" y="29" w="-15" h="19" relatw="1"/>
    <group id="thin.blackbox.filled"            x="4" y="54" w="-19" relatw="1" h="13"/>
    <text id="cbtext" display="componentbucket" x="7" y="57" w="-25" relatw="1" h="7" font="mini.songfont"/>
    <layer id="Resizer" resize="bottomright" x="-10" relatx="1" y="-10" relaty="1" image="mini.player.button.resize"/>
    <!--
    <layer id="ResizerL" resize="left" x="0" y="4" w="4" h="-18" relath="1"/>
    <layer id="ResizerR" resize="right" x="-4" relatx="1" y="4" w="4" h="-18" relath="1"/>
    -->
    <button id="miniwin"
    action="SWITCH" param="normal"
    x="-44" relatx="1" y="6"
    image="button.maxrestore"
    downImage="button.maxrestore.pressed"
    tooltip="Normal Window Mode"
    />
    
  </layout>


</container>