<!-- WinPlain - windows.xml file -->

<!-- Wasabi Window, Title and Frame redefinition -->

<elements>

  <bitmap id="wasabi.frame.basetexture" file="images/gray-bg.png" gammagroup="Backgrounds" />
  <elementalias id="component.basetexture" target="wasabi.frame.basetexture" />
  <elementalias id="studio.basetexture" target="wasabi.frame.basetexture" />

  <bitmap id="wasabi.frame.top.left"  file="images/windowframes.png" x="0"  y="0"  h="15" w="15" gammagroup="Backgrounds"/>
  <bitmap id="wasabi.frame.top"       file="images/windowframes.png" x="11" y="0"  h="15" w="15" gammagroup="Backgrounds"/>
  <bitmap id="wasabi.frame.top.right" file="images/windowframes.png" x="21" y="0"  h="15" w="15" gammagroup="Backgrounds"/>
  <bitmap id="wasabi.frame.left"      file="images/windowframes.png" x="0"  y="15" h="15" w="5" gammagroup="Backgrounds"/>
  <bitmap id="wasabi.frame.right"     file="images/windowframes.png" x="31" y="15" h="15" w="5" gammagroup="Backgrounds"/>
  <bitmap id="wasabi.frame.bottom.left.top"     file="images/windowframes.png" x="0" y="32"  h="2" w="15" gammagroup="Backgrounds"/>
  <bitmap id="wasabi.frame.bottom.left"         file="images/windowframes.png" x="0" y="34"  h="1" w="15" gammagroup="Backgrounds"/>
  <bitmap id="wasabi.frame.bottom.left.bottom"  file="images/windowframes.png" x="0" y="35"  h="2" w="15" gammagroup="Backgrounds"/>
  <bitmap id="wasabi.frame.bottom.top"          file="images/windowframes.png" x="11" y="32" h="2" w="15" gammagroup="Backgrounds"/>
  <bitmap id="wasabi.frame.bottom"              file="images/windowframes.png" x="11" y="34" h="1" w="15" gammagroup="Backgrounds"/>
  <bitmap id="wasabi.frame.bottom.bottom"       file="images/windowframes.png" x="11" y="35" h="2" w="15" gammagroup="Backgrounds"/>
  <bitmap id="wasabi.frame.bottom.right.top"    file="images/windowframes.png" x="21" y="32" h="2" w="15" gammagroup="Backgrounds"/>
  <bitmap id="wasabi.frame.bottom.right"        file="images/windowframes.png" x="21" y="34" h="1" w="15" gammagroup="Backgrounds"/>
  <bitmap id="wasabi.frame.bottom.right.bottom" file="images/windowframes.png" x="21" y="35" h="2" w="15" gammagroup="Backgrounds"/>
  <!-- not used
  <bitmap id="wasabi.frame.status.left"  file="images/windowframes.png" x="0"  y="24" h="12" w="12"/>
  <bitmap id="wasabi.frame.status"       file="images/windowframes.png" x="11" y="24" h="12" w="12"/>
  <bitmap id="wasabi.frame.status.right" file="images/windowframes.png" x="24" y="24" h="12" w="12"/>
  -->
  <bitmap id="wasabi.frame.resizer" file="images/resize.png"/>
 
</elements>

<!-- 
  This file implements the following objects :

  - Wasabi:StandardFrame:Status
  - Wasabi:StandardFrame:NoStatus
  - Wasabi:StandardFrame:Modal
  - Wasabi:StandardFrame:Static

  Available parameters :

  padtitleleft  : resizes the title from the left by the specified amount of pixels
  padtitleright : resizes the title from the right by the specified amount of pixels
  content       : tells the object which group to instantiate in its client area

  This group serves as a template for all the Wasabi:StandardFrame objects 
-->

<!-- Simplified generic windowframe - no separation between status and nostatus -->
<groupdef id="wasabi.frame">
   <layer id="window.top.left"  x="0"   y="0"  image="wasabi.frame.top.left" resize="topleft" />
   <layer id="window.top"       x="15"  y="0"  w="-30" relatw="1" image="wasabi.frame.top" resize="top" />
   <layer id="window.top.right" x="-15" y="0"  relatx="1" image="wasabi.frame.top.right" resize="topright" />
   <layer id="window.left"      x="0"   y="15" h="0" relath="1" image="wasabi.frame.left" resize="left" />
   <layer id="window.right"     x="-5"  y="15" h="0" relatx="1" relath="1" image="wasabi.frame.right" resize="right" />
   <layer id="window.bottom.left.top"     x="0"   y="-5" relaty="1" image="wasabi.frame.bottom.left.top" resize="bottomleft" />
   <layer id="window.bottom.left"         x="0"   y="-3" h="1" relaty="1" image="wasabi.frame.bottom.left" resize="bottomleft" />
   <layer id="window.bottom.left.bottom"  x="0"   y="-2" relaty="1" image="wasabi.frame.bottom.left.bottom" resize="bottomleft" />
   <layer id="window.bottom.top"          x="15"  y="-5" w="-30" relatw="1" relaty="1" image="wasabi.frame.bottom.top" />
   <layer id="window.bottom"              x="15"  y="-3" w="-30" h="1" relatw="1" relaty="1" image="wasabi.frame.bottom" resize="bottom" />
   <layer id="window.bottom.bottom"       x="15"  y="-2" w="-30" relatw="1" relaty="1" image="wasabi.frame.bottom.bottom" resize="bottom" />
   <layer id="window.bottom.right.top"    x="-15" y="-5" relatx="1" relaty="1" image="wasabi.frame.bottom.right.top" resize="bottomright" />
   <layer id="window.bottom.right"        x="-15" y="-3" h="1" relatx="1" relaty="1" image="wasabi.frame.bottom.right" resize="bottomright" />
   <layer id="window.bottom.right.bottom" x="-15" y="-2" relatx="1" relaty="1" image="wasabi.frame.bottom.right.bottom" resize="bottomright" />
</groupdef>

<!-- Titlebar area redefinition: double height, single background -->
<groupdef id="wasabi.titlebar" xuitag="Wasabi:TitleBar" embed_xui="window.titlebar.title">
  <layer id="title.bg.left"   x="0" y="1" w="0" relatw="1" image="titlebar.bg.left"  inactiveAlpha="0"/> 
  <layer id="title.bg.right"  x="0" y="1" w="0" relatw="1" image="titlebar.bg.right" inactiveAlpha="0"/> 
  <layer id="ititle.bg.left"  x="0" y="1" w="0" relatw="1" image="ititlebar.bg.left"  activeAlpha="0"/> 
  <layer id="ititle.bg.right" x="0" y="1" w="0" relatw="1" image="ititlebar.bg.right" activeAlpha="0"/> 
  <text
  id="window.titlebar.title"
  x="20" y="1"
  w="-60" h="20" relatw="1"
  default=":componentname"
  font="studio.component.title"
  color="white" fontsize="16" bold="1"
  />
  <layer id="mousetrap" x="0" y="0" w="0" h="0" relatw="1" relath="1" move="1"/>
  <!-- this script centers the title text and adjusts it to text length 
  <script id="titlebar" file="scripts/titlebar.maki" param=";window.titlebar.title;" />
  -->
</groupdef>

<!-- additional Titlebar definition: reacts to focus, but no title text -->
<groupdef id="wasabi.titlebar.notext" xuitag="Wasabi:TitleBarNoText" embed_xui="window.titlebar.title">
  <layer id="title.bg.left"   x="0" y="1" w="0" relatw="1" image="titlebar.bg.left"  inactiveAlpha="0"/> 
  <layer id="title.bg.right"  x="0" y="1" w="0" relatw="1" image="titlebar.bg.right" inactiveAlpha="0"/> 
  <layer id="ititle.bg.left"  x="0" y="1" w="0" relatw="1" image="ititlebar.bg.left"  activeAlpha="0"/> 
  <layer id="ititle.bg.right" x="0" y="1" w="0" relatw="1" image="ititlebar.bg.right" activeAlpha="0"/> 
  <layer id="mousetrap" x="0" y="0" w="0" h="0" relatw="1" relath="1" move="1"/>
</groupdef>

<!-- generic frameless titlebar for frameless windowshade modes -->
<groupdef id="titlebar.noframe">
  <layer id="fltitle.bg.left"   x="0" y="0" w="0" h="0" relatw="1" relath="1" image="titlebar.bg.left"  inactiveAlpha="0"/> 
  <layer id="fltitle.bg.right"  x="0" y="0" w="0" h="0" relatw="1" relath="1" image="titlebar.bg.right" inactiveAlpha="0"/> 
  <layer id="flititle.bg.left"  x="0" y="0" w="0" h="0" relatw="1" relath="1" image="ititlebar.bg.left"  activeAlpha="0"/> 
  <layer id="flititle.bg.right" x="0" y="0" w="0" h="0" relatw="1" relath="1" image="ititlebar.bg.right" activeAlpha="0"/> 
</groupdef>

<!-- generic windowframe with simplified titlebar -->
<groupdef id="wasabi.titledframe">
   <group id="wasabi.frame" x="0" y="0" w="0" h="0" relatw="1" relath="1"/>
   <Wasabi:TitleBar id="wasabi.titlebar" x="4" y="3" w="-8" h="22" relatw="1" />
</groupdef>

<!-- generic windowframe with simplified titlebar, no title text -->
<groupdef id="wasabi.titledframe.notext">
   <group id="wasabi.frame" x="0" y="0" w="0" h="0" relatw="1" relath="1"/>
   <Wasabi:TitleBarNoText id="wasabi.titlebar.notext" x="4" y="3" w="-8" h="22" relatw="1" />
</groupdef>

<!-- Standard window layout with controlmenu- and close buttons -->
<groupdef id="wasabi.frame.layout">
   <group id="wasabi.titledframe" x="0" y="0" w="0" h="0" relatw="1" relath="1"/>
   <layer id="window.resize.disabler" x="5" y="5" w="-10" h="-10" relatw="1" relath="1"/>
   <LayoutStatus id="sysmenu.status" bg="0" x="5" y="3" w="14" h="9" includeonly="{system}" />
   <hideobject target="sysmenu.status"/>
   <button
   id="controlmenu"
   action="controlmenu"
   x="6" y="6"
   image="wasabi.button.sysmenu"
   downImage="wasabi.button.sysmenu.pressed"
   tooltip="Control Menu"
   />
   <button
   id="Close"
   action="CLOSE"
   x="-24" y="6"
   relatx="1"
   image="wasabi.button.close"
   downImage="wasabi.button.close.pressed"
   tooltip="Close Window"
   />
</groupdef>

<!-- Standard window layout with controlmenu- and close buttons, no title text -->
<groupdef id="wasabi.frame.notext.layout">
   <group id="wasabi.titledframe.notext" x="0" y="0" w="0" h="0" relatw="1" relath="1"/>
   <layer id="window.resize.disabler" x="5" y="5" w="-10" h="-10" relatw="1" relath="1"/>
   <LayoutStatus id="sysmenu.status" bg="0" x="5" y="3" w="14" h="9" includeonly="{system}" />
   <hideobject target="sysmenu.status"/>
   <button
   id="controlmenu"
   action="controlmenu"
   x="6" y="6"
   image="wasabi.button.sysmenu"
   downImage="wasabi.button.sysmenu.pressed"
   tooltip="Control Menu"
   />
   <button
   id="Close"
   action="CLOSE"
   x="-24" y="6"
   relatx="1"
   image="wasabi.button.close"
   downImage="wasabi.button.close.pressed"
   tooltip="Close Window"
   />
</groupdef>

<!-- <Wasabi:StandardFrame:Status /> implementation -->
<groupdef id="wasabi.standardframe.statusbar" background="wasabi.frame.basetexture" sysregion="1" xuitag="Wasabi:StandardFrame:Status">
  <group id="wasabi.frame.layout" x="0" y="0" w="0" relatw="1" h="0" relath="1"/>
  <layer id="window.resizer" x="-18" y="-18" relatx="1" relaty="1" image="wasabi.frame.resizer" resize="bottomright" scale="bottomright" />
  <LayoutStatus id="standardframe.layoutstatus" x="8" y="-24" relaty="1" w="-30" relatw="1" h="18" exclude="{system}" />
  <script id="standardframe.script" file="scripts/standardframe.maki" param="8,28,-16,-54,0,0,1,1" />
</groupdef>

<!-- <Wasabi:StandardFrame:NoStatus /> implementation -->
<groupdef id="wasabi.standardframe.nostatusbar" background="wasabi.frame.basetexture" sysregion="1" xuitag="Wasabi:StandardFrame:NoStatus">
  <group id="wasabi.frame.layout" x="0" y="0" w="0" h="0" relatw="1" relath="1"/>
  <script id="standardframe.script" file="scripts/standardframe.maki" param="10,30,-20,-40,0,0,1,1" />
</groupdef>

<!-- <Wasabi:StandardFrame:Modal /> implementation -->
<groupdef id="wasabi.standardframe.modal" inherit_group="wasabi.standardframe.nostatusbar" sysregion="1" xuitag="Wasabi:StandardFrame:Modal">
  <group id="wasabi.panel" x="5" y="25" w="-10" h="-30" relatw="1" relath="1"/>
  <hideobject target="sysmenu;sysmenu.inactive"/>
  <sendparams target="wasabi.titlebar" x="4" w="-8" relatw="1" />
  <sendparams target="window.top.left;window.top;window.top.right;window.left;window.right;window.bottom.left.top;window.bottom.left;window.bottom.left.bottom;window.bottom.top;window.bottom;window.bottom.bottom;window.bottom.right.top;window.bottom.right;window.bottom.right.bottom" resize="0" />
</groupdef>

<!-- <Wasabi:StandardFrame:Static /> implementation -->
<groupdef id="wasabi.standardframe.static" inherit_group="wasabi.standardframe.nostatusbar" sysregion="1" xuitag="Wasabi:StandardFrame:Static">
  <group id="wasabi.panel" x="5" y="25" w="-10" h="-30" relatw="1" relath="1"/>
  <sendparams target="window.top.left;window.top;window.top.right;window.left;window.right;window.bottom.left.top;window.bottom.left;window.bottom.left.bottom;window.bottom.top;window.bottom;window.bottom.bottom;window.bottom.right.top;window.bottom.right;window.bottom.right.bottom" resize="0" />
</groupdef>
