<?xml version="1.0" encoding="UTF-8" standalone="yes"?>

<WasabiXML version="1.2">
	<skininfo>
		<version>3.4</version>
		<name>Star Trek LCARS AMP PADD II</name>
		<comment>This is my first Winamp 3 skin REVAMPED for Winamp 5 -- it has come a long way.</comment>
		<author gaybag="yes">Jason Chiu</author>
		<email></email>
		<homepage>Goto FrisbeeMonkey\'s homepage instead! ==> frisbeemonkey.com</homepage>
		<screenshot>about/about.png</screenshot>
	</skininfo>
	<include file="xml/gamma-presets.xml"/>
  	<include file="xml/system-colors.xml"/>
	<include file="xml/studio.xml"/>
	<include file="xml/studio-colors.xml"/>
	<include file="xml/studio-elements.xml"/>
	<include file="standardframe/standardframe.xml"/>
	<include file="xml/fonts.xml"/>
	<include file="xml/checkbox.xml"/>
	<include file="xml/player.xml"/>
	<include file="xml/eq.xml"/>
	<include file="xml/pledit.xml"/>
	<include file="xml/ml.xml"/>
	<include file="xml/video.xml"/>
	<include file="xml/vis.xml"/>
	<include file="xml/colorthemes.xml"/>
	<include file="opensource_notifier/opensource_notifier.xml"/>
	<include file="about/about.xml"/>
	<scripts>
		<script id="init" file="scripts/init.maki"/>
		<script id="integ_drawers" file="scripts/integ_drawers.maki" />
		<script id="integ_drawers" file="scripts/integ_cdrawers.maki" />
		<script id="oldtimer" file="scripts/oldtimer.maki"/>
	</scripts>
	<groupdef id="skin.about.group" fitparent="1" rectrgn="1">
		<group id="about.content" fitparent="1"/>
		<script id="about.script" file="about/about.maki" param="3.4,06,10,2006"/>
		<!--param="version,mm,dd,yy"-->
	</groupdef>
</WasabiXML>
