<elements>
	<bitmap id="notifier.bg.left" file="opensource_notifier/notif-bg.png" x="0" y="0" w="40" h="80" gammagroup="Backgrounds"/>
	<bitmap id="notifier.bg.center" file="opensource_notifier/notif-bg.png" x="40" y="0" w="80" h="80" gammagroup="Backgrounds"/>
	<bitmap id="notifier.bg.right" file="opensource_notifier/notif-bg.png" x="120" y="0" w="40" h="80" gammagroup="Backgrounds"/>

	<bitmap id="notifier.shadow.left" file="opensource_notifier/notif-shadow.png" x="0" y="0" w="40" h="85"/>
	<bitmap id="notifier.shadow.center" file="opensource_notifier/notif-shadow.png" x="40" y="0" w="80" h="85"/>
	<bitmap id="notifier.shadow.right" file="opensource_notifier/notif-shadow.png" x="120" y="0" w="40" h="85"/>

	<color id="notifier.dark" value="white" gammagroup="Fonts" />
	<color id="notifier.bright" value="255,255,255" gammagroup="Fonts" />
</elements>

<groupdef id="notifier.text" sysregion="1" ghost="1">
	<text id="plentry" x="16" y="10" default="0/0" w="100" color="font.display.songticker" font="player.timer" fontsize="18" ghost="1"/>
	<text id="nexttrack" x="-120" y="12" w="102" relatw="1" align="right" default="Now Playing" color="font.display" font="player.tickerfont" forceuppercase="1" fontsize="14" ghost="1"/>

	<text id="title" x="16" y="28" w="-32" relatw="1" default="No Title" color="font.display.songticker" font="player.timer" fontsize="20" ghost="1"/>
	<text id="artist" x="16" y="44" w="-32" h="18" relatw="1" default="No Artist" color="font.display.songticker" font="player.tickerfont" fontsize="14" ghost="1"/>
	<text id="album" x="16" y="58" w="-32" h="12" relatw="1" default="No Album" color="font.display.songticker" font="player.tickerfont" fontsize="14" ghost="1"/>
</groupdef>


<container id="opensource_notifier" name="Notifier" dynamic="0" default_visible="0"  nomenu="1" nofocusapponclose="1">
	<layout id="normal" noparent="1" ontop="1" x="20" y="20" w="275" h="90" desktopalpha="1" forcealpha="1" noactivation="1" nodock="1" move="0">
		<!--browser id="browser.cdcover" x="16" y="7" w="65" h="65" scrollbars="never" url="file:///@SKINPATH@opensource_notifier\html\cdcover.html" /-->
		<!--grid id="shadow" left="notifier.shadow.left" middle="notifier.shadow.center" right="notifier.shadow.right" fitparent="1" sysregion="0" ghost="1" rectrgn="0" move="0" x="2" y="2"/-->
		<grid left="notifier.bg.left" middle="notifier.bg.center" right="notifier.bg.right" fitparent="1" sysregion="1" ghost="1" rectrgn="0" move="0"/>
		<group id="notifier.text" x="0" y="0" w="-0" relatw="1" h="-0" relath="1" move="0"/>

		<!--script file="opensource_notifier/cover.maki"/-->
	</layout>
</container>


<!--groupdef id="radio">
	<Wasabi:RadioGroup id="fadeorslide" />
	<Wasabi:CheckBox 
		id="radio.fade" x="0" y="0" w="90"
		text="Fading Effects" radioid="fadeorslide" radioval="1" rectrgn="1"
	/>
	<Wasabi:CheckBox 
		id="radio.slide" x="100" y="0" w="90"
		text="Sliding Effects" radioid="fadeorslide" radioval="0" rectrgn="1"
	/>
</groupdef>

<groupdef id="durations">
	<Wasabi:Text id="fadein.text" x="2" y="0" text="Fade-in Time ():"/>
	<Wasabi:HSlider id="fadein.slider" x="105" y="2" w="146" h="10" relatw="0" high="40"/>
	<Wasabi:Text id="stay.text" x="2" y="15" text="Hold Time ():"/>
	<Wasabi:HSlider id="stay.slider" x="105" y="17" w="146" h="10" relatw="0" high="40"/>
	<Wasabi:Text id="fadeout.text" x="2" y="30" text="Fade-out Time ():"/>
	<Wasabi:HSlider id="fadeout.slider" x="105" y="32" w="146" h="10" relatw="0" high="40"/>
</groupdef>

<groupdef id="frequency">
	<Wasabi:RadioGroup id="freq" />
	<Wasabi:CheckBox
		id="radio.show.always" x="0" y="0" w="90"
		text="Always" radioid="freq" radioval="1" rectrgn="1"
	/>
	<Wasabi:CheckBox
		id="radio.show.minimized" x="60" y="0" w="100"
		text="When Minimized" radioid="freq" radioval="0" rectrgn="1"
	/>
	<Wasabi:CheckBox
		id="radio.show.never" x="170" y="0" w="90"
		text="Never" radioid="freq" radioval="0" rectrgn="1"
	/>

	<Wasabi:CheckBox
		id="fullscreen" x="6" y="23"
		text="Disable in Video Fullscreen" rectrgn="1"
	/>
</groupdef>

<groupdef id="shadow">
	<Wasabi:Text id="shadow.opacity.zero" x="4" y="0" text="0%"/>
	<Wasabi:Text id="shadow.opacity.100" x="-32" y="0" relatx="1" text="100%"/>
	<Wasabi:HSlider id="shadow.slider" x="24" y="2" w="-58" h="10" relatw="1" />
	<layer fitparent="1" rectrgn="1" alpha="0" />
</groupdef>

<groupdef id="albums">
	<Wasabi:CheckBox
		id="cover" x="6" y="-2" 
		text="Show Album Cover (Requires Internet Connection)" rectrgn="1"
	/>
</groupdef>

<groupdef id="notifier.prefrences.content" >
	<Wasabi:TitleBox id="effects" x="0" y="0" w="-1" h="40" relatw="1" relath="0" title="Effects" content="radio" />
	<Wasabi:TitleBox id="durations" x="0" y="40" w="-1" h="69" relatw="1" relath="0" title="Durations" content="durations" />
	<Wasabi:TitleBox id="frequency" x="0" y="110" w="-1" h="65" relatw="1" relath="0" title="Frequency - Show Notifications" content="frequency" />
	<Wasabi:TitleBox id="shadow" x="0" y="175" w="-1" h="36" relatw="1" relath="0" title="Shadow Opacity" content="shadow" ghost="1" alpha="120"/>
	<Wasabi:TitleBox id="albums" x="0" y="220" w="-1" h="39" relatw="1" relath="0" title="Album Covers" content="albums" />
</groupdef>

<container id="opensource_notifier_prefs" name="Notifier" dynamic="0" default_visible="0" nomenu="0" nofocusapponclose="1">
	<layout id="normal" background="component.basetexture" minimum_w="310" minimum_h="330" maximum_w="310" maximum_h="330" default_w="310" default_h="330"-->
		<!--group id="wasabi.standardframe.nostatusbar" x="0" y="0" w="0" h="0" relatw="1" relath="1" content="notifier.prefrences.content" /-->
		<!--Wasabi:StandardFrame:EQ
			x="0" y="0" w="0" h="0" relatw="1" relath="1"
			content="notifier.prefrences.content"
		/>
	</layout>
</container-->

<script file="opensource_notifier/notifier.maki"/>
