<?xml version="1.0" encoding="UTF-8" standalone="yes"?>

<WinampAbstractionLayer version="0.8">
  <skininfo>
    <version>1.1</version>
    <name>Star Trek LCARS AMP PADD</name>
    <comment>
    	This is my first Winamp 3 skin.
    		Started: 2003.09.07
    		Completed: 2003.10.24
    		Hours Wasted: ~20 Hrs
    	Revisions:  Fixed the missing images; Widened the Thinger;
    	Thank God for open-source.
    	Used Sources:
    		FrisbeeMonkey for the following:
    			 - drawer, eq, bassslider, and trebleslider scripts
    			 - standardframe tutorial
			Thanks a million!    	  				
    		And lets not forget the guys at Nullsoft for their 
    		Winamp 3 tutorial skins - ComplexTutorial and SimpleTutorial.
    </comment>
    <author>JCOnline</author>
    <email></email>
    <homepage>Goto FrisbeeMonkey's page instead! ==> frisbeemonkey.com</homepage>
    <screenshot>screenshot.png</screenshot>
  </skininfo>
  <include file="xml/gamma-presets.xml"/>
  <include file="xml/studio.xml"/>
  <include file="xml/studio-colors.xml"/>
  <include file="xml/studio-elements.xml"/>
  <include file="xml/menu.xml"/>
  <include file="xml/standardframe.xml"/>  
  <include file="xml/player.xml"/>
  <include file="xml/pledit.xml"/>
  <include file="xml/video.xml"/>
  <scripts>
    <script id="integ_drawers" file="scripts/integ_drawers.maki" />
  	<script id="EQ" file="scripts/eq.maki"/>
  </scripts>
</WinampAbstractionLayer>