<?xml version="1.0" encoding="UTF-8" standalone="yes"?>

<WasabiXML version="1.2">

	<skininfo>
		<version>2.0</version>
		<name>Rectangular</name>
		<comment>First One. This skin was made for myself in the first place, but I hope others will like the slim and functional design too.</comment>
		<author>Thomas Michgelsen</author>
		<email>t.michgelsen@zonnet.nl</email>
		<homepage>http://www.winamp.com/skins/details.php?id=142143</homepage>
		<screenshot>images/about.png</screenshot>
	</skininfo>

	<include file="xml/elements.xml"/>
	<include file="xml/colors.xml"/>
	<include file="xml/player.xml"/>
	<include file="xml/eq.xml"/>
	<include file="xml/vu.xml"/>
	<include file="xml/standardframe.xml"/>
	<include file="xml/pledit.xml"/>
	<include file="xml/ml.xml"/>
	<include file="xml/video.xml"/>
	<include file="xml/avs.xml"/>
	<include file="xml/notifier.xml"/>
	<include file="xml/tooltips.xml"/>
	<include file="xml/about.xml"/>

	<scripts>
		<script id="omnibus" file="scripts/omnibus.maki"/>
	</scripts>

</WasabiXML>