<?xml version="1.0" encoding="UTF-8" standalone="yes"?>

<WinampAbstractionLayer version="1.0">
  <skininfo>
    <version>1.4</version>
    <name>WinPlain All Res</name>
    <comment>HiRes Adaption of the old WinAmp2 skin "WinPlain" (a Media Player look-alike), Special Feature: All elements redrawn at double size for optimum visibility in hi-res modes (>=1024x768)</comment>
    <author gaybag="lazybones">George Figerl</author>
    <screenshot>screenshot.png</screenshot>
  </skininfo>

  <include file="../Default/xml/studio.xml"/>
  <include file="xml/color-presets.xml"/>
  <include file="xml/colors.xml"/>
  <include file="xml/elements.xml"/>
  <include file="xml/windows.xml" />
  <include file="xml/player.xml"/>
  <include file="xml/plist.xml"/>
  <include file="xml/equalizer.xml"/>
  <include file="xml/thinger.xml"/>
  <include file="xml/library.xml"/>
  <include file="xml/ctlist.xml" />

</WinampAbstractionLayer>