<include file="system-elements.xml"/>
<include file="standardframe-elements.xml"/>

<!-- This is what controls the titlebar of each Component, you may adjust the position and attributes as you wish -->
<groupdef id="wasabi.titlebar" xuitag="Wasabi:TitleBar" embed_xui="window.titlebar.title">
	<text id="window.titlebar.title"
		x="42" y="-1" w="0" relatw="1"
		antialias="1" fontsize="28"
		font="component.title" forceuppercase="1"
		align="left"
		color="default-frame.color" inactiveAlpha="128"
		default=":componentname"
	/>
	<layer id="mousetrap" x="38" y="0" w="0" h="20" relatw="1" move="1"/>
<!-- This is where you would include titlebar.maki if you so desired -->
</groupdef>

<!-- This determines the top and middle of the Component-->
<groupdef id="wasabi.frame.layout" background="component.basetexture">

	<layer id="regiontopleft" x="0" y="0" image="component.region.top.left" sysregion="-2"/>
	<!--layer id="regiontop" x="18" y="0" w="-36" relatw="1" image="component.region.top" sysregion="-2"/-->
	<layer id="regiontopright" x="-8" y="0" relatx="1" image="component.region.top.right" sysregion="-2"/>
	<!--layer id="regionleft" x="0" y="18" h="-36" relath="1" image="component.region.left" sysregion="-2"/>
	<layer id="regionright" x="-1" y="18" relatx="1" h="-36" relath="1" image="component.region.right" sysregion="-2"/-->

	<layer id="component.top.left" x="0" y="0" image="component.top.left" resize="topleft"/>
	<layer id="component.top.middle" x="40" y="0" w="-58" relatw="1" image="component.top.middle" resize="top"/>
	<layer id="component.top.middle.right" x="147" y="0" w="-58" relatw="1" image="component.top.middle.right" resize="top"/>
	<layer id="component.top.bit" x="-149" y="0" relatx="1" image="component.top.bit" resize="top"/>
	<layer id="component.top.right" x="-58" y="0" relatx="1" image="component.top.right" resize="topright"/>

	<layer id="component.left" x="0" y="85" h="-70" relath="1" image="component.left" resize="left"/>
	<layer id="component.left.bit" x="0" y="119" image="component.left.bit" resize="left"/>
	<layer id="component.right" x="-5" y="49" h="-70" relatx="1" relath="1" image="component.right" resize="right"/>
	<layer id="component.right.bit" x="-5" y="120" relatx="1" image="component.right.bit" resize="right"/>

	<!-- This limits how much of the corners and edges can be dragged to resize, prevents it from covering Buttons, etc -->
	<layer id="window.resize.disabler" x="5" y="5" w="-10" h="-10" relatw="1" relath="1"/>

	<!-- These are are sample Buttons to demonstrate positioning -->
	<button 
		id="controlmenu"
		action="controlmenu" 
		x="16" y="6" 
		image="player.button.system.controlmenu" 
		hoverImage="player.button.system.controlmenu.hover"
		downImage="player.button.system.controlmenu.hover"
		tooltip="Control Menu"
	/>
    <button
      id="Close"
      action="CLOSE"
      x="-20" y="7" relatx="1"
      image="player.button.system.close"
      downImage="player.button.system.close.hover"
      hoverImage="player.button.system.close.hover"
      tooltip="Close"
 	  rectrgn="1"
    />
	<group id="wasabi.titlebar" x="0" y="0" w="-72" h="50" relatw="1"/>
</groupdef>

<!-- This determines the bottom of Components with Statusbars -->
<!-- Playlist Editor, Media Library, AVS, etc -->
<groupdef id="wasabi.standardframe.statusbar" background="wasabi.frame.basetexture" sysregion="1" xuitag="Wasabi:StandardFrame:Status">
	<layer id="regionbottomleft" x="0" y="-8" relaty="1" image="component.region.bottom.left" sysregion="-2"/>
	<!--layer id="regionbottom" x="18" y="-1" relaty="1" w="-36" relatw="1" image="component.region.bottom" sysregion="-2"/-->
	<layer id="regionbottomright" x="-18" y="-8" relatx="1" relaty="1" image="component.region.bottom.right" sysregion="-2"/>

	<group id="wasabi.frame.layout" x="0" y="0" w="0" relatw="1" h="0" relath="1"/>

	<layer id="component.bottom.left" x="0" y="-27" relaty="1" image="component.bottom.left" resize="bottomleft"/>
	<layer id="component.bottom.middle" x="34" y="-2" relaty="1" w="-40" relatw="1" image="component.bottom.middle" resize="bottom"/>
	<layer id="component.bottom.right" x="-40" relatx="1" y="-27" relaty="1" image="component.bottom.right" resize="bottomright"/>

	<!-- This determines the position and dimenstions of the Statusbar -->
	<LayoutStatus id="standardframe.layoutstatus" x="40" y="-23" relaty="1" w="-80" relatw="1" h="15" exclude="{system}" />

	<!-- The parameters of this script determine the position and size of the contents -->
	<script id="standardframe.script" file="scripts/standardframe.maki" param="15,43,-25,-70,0,0,1,1" />
</groupdef>


<!-- This determines the bottom of Components without Statusbars -->
<!-- Preferences, MessageBoxes, etc -->
<groupdef id="wasabi.standardframe.nostatusbar" background="wasabi.frame.basetexture" sysregion="1" xuitag="Wasabi:StandardFrame:NoStatus">
	<group id="wasabi.frame.layout" x="0" y="0" w="0" relatw="1" h="0" relath="1"/>

	<layer id="regionbottomleft" x="0" y="-8" relaty="1" image="component.region.bottom.left" sysregion="-2"/>
	<!--layer id="regionbottom" x="18" y="-1" relaty="1" w="-36" relatw="1" image="component.region.bottom" sysregion="-2"/-->
	<layer id="regionbottomright" x="-8" y="-8" relatx="1" relaty="1" image="component.region.bottom.right" sysregion="-2"/>

	<layer id="component.bottom.left" x="0" y="-27" relaty="1" image="component.bottom.left" resize="bottomleft"/>
	<layer id="component.bottom.middle" x="34" y="-2" relaty="1" w="-40" relatw="1" image="component.bottom.middle" resize="bottom"/>
	<layer id="component.bottom.right" x="-40" relatx="1" y="-27" relaty="1" image="component.bottom.right" resize="bottomright"/>

	<!-- The parameters of this script determine the position and size of the contents -->
	<script id="standardframe.script" file="scripts/standardframe.maki" param="15,28,-25,-35,0,0,1,1" />
</groupdef>

<!-- This further defines Components without Statusbars, namely Modal Windows -->
<!-- MessageBoxes, etc -->
<groupdef id="wasabi.standardframe.eq" inherit_group="wasabi.standardframe.nostatusbar" sysregion="1" xuitag="Wasabi:StandardFrame:EQ">
	<!-- This disables resizing on for windows that aren't to be resized -->
	<sendparams target="component.top.left;component.top.middle;component.top.middle.right;component.top.right;component.left;component.right;component.bottom.left;component.bottom.middle;component.bottom.right" resize="0"/>
</groupdef>

<!-- <Wasabi:CustomFrame:NoStatus /> implementation -->
<groupdef id="wasabi.mainframe.nostatusbar" background="wasabi.frame.basetexture" sysregion="1" xuitag="Wasabi:CustomFrame:NoStatus">
	<group id="wasabi.frame.layout" x="0" y="0" w="0" relatw="1" h="0" relath="1"/>
	<layer id="regionbottomleft" x="0" y="-8" relaty="1" image="component.region.bottom.left" sysregion="-2"/>
	<!--layer id="regionbottom" x="18" y="-1" relaty="1" w="-36" relatw="1" image="component.region.bottom" sysregion="-2"/-->
	<layer id="regionbottomright" x="-8" y="-8" relatx="1" relaty="1" image="component.region.bottom.right" sysregion="-2"/>
	<layer id="component2.bottom.left" x="0" y="-71" relaty="1" image="component2.bottom.left" resize="bottomleft"/>
	<layer id="component2.bottom.middle" x="34" y="-50" relaty="1" w="-171" relatw="1" image="component2.bottom.middle" resize="bottom"/>
	<layer id="component2.bottom.right" x="-137" relatx="1" y="-71" relaty="1" image="component2.bottom.right" resize="bottomright"/>
	<layer
		x="11" y="-50" relaty="1"
		h="19" w="200" relatw="0"
		image="frame.mask_black"
	/>
	<text
		default="STAR TREK LCARS AMP PADD II"
		x="13" y="-50" relaty="1"
		w="195" h="19"
		font="player.timer" color="default-frame.color" fontsize="33" align="right"
		antialias="1" forceuppercase="0" ghost="1" forcefixed="0"
	/>
	<!-- The parameters of this script determine the position and size of the contents -->
	<script id="standardframe.script" file="scripts/standardframe.maki" param="15,28,-25,-35,0,0,1,1" />
</groupdef>




<!-- This determines the top and middle of the Component-->
<groupdef id="wasabi.frame.layout2" background="component.basetexture">

	<layer id="regiontopleft" x="0" y="0" image="component.region.top.left" sysregion="-2"/>
	<layer id="regiontop" x="18" y="0" w="-36" relatw="1" image="component.region.top" sysregion="-2"/>
	<layer id="regiontopright" x="-8" y="0" relatx="1" image="component.region.top.right" sysregion="-2"/>

	<layer id="component.top.left" x="0" y="0" image="component.top.left" resize="topleft"/>
	<layer id="component.top.middle" x="40" y="0" w="-58" relatw="1" image="component.top.middle" resize="top"/>

	<layer id="component.top.right" x="-58" y="0" relatx="1" image="component.top.right" resize="topright"/>

	<layer id="component.left" x="0" y="85" h="-70" relath="1" image="component.left" resize="left"/>
	<layer id="component.left.bit" x="0" y="116" image="component.left.bit" resize="left"/>
	<layer id="component.right" x="-5" y="49" h="-70" relatx="1" relath="1" image="component.right" resize="right"/>
	<layer id="component.right.bit" x="-5" y="117" relatx="1" image="component.right.bit" resize="right"/>

	<!-- This limits how much of the corners and edges can be dragged to resize, prevents it from covering Buttons, etc -->
	<layer id="window.resize.disabler" x="5" y="5" w="-10" h="-10" relatw="1" relath="1"/>

	<!-- These are are sample Buttons to demonstrate positioning -->
	<button 
		id="controlmenu"
		action="controlmenu" 
		x="16" y="6" 
		image="player.button.system.controlmenu" 
		hoverImage="player.button.system.controlmenu.hover"
		downImage="player.button.system.controlmenu.hover"
		tooltip="Control Menu"
	/>
    <button
      id="Close"
      action="CLOSE"
      x="-20" y="7" relatx="1"
      image="player.button.system.close"
      downImage="player.button.system.close.hover"
      hoverImage="player.button.system.close.hover"
      tooltip="Close"
 	  rectrgn="1"
    />
	<group id="wasabi.titlebar" x="0" y="0" w="-72" h="50" relatw="1"/>
</groupdef>


<!-- This determines the bottom of Components without Statusbars -->
<!-- Preferences, MessageBoxes, etc -->
<groupdef id="wasabi.standardframe.nostatusbar2" background="wasabi.frame.basetexture" sysregion="1" xuitag="Wasabi:StandardFrame:NoStatus2">
	<group id="wasabi.frame.layout2" x="0" y="0" w="0" relatw="1" h="0" relath="1"/>
	<layer id="regionbottomleft" x="0" y="-8" relaty="1" image="component.region.bottom.left" sysregion="-2"/>
	<layer id="regionbottomright" x="-8" y="-8" relatx="1" relaty="1" image="component.region.bottom.right" sysregion="-2"/>
	<layer id="component.bottom.left" x="0" y="-27" relaty="1" image="component.bottom.left" resize="bottomleft"/>
	<layer id="component.bottom.middle" x="34" y="-2" relaty="1" w="-40" relatw="1" image="component.bottom.middle" resize="bottom"/>
	<layer id="component.bottom.right" x="-40" relatx="1" y="-27" relaty="1" image="component.bottom.right" resize="bottomright"/>
	<script id="standardframe.script" file="scripts/standardframe.maki" param="15,28,-25,-35,0,0,1,1" />
</groupdef>

<!-- This further defines Components without Statusbars, namely Modal Windows -->
<!-- MessageBoxes, etc -->
<groupdef id="wasabi.standardframe.modal" inherit_group="wasabi.standardframe.nostatusbar2" sysregion="1" xuitag="Wasabi:StandardFrame:Modal">
	<!-- This disables resizing on for windows that aren't to be resized -->
	<sendparams target="component.top.left;component.top.middle;component.top.middle.right;component.top.right;component.left;component.right;component.bottom.left;component.bottom.middle;component.bottom.right" resize="0"/>
</groupdef>


<!-- This further defines Components without Statusbars, namely Static Windows -->
<!-- Preferences, etc -->
<groupdef id="wasabi.standardframe.static" inherit_group="wasabi.standardframe.nostatusbar2" sysregion="1" xuitag="Wasabi:StandardFrame:Static">
	<!-- This disables resizing on for windows that aren't to be resized -->
	<sendparams target="component.top.left;component.top.middle;component.top.middle.right;component.top.right;component.left;component.right;component.bottom.left;component.bottom.middle;component.bottom.right" resize="0" />
</groupdef>
