<elements>
  	<truetypefont id="component.title" file="player/timer.ttf"/>
	<bitmap id="frame.mask_black" file="player/main_sliders_h.png" x="1" y="40" w="2" h="15" />

	<bitmap id="component.basetexture" file="standardframe/background.png"/>
	<!-- These are used to trim the corners -->
	<bitmap id="component.region.top.left" file="standardframe/region.png" x="0" y="0" w="8" h="8"/>
	<!--bitmap id="component.region.top" file="standardframe/region.png" x="0" y="0" w="0" h="0"/-->
	<bitmap id="component.region.top.right" file="standardframe/region.png" x="26" y="0" w="8" h="8"/>
	<!--bitmap id="component.region.left" file="standardframe/region.png" x="0" y="0" w="0" h="0"/-->
	<!--bitmap id="component.region.right" file="standardframe/region.png" x="0" y="0" w="0" h="0"/-->
	<bitmap id="component.region.bottom.left" file="standardframe/region.png" x="0" y="26" w="8" h="8"/>
	<!--bitmap id="component.region.bottom" file="standardframe/region.png" x="0" y="0" w="0" h="0"/-->
	<bitmap id="component.region.bottom.right" file="standardframe/region.png" x="26" y="26" w="8" h="8"/>

	<!-- These are the corners and edges of the standardframe [.bit h="21"]-->
	<bitmap id="component.top.left" file="standardframe/stdfrm.png" x="0" y="0" w="40" h="85" gammagroup="Backgrounds"/>
	<bitmap id="component.top.middle" file="standardframe/stdfrm.png" x="45" y="0" w="75" h="25" gammagroup="Backgrounds"/>
	<bitmap id="component.top.middle.right" file="standardframe/stdfrm.png" x="122" y="0" w="77" h="25" gammagroup="Backgrounds"/>
	<bitmap id="component.top.right" file="standardframe/stdfrm.png" x="292" y="0" w="58" h="49" gammagroup="Backgrounds"/>
	<bitmap id="component.top.bit" file="standardframe/stdfrm.png" x="201" y="0" w="91" h="49" gammagroup="Backgrounds"/>
	<bitmap id="component.left" file="standardframe/stdfrm.png" x="0" y="149" w="11" h="100" gammagroup="Backgrounds"/>
	<bitmap id="component.left.bit" file="standardframe/stdfrm.png" x="0" y="116" w="11" h="3" gammagroup="Backgrounds"/>
	<bitmap id="component.right" file="standardframe/stdfrm.png" x="345" y="157" w="5" h="100" gammagroup="Backgrounds"/>
	<bitmap id="component.right.bit" file="standardframe/stdfrm.png" x="345" y="116" w="5" h="3" gammagroup="Backgrounds"/>
	<bitmap id="component.bottom.left" file="standardframe/stdfrm.png" x="0" y="258" w="34" h="27" gammagroup="Backgrounds"/>
	<bitmap id="component.bottom.middle" file="standardframe/stdfrm.png" x="36" y="283" w="150" h="2" gammagroup="Backgrounds"/>
	<bitmap id="component.bottom.right" file="standardframe/stdfrm.png" x="310" y="258" w="40" h="27" gammagroup="Backgrounds"/>

	<!-- These are the bottom sides of the CustomFrame customframe-->
	<bitmap id="component2.bottom.left" file="standardframe/stdfrm.png" x="75" y="150" w="34" h="71" gammagroup="Backgrounds"/>
	<bitmap id="component2.bottom.middle" file="standardframe/stdfrm.png" x="118" y="171" w="6" h="50" gammagroup="Backgrounds"/>
	<bitmap id="component2.bottom.right" file="standardframe/stdfrm.png" x="137" y="150" w="137" h="71" gammagroup="Backgrounds"/>
</elements>